asn,count,cone,name
13445,28,4,Cisco Webex LLC
16839,28,0,"SERVICENOW, INC."
54113,27,52,"Fastly, Inc."
20940,26,250,Akamai International B.V.
45102,26,3,"Alibaba (US) Technology Co., Ltd."
55256,25,30,Netskope Inc
714,24,1,Apple Inc.
53766,24,1,Arista VeloCloud
15169,23,35,Google LLC
2906,23,4,Netflix Streaming Services Inc.
30103,23,1,"Zoom Video Communications, Inc"
12222,23,1,"Akamai Technologies, Inc."
15695,22,21,Expereo International BV
23344,22,1,"Disney Worldwide Services, Inc."
32590,22,0,Valve Corporation
10361,22,0,"Bloomberg, LP"
200596,22,0,Adyen N.V.
19679,22,0,"Dropbox, Inc."
398465,21,27,Rackdog LLC
1547,21,5,Interdnestrcom SZAO
132203,21,2,Tencent
35928,21,1,"BECKMAN COULTER, INC."
57976,21,1,"Blizzard Entertainment, Inc"
23576,21,1,NAVER Cloud Corp.
7473,20,289,Singapore Telecommunications Ltd
16509,20,170,"Amazon.com, Inc."
45430,20,51,SBN-IIG/AWN-IIG transit provider
6774,20,44,BICS (Belgacom)
42,20,34,"WoodyNet, Inc."
10122,20,17,NETSTAR (SG) PTE. LTD.
36351,20,11,IBM Cloud
8075,20,10,Microsoft Corporation
33353,20,7,Sony Interactive Entertainment LLC
32934,20,7,"Facebook, Inc."
36692,20,3,"Cisco OpenDNS, LLC"
6507,20,2,"Riot Games, Inc"
44444,20,1,Forcepoint UK Limited
39063,20,1,Leitwert GmbH
53813,20,1,"ZSCALER, INC."
60068,19,753,Datacamp Limited (CDN77 / DataPacket)
24429,19,226,Alibaba Cloud
3573,19,125,Accenture LLP
13150,19,24,CATO NETWORKS LTD
38040,19,20,TOT Public Company Limited
16552,19,3,Tiggee LLC
14630,19,0,"Invesco Group Services, Inc."
23764,18,945,China Telecom Global
54994,18,253,Meteverse Limited
57344,18,180,Telehouse EAD
31898,18,84,Oracle Cloud
7342,18,51,VeriSign Infrastructure & Operations
24875,18,45,NovoServe B.V.
14593,18,43,SpaceX Starlink
396986,18,23,"Bytedance, Inc. (TikTok)"
38082,18,23,"True International Gateway Co., Ltd."
8781,18,20,Ooredoo Q.S.C.
11019,18,10,"HAProxy Technologies, Inc."
211826,18,10,Istqrar for Servers Services Ltd
3360,18,6,DXC US Latin America Corporation
22697,18,2,Roblox
5091,18,1,"Stripe, Inc."
48237,18,1,"Etihad Etisalat, a joint stock company"
62044,18,1,Zscaler Switzerland GmbH
43009,18,0,Infobip Limited
54201,18,0,We Link Networks LLC
11179,18,0,"Aryaka Networks, Inc."
3303,17,9224,Swisscom (Schweiz) AG
2497,17,462,Internet Initiative Japan Inc.
702,17,186,Verizon Business - EMEA
199524,17,141,Gcore S.A.
8529,17,89,Zain Omantel International FZ-LLC
138915,17,86,Kaopu Cloud HK Limited
5400,17,65,British Telecommunications (International) 
139057,17,63,Legend Dynasty Pte. Ltd.
21433,17,63,Accenture UK Limited
4651,17,59,The Communications Authority of Thailand (CAT)
63199,17,34,"CDS Global Cloud Co., Ltd"
12189,17,24,PhoenixNAP LLC
136907,17,23,Huawei Cloud
12684,17,21,SES ASTRA S.A.
45489,17,16,Sri Lanka Telecom PLC
3300,17,14,British Telecommunications Limited
13984,17,9,SD Data Center
30012,17,9,"Universal Music Group, INC."
206264,17,5,Amarutu Technology Ltd
14127,17,4,Iland Internet Solutions Corporation
40934,17,2,Fortinet Inc.
34655,17,1,JWE S.a r.l.
19527,17,1,Google LLC (Google Cloud)
12888,17,1,Amadeus GmbH
12041,17,1,"Afilias, Inc."
40627,17,0,RingCentral Inc
51185,17,0,MainStreaming SpA
10780,17,0,"Pure Storage, INC."
19637,17,0,Avago Technologies U.S. Inc.
37721,16,57997,Virtual Technologies & Solutions
9002,16,46051,RETN Limited
4766,16,1302,Korea Telecom
21859,16,1256,Zenlayer Inc
19551,16,300,Incapsula Inc
2516,16,259,KDDI Corporation
139341,16,259,WeChat/QQ CDN
6204,16,177,INTERKVM HOST SRL
4788,16,148,TM Technology Services Sdn. Bhd.
2686,16,98,"AT&T Enterprises, LLC"
15412,16,96,Flag Telecom UK Limited
10099,16,93,China Unicom Global
4229,16,52,Zenlayer Inc
9658,16,48,"Eastern Telecommunications Philippines, Inc."
24940,16,37,Hetzner Online GmbH
7843,16,20,Charter Communications Inc
2603,16,20,NORDUnet
16265,16,13,LeaseWeb Network B.V.
7979,16,13,"Servers.com, Inc."
5769,16,13,Videotron Ltee
30081,16,6,CacheFly
202053,16,1,UpCloud Ltd
10794,16,1,"Bank of America, National Association"
39855,16,1,Mod Mission Critical LLC
64049,16,1,Reliance Jio Infocomm Pte. Ltd.
6128,16,1,Cablevision Systems Corp.
147049,16,1,PacketHub S.A.
63399,16,0,"Dialpad, Inc."
137922,16,0,IBOSS Inc.
400318,16,0,"Versa Networks, Inc."
22764,16,0,"Fluor Enterprises, Inc."
2635,16,0,"Automattic, Inc"
51154,16,0,pCloud AG
43996,16,0,Booking.com BV
9269,16,0,Hong Kong Broadband Network Ltd.
47583,16,0,Hostinger International Limited
26464,16,0,"Joyent, Inc."
6220,16,0,inContact Inc.
40339,16,0,Jump Trading LLC
14907,15,2913,Wikimedia Foundation Inc.
32787,15,2764,Akamai (Prolexic)
9304,15,2213,HGC Global Communications Limited
1257,15,1151,Tele2 Sverige AB
16276,15,470,OVH SAS
9009,15,193,M247 Europe SRL
52320,15,135,V.tal (GlobeNet)
4775,15,126,Globe Telecoms
3292,15,106,TDC Holding A/S
56630,15,102,Melbikomas UAB
15802,15,74,Emirates Integrated Telecommunications Company PJSC
39386,15,68,Saudi Telecom Company JSC
41095,15,59,IPTP LTD
8849,15,58,Melbikomas UAB
6667,15,39,Elisa Oyj
12654,15,35,RIPE NCC - RIS
45474,15,28,Nexusguard Pte. Ltd.
396356,15,26,Latitude.sh
61461,15,24,Airtek Solutions C.A.
15943,15,18,wilhelm.tel GmbH
14537,15,17,Continent 8 LLC
28663,15,16,FLYS INTERATIVA LTDA
8657,15,11,MEO International Backbone
21351,15,9,Canal + Telecom SAS
6823,15,7,3C1B Telekomunikasyon ve Internet Hiz. San. ve Tic. A.S.
13213,15,4,THG HOSTING LIMITED
14061,15,3,DigitalOcean LLC
12713,15,2,Ote SA (Hellenic Telecommunications Organisation)
14340,15,2,"Salesforce, Inc."
23154,15,2,Sanmina-SCI Corporation
36224,15,2,HCL AMERICA INC
60447,15,2,I NET BULGARIA EOOD
72,15,1,Schlumberger Limited
22616,15,1,"ZSCALER, INC."
13285,15,1,TalkTalk Communications Limited
15084,15,1,Concentrix CVG Corporation
109,15,0,"CISCO SYSTEMS, INC."
63949,15,0,Akamai (Linode)
14010,15,0,"Jack Henry & Associates, Inc."
11414,15,0,Nvidia Corporation
13631,15,0,CITADEL ENTERPRISE AMERICAS LLC
62041,15,0,Telegram Messenger - Europe
3614,15,0,"Dell, Inc."
205080,15,0,SITA
58453,14,2207,China Mobile International
37468,14,901,Angola Cables
577,14,719,Bell Canada
17557,14,203,Pakistan Telecommunication Company Limited
42473,14,80,Anexia Cloud Solutions GmbH
49981,14,40,WorldStream B.V.
45629,14,35,JasTel Network International Gateway
49127,14,31,Asimo Networks B.V.
10310,14,31,Yahoo Holdings Inc.
18450,14,23,"WebNX, Inc."
786,14,22,Jisc Services Limited
9505,14,22,Taiwan Internet Gateway
61599,14,17,EAI TELECOMUNICACOES LTDA
4058,14,13,CITIC Telecom International CPC Limited
8674,14,13,Netnod AB
25818,14,11,cmcnetworks
64050,14,11,BGP Network Limited
13101,14,9,TNG Stadtnetz GmbH
8560,14,9,IONOS SE
58807,14,9,China Mobile International Limited
262287,14,8,Latitude.sh LTDA
18001,14,8,Dialog Axiata PLC.
31083,14,8,Telepoint Ltd
7545,14,6,TPG Telecom Limited
131314,14,5,CBC Tech International Limited
62955,14,4,"eBay, Inc"
979,14,4,NetLab Global
5607,14,3,Sky UK
22995,14,3,Xplore Inc.
203724,14,3,Musarubra Germany GmbH
24812,14,3,RPC HomeNet Ltd.
18978,14,3,Enzu Inc
32035,14,3,Sangoma US Inc.
204720,14,1,GLOBAL CLOUD NETWORK LLC
4258,14,0,Accretive Networks
54253,14,0,Oracle Corporation
150436,14,0,Byteplus Pte. Ltd.
62597,14,0,IBM
21245,14,0,MEDIANOVA INTERNET HIZMETLERI VE TICARET ANONIM SIRKETI
399647,14,0,Rumble USA Inc.
395359,14,0,InTouch Health
25875,14,0,FriendFinder Networks Inc
12876,14,0,Scaleway
7862,14,0,Chevron Corporation
6810,14,0,"""Bezeq""- THE ISRAEL TELECOMMUNICATION CORP. LTD."
62167,14,0,Tismi BV
211316,14,0,Adyen N.V.
33619,14,0,"Advanced Micro Devices, Inc."
19239,14,0,KLA Corporation
137182,14,0,Blue Wireless PTE LTD
62713,14,0,"PubMatic, Inc."
20249,14,0,Jefferies LLC
8966,13,2683,Etisalat (E&)
5405,13,2450,Inter.link GmbH
3223,13,679,Voxility LLP
17676,13,442,SoftBank Corp.
36236,13,169,"NetActuate, Inc"
37271,13,167,Workonline Communications(Pty) Ltd
41327,13,164,Fiber Telecom S.p.A.
24961,13,152,WIIT AG (fka. myLoc Managed IT AG)
8551,13,140,Bezeq International Ltd.
29169,13,112,GANDI SAS
15557,13,94,SFR SA
5606,13,92,GTS Telecom SRL
29049,13,66,Delta Telecom Ltd
41313,13,55,"""NOVATEL"" EOOD"
11260,13,46,EastLink
28458,13,42,IENTC Telecom
45352,13,35,IP ServerOne Solutions Sdn. Bhd.
21013,13,35,eww ag
28910,13,25,"""Uzbektelekom"" Joint Stock Company"
12615,13,24,Global Communication Net Plc
9541,13,21,Cyber Internet Services (Pvt) Ltd.
9044,13,17,BSE Software GmbH
33182,13,15,"HostDime.com, Inc."
3214,13,13,xTom GmbH
48314,13,13,IP-Projects GmbH & Co. KG
2611,13,12,BELNET
49453,13,11,Global Layer B.V.
47447,13,11,23M GmbH
42184,13,10,TKRZ Stadtwerke GmbH
43350,13,10,NForce Entertainment B.V.
48635,13,9,CLDIN B.V.
132876,13,8,Symphony Communication (Thailand) PCL.
8365,13,7,Man-da.de GmbH
6910,13,7,DIGI ROMANIA S.A.
20773,13,6,Host Europe GmbH
45014,13,5,Nuco Technologies Ltd
200612,13,5,Gulf Bridge International Inc.
6621,13,5,"Hughes Network Systems, LLC"
140627,13,5,OneQode
216265,13,5,ARISTO NETWORKS LTD
6894,13,5,KDDI Europe Ltd
26496,13,4,"GoDaddy.com, LLC"
8282,13,4,Bink Group Ltd
6619,13,3,SamsungSDS Inc.
8315,13,3,WorldStream B.V.
63741,13,3,DCNET TELECOM
60051,13,2,Earthlink Telecommunications Equipment Trading & Services DMCC
38623,13,2,Metfone (Viettel Cambodia)
16921,13,2,"Inteliglobe USA, Inc."
57363,13,1,CDNvideo LLC
64096,13,1,"Internet Harbor International Co., Ltd."
200107,13,1,Kaspersky Lab Switzerland GmbH
59711,13,1,HZ Hosting Ltd
40401,13,1,Backblaze Inc
47481,13,1,Lime HD LLC
63981,13,1,Nova Technology Development (Hong Kong) Limited
12902,13,1,Ekco B.V.
203410,13,1,COLOBIX LTD
17035,13,0,NBCUniversal
396253,13,0,"iboss,inc"
26380,13,0,MasterCard Technologies LLC
33425,13,0,"CoreWeave, Inc"
204805,13,0,Voiped Wholesale BV
12257,13,0,"Dell, Inc."
59865,13,0,Ivent Mobile bv
202196,13,0,Booking.com BV
215724,13,0,"Edgevana, Inc."
29119,12,314,AIRE NETWORKS DEL MEDITERRANEO SL UNIPERSONAL
198949,12,245,Radware
9299,12,231,PLDT (Philippine Long Distance Telephone Company)
38193,12,138,Transworld Associates (Pvt.) Ltd.
44901,12,127,Belcloud LTD
4455,12,118,IX Reach Ltd
9198,12,116,JSC Kazakhtelecom
6424,12,107,EDGOO NETWORKS
703,12,96,Verizon Business - APAC
35753,12,80,Etihad Salam Telecom CJSC
47147,12,75,Anexia Cloud Solutions GmbH
13194,12,64,"UAB ""Bite Lietuva"""
44306,12,50,OMONIA d.o.o.
9145,12,44,EWE TEL GmbH
46450,12,43,"Pilot Fiber, Inc."
13249,12,41,"PRIVATE JOINT STOCK COMPANY ""DATAGROUP"""
35133,12,33,Eranium B.V.
8283,12,33,Netwerkvereniging Coloclue
3327,12,32,CITIC Telecom CPC Netherlands B.V.
38757,12,30,PT Indonesia Comnets Plus
23470,12,29,ReliableSite.Net LLC
63956,12,27,5G NETWORK OPERATIONS PTY LTD
55821,12,25,"RADIUS TELECOMS, INC."
263998,12,25,SIM FIBRA
56911,12,24,Warian S.R.L.
24637,12,24,WEBDISCOUNT GmbH & Co. KG
47794,12,23,Etihad GO Company For communications
203446,12,23,SMARTNET Germany GmbH
49666,12,23,Telecommunication Infrastructure Company
3462,12,23,HiNet (Chunghwa Telecom)
12200,12,22,Rackspace Hosting
6206,12,18,Netrouting B.V.
53828,12,18,"NETWORK INNOVATIONS, LLC"
49121,12,17,"Infinity Telecom, s.r.o."
8544,12,15,Primetel PLC
64289,12,14,Macarne.com
8426,12,13,Claranet Limited
210021,12,13,DIL Technology Limited
9957,12,13,KINX
215638,12,12,Cilix Limited
131429,12,10,MOBIFONE Corporation
20278,12,10,"Nexeon Technologies, Inc."
25160,12,10,Vorboss Limited
31477,12,9,Duocast B.V.
39572,12,9,DataWeb Global Group B.V.
12897,12,9,ENTEGA Medianet GmbH
17511,12,8,OPTAGE Inc.
38880,12,7,Micron21 Datacentre Pty Ltd
398704,12,7,STACKS INC
50245,12,7,Serverel Inc.
31529,12,6,DENIC eG
906,12,5,DMIT Cloud Services
42649,12,5,Baffin Bay Networks AB
200449,12,5,Qrator Labs CZ s.r.o.
55195,12,5,CIRA Canadian Internet Registration Authority Autorit Canadienne pour les enregistrements Internet
48200,12,5,Opteamax GmbH
7155,12,4,"ViaSat,Inc."
48940,12,3,Link Ltd.
8301,12,3,Gibtelecom Ltd.
8304,12,3,Ecritel SASU
9584,12,2,Diyixian.com Limited
29457,12,2,Options Technology Ltd
16164,12,2,Sohonet Limited
47764,12,2,LLC VK (Mail.ru)
7522,12,2,"STNet, Incorporated"
53334,12,2,"Total Uptime Technologies, LLC"
206804,12,1,EstNOC OU
54119,12,1,"WhiteSky Communications, LLC."
62715,12,1,CrashPlan
26395,12,1,Johnson Controls Inc
212655,12,1,YouFibre Limited
9680,12,1,HiNet Service Center in U.S.A
395753,12,1,KKR
24904,12,1,K-Net SAS
43519,12,0,Nominet UK
59930,12,0,Telegram Messenger - Americas
17903,12,0,"Cognizant Technology Solutions India Pvt Ltd,"
136041,12,0,"Singapore Telecom, ConnectPlus"
26450,12,0,CTDI
395717,12,0,"Wasabi Technologies, Inc."
13821,12,0,AllianceBernstein L.P.
28604,12,0,Globo Comunicação e Participaçoes SA
205975,12,0,Fibre Assets Ltd
142005,12,0,"NC Taiwan Co., Ltd."
55290,12,0,Depository Trust & Clearing Corporation
62005,12,0,BlueVPS OÜ
13188,12,0,Triolan
42841,12,0,ANTIK Telecom s.r.o
14689,12,0,Enfusion LTD. LLC
394161,12,0,"Tesla Motors, Inc."
200478,12,0,Taboola.com ltd
400514,12,0,ESpace Networks
5410,12,0,Bouygues Telecom SA
50889,12,0,NVIDIA Ltd
394977,12,0,"TAKE-TWO INTERACTIVE SOFTWARE, INC."
26793,12,0,ICS Advanced Technologies
6404,12,0,"FactSet Research Systems, Inc."
36864,12,0,AFRIBONE MALI SA
16758,12,0,"Ricoh USA, Inc."
20485,11,32970,TransTeleCom JSC
9498,11,7002,Bharti Airtel Ltd.
58057,11,5934,Securebit AG
8220,11,4703,COLT
6327,11,607,Shaw Communications
59796,11,238,StormWall s.r.o.
60171,11,199,AFR-IX TELECOM S.A.
12578,11,161,SIA Tet
7552,11,139,Viettel Group
21497,11,133,Vodafone Ukraine
136557,11,99,Host Universal Pty Ltd
1267,11,97,WIND TRE S.P.A.
29802,11,85,"HIVELOCITY, Inc."
16637,11,85,MTN SA (Bayobab)
835,11,75,GoCodeIT Inc
2119,11,72,Telenor Norge AS
35625,11,66,Eurofiber France SAS
8473,11,65,Bahnhof AB
2687,11,64,"AT&T Enterprises, LLC"
26042,11,62,"FiberState, LLC"
3399,11,61,Obenet AB
30058,11,59,FDCservers.net
63023,11,57,GTHost
6697,11,53,Beltelecom
3170,11,52,VeloxServ Communications Ltd
55850,11,50,Mercury NZ Limited
36994,11,50,Vodacom
6866,11,37,Cyprus Telecommunications Authority
17072,11,36,"TOTAL PLAY TELECOMUNICACIONES, S.A.P.I. DE C.V."
49544,11,36,i3D.net B.V
58299,11,35,Openfactory GmbH in Liquidation
6057,11,32,Administracion Nacional de Telecomunicaciones
4538,11,31,China Education and Research Network Center
25369,11,30,Hydra Communications Ltd
29278,11,30,Rackhost Zrt.
1136,11,30,KPN B.V.
21473,11,29,PFALZKOM GmbH
15704,11,28,XTRA TELECOM S.A.
23352,11,28,DEFT.COM
29467,11,27,LUXNETWORK S.A.
12337,11,25,noris network AG
21320,11,24,GEANT Vereniging
803,11,24,Saskatchewan Telecommunications
46475,11,24,"Limestone Networks, Inc."
44592,11,23,SkyLink Data Center BV
32425,11,22,Pixel Factory
29405,11,21,VNET a.s.
39120,11,21,Convergenze S.p.A.
8309,11,19,SIPARTECH SAS
20326,11,19,TeraSwitch Networks Inc.
42156,11,18,GNX B.V.
39326,11,17,Syntura Group Limited
9534,11,17,Maxis
137831,11,15,SEA IX
20676,11,15,Plusnet GmbH
9123,11,15,"JSC ""TIMEWEB"""
39351,11,15,31173 Services AB
56665,11,14,Proximus Luxembourg S.A.
44356,11,13,Epsilon Telecommunications Ltd
45796,11,12,UIH / BB Connect
12418,11,12,Quantum CJSC
58243,11,10,TELE AG
20647,11,10,IPB Internet Provider in Berlin GmbH
43440,11,10,Digitale Suisse AG
18186,11,10,Nebula Global LLC
21453,11,10,Flex Ltd.
203329,11,9,NTT Global Data Centers EMEA GmbH
136897,11,9,Enjoyvc Cloud Group Limited.
3920,11,9,PUSHPKT OU
48642,11,8,K TELECOM LLC
20847,11,8,Previder B.V.
12637,11,8,Seeweb s.r.l.
12731,11,8,IPHH Internet Port Hamburg GmbH
48152,11,7,Digital Frankfurt GmbH
48266,11,7,Catixs Ltd
47957,11,7,Worldline IGSA SA
200899,11,7,INTERSPACE DOOEL Skopje
51945,11,7,Enlink Ltd
56308,11,6,Telekomunikasi Indonesia International Pte. Ltd.
50131,11,5,Spartan Host Ltd
33724,11,5,VOLICO
8860,11,5,Delta HighTech Ltd.
31727,11,5,Node4 Limited
21100,11,5,ROUTE 95 LLC
11158,11,5,"NTT America, Inc."
8801,11,4,Rocket Fibre Ltd
62887,11,4,"WhiteSky Communications, LLC."
42093,11,4,InterRacks B.V.
28118,11,4,ALTICE DOMINICANA S.A.
34879,11,4,"OOO ""Sovremennye setevye tekhnologii"""
202932,11,4,Quanza B.V.
56704,11,4,Farice ehf
23673,11,4,"Cogetel Online, Cambodia, ISP"
50923,11,4,Metroset Ltd.
200020,11,3,Stichting NBIP-NaWas
14114,11,3,SAP NIE
13122,11,3,Manx Telecom Trading Ltd
44530,11,3,HOPUS SAS
22351,11,3,INTELSAT GLOBAL SERVICE CORPORATION
12252,11,3,America Movil Peru S.A.C.
198651,11,3,"HOSTLINE, UAB"
10094,11,3,Unified National Networks
54825,11,3,Equinix Metal (Packet.net)
61317,11,2,Hivelocity LLC
201701,11,2,Freifunk Rheinland e.V.
21409,11,2,Ikoula Net SAS
41887,11,2,Prolocation B.V.
26141,11,2,CubePath
45543,11,2,SaiGon Tourist cable Televition Company
21928,11,2,"T-Mobile USA, Inc."
50266,11,2,Odido Netherlands B.V.
15967,11,2,Nazwa.pl Sp.z.o.o.
31029,11,1,M-REAL NET Ltd.
44391,11,1,JSC Elektrosvyaz
209181,11,1,Zenex 5ive Limited
25374,11,1,ESCOM Ltd. - Haskovo
50272,11,1,AVUR AS
50763,11,1,Robert McKay
50837,11,1,CLOUDSIGMA AG
400097,11,1,National Wi-Fi
10100,11,1,UBS Group AG
60486,11,1,Swiss Networking Solutions AG
52075,11,1,Wifirst S.A.S.
201401,11,1,NewVM B.V.
1248,11,1,HERE Global BV
207137,11,1,PacketHub S.A.
207176,11,1,OPENFIBER B.V.
25151,11,1,Cyso Group B.V.
16477,11,0,Nielsen Consumer LLC
203101,11,0,Navarino Single Member S.A.
14361,11,0,HopOne Internet Corporation
13431,11,0,"Millennium Partners, L.P."
205638,11,0,T-Bank (Mobile)
4983,11,0,Intel Corporation
26667,11,0,"Magnite, Inc."
1200,11,0,Amsterdam Internet Exchange B.V.
21734,11,0,"Trading Technologies Intl, Inc."
52580,11,0,Azion Technologies Ltda.
393226,11,0,"Intercontinental Exchange, Inc."
9605,11,0,"NTT DOCOMO, INC."
49463,11,0,BASSAC SA
13524,11,0,Arrow Electronics
8302,11,0,Zattoo AG
4862,11,0,Orange Business AS for Asia
202617,11,0,Kering Eyewear S.p.A.
12355,11,0,HeLi NET Telekommunikation GmbH & Co.
27281,11,0,Quantcast Corporation
213176,11,0,Check Point Software Technologies Ltd
16789,11,0,"YARDI SYSTEMS, INC"
31747,11,0,"BlackRock Financial Management, Inc."
61098,11,0,Exoscale (Akenes SA)
32528,11,0,ROSS PRODUCTS DIVISION
3856,11,0,"Packet Clearing House, Inc."
7483,11,0,"Skycloud Computing co., Ltd."
22283,11,0,Sidley Austin LLP
18880,11,0,Lam Research Corporation
216096,11,0,Alex Terrats Ciberseguretat SLU
58907,11,0,Acquire BPO Pty Ltd
397468,11,0,"Think On, Inc."
47195,11,0,Gameforge 4D GmbH
211609,11,0,OKKO LLC
201290,11,0,BlackGATE B.V.
30383,11,0,General Motors LLC
393559,11,0,"WEBBING USA, INC."
38191,11,0,Infosys Technologies Ltd
23316,11,0,"Bel Air Internet, LLC"
2818,11,0,BBC
1126,11,0,Vancis Advanced ICT Services
22768,11,0,SYNERGY BROADBAND
4195,11,0,D. E. Shaw & Co. LP
44034,11,0,Hi3G Access AB
17639,10,42879,Converge ICT Solutions Inc.
34549,10,35992,meerfarbig GmbH & Co. KG
33891,10,34392,Core-Backbone GmbH
12389,10,11475,Rostelecom PJSC
7713,10,3545,PT Telkom Indonesia Tbk
50629,10,1216,LWLcom GmbH
137409,10,923,GSL Networks Pty LTD
25091,10,723,IP-Max SA
30844,10,564,Liquid Intelligent Technologies 
37100,10,494,SEACOM Limited
3786,10,468,LG DACOM Corporation
49915,10,297,Megaport (UK) Limited
12552,10,240,GlobalConnect (IP-Only)
812,10,229,Rogers Communications Canada Inc.
20115,10,222,Charter Communications LLC
6663,10,210,Türk Telekom International
8881,10,208,1&1 Versatel GmbH
32098,10,181,Flō Networks (Transtelco Inc.)
8455,10,166,atom86 BV
1680,10,165,Cellcom Fixed Line Communication L.P
4657,10,159,StarHub Ltd
45903,10,150,CMC Telecom Infrastructure Company
4761,10,145,PT Indosat Tbk
45899,10,134,VNPT Corp
12400,10,122,Partner Communications Ltd.
57866,10,80,Fusix Networks B.V.
9829,10,78,BSNL (Bharat Sanchar Nigam Ltd)
8452,10,70,Telecom Egypt
8767,10,67,M-net Telekommunikations GmbH
29208,10,66,"Quantcom, a.s."
196844,10,59,"Institute of Bioorganic Chemistry Polish Academy of Science, Poznan Supercomputing and Networking Center"
34309,10,54,Link11 GmbH
202984,10,53,Team-Host (Chernyshov Aleksandr Aleksandrovich)
35104,10,51,Jusan Mobile JSC
8926,10,48,Moldtelecom SA
9381,10,43,HKBN Enterprise Solutions HK Limited
61049,10,39,Exascale Ltd
8422,10,37,NetCologne
9902,10,37,NTC Neocom
293,10,35,ESnet
138997,10,32,Eons Data Communications Limited
62000,10,31,SERVERD SAS
9136,10,29,WOBCOM GmbH
15958,10,28,CETIN Ltd. Belgrade
19318,10,27,"Interserver, Inc"
680,10,27,Deutsches Forschungsnetz (DFN)
20119,10,25,ARROW DATACENTERS INC
215120,10,25,Evolus IT Solutions GmbH
397423,10,24,Tier.Net Technologies LLC
16347,10,24,ADISTA SAS
7311,10,23,Frontier Networks Inc
135377,10,22,UCLOUD INFORMATION TECHNOLOGY (HK) LIMITED
8368,10,20,Dstny BE N.V.
34177,10,20,Celeste SAS
21277,10,18,Allay Nawroz Telecom Company for Communication/Ltd.
62240,10,18,Clouvider Limited
57043,10,18,HOSTKEY B.V.
23951,10,17,PT Jembatan Citra Nusantara
34953,10,16,RelAix Networks GmbH
51178,10,14,JSC Avantel
32133,10,14,Ting Fiber Inc.
48166,10,14,FORTEX CJSC
5466,10,13,Eircom Limited
41960,10,13,Nextpertise B.V.
135391,10,12,"Aofei Data International Co., Ltd."
9146,10,12,BH Telecom d.d.
208414,10,12,"WEDOS Internet, a.s."
21263,10,12,TeleData GmbH
9886,10,12,CTCSCI TECH LIMITED
44486,10,12,"Oliver Horscht is trading as ""SYNLINQ"""
56987,10,11,ABACLOUDA SAS
34428,10,11,Giulio Lo Presti
200845,10,11,"AVATEL TELECOM, SA"
44217,10,11,IQ Networks for Data and Internet Services Ltd
60764,10,10,Telecom Samara LLC
6805,10,10,Telefonica Germany (o2)
12693,10,10,e.discom Telekommunikation GmbH
28398,10,10,INTERNET TELEFONIA Y TV DE MICHOACAN SA DE CV
262206,10,10,COMCEL GUATEMALA S.A.
16696,10,9,iTel Networks Inc
10111,10,9,Zeofast Network
16524,10,8,MetTel
42689,10,7,Glide Student & Residential Limited
41378,10,7,Kirino LLC
61157,10,7,PlusServer GmbH
29014,10,7,ScaleUp Technologies GmbH & Co. KG
42541,10,7,Fiberby ApS
197790,10,7,Actus P.S.A
54527,10,7,Astute Internet
40994,10,7,Alwyzon (Hohl IT)
29687,10,6,Geodim Ltd.
35266,10,6,EX Networks Limited
31638,10,6,Lepida S.c.p.A.
18530,10,6,"Isomedia, Inc."
2018,10,6,TENET (The UNINET Project)
149522,10,6,"OneCubit Co., Ltd."
34170,10,6,Aztelekom LLC
13002,10,5,ISIX Communications LLP
31424,10,5,Netrics AG
16247,10,5,Convergence Group (Wireless) Networks Limited
42385,10,5,"Join-stock company ""Internet Exchange""MSK-IX"""
133847,10,5,Anpple Tech Enterprise
394354,10,4,Canadian Internet Registration Authority
12496,10,4,Infinity Developments Limited
932,10,4,XNNET LLC
207594,10,4,Connectivia S.r.l
50010,10,4,Omani Qatari Telecommunication Company SAOC
42295,10,4,TBISS Ltd
8468,10,4,Cityfibre Limited
266435,10,4,THE FIBER INTERNET BANDA LARGA
43414,10,4,H2B Assets B.V.
6653,10,4,Vero Broadband
197000,10,4,RIPE NCC - Anycast DNS
263812,10,4,SONDATECH S.A.S.
60280,10,4,National Traffic Exchange Center (Belarus)
48011,10,4,Turunc Smart Bilgisayar Teknoloji Ve Dis Ticaret Limited Sirketi
21215,10,4,UNITED GROUP NETWORK INFRASTRUCTURE d.o.o. Beograd
1101,10,3,SURF (Thunderlab)
13037,10,3,Zen Internet Ltd
51468,10,3,One.com A/S
48927,10,3,ESEVEN DevOps GmbH
138995,10,3,Antbox Networks Limited
21385,10,3,Trusted Network GmbH
263152,10,3,MIGO TELECOM
24638,10,3,Rambler Internet Holding LLC
200462,10,3,"Lennart Seitz trading as ""ETH-Services"""
8697,10,3,Jordan Telecommunications PSC
24916,10,2,Orbital Net Ltd
134548,10,2,DXTL Tseung Kwan O Service
41913,10,2,Computerline GmbH
5378,10,2,Vodafone Limited
60144,10,2,3W Infra B.V.
25220,10,2,equada network GmbH
38983,10,2,Copaco Cloud B.V.
207790,10,2,SWN Stadtwerke Neumuenster GmbH
57073,10,2,LLC Wildberries
22604,10,1,Disney Streaming Services
4773,10,1,M1 Limited
41275,10,1,Lovitel LLC
25255,10,1,Hutchison Drei Austria GmbH
132647,10,1,Pengelola Nama Domain Internet Indonesia
29357,10,1,OOredOO Kuwait NMTC
131219,10,1,Indosat Singapore Pte. Ltd.
42611,10,1,Full Fibre Limited
39735,10,1,"""Permtelecom"" Ltd"
20495,10,1,We Dare B.V.
398991,10,1,X99
4849,10,1,S3 Company Ltd
1280,10,1,"Internet Systems Consortium, Inc."
11228,10,1,ARINC INCORPORATED
5605,10,1,NetUSE AG
35793,10,1,Acronis International GmbH
20559,10,1,Fundaments B.V.
53850,10,1,"GorillaServers, Inc."
46997,10,1,Black Mesa Corporation
963,10,1,N963 PTE. LTD.
140227,10,1,"Hong Kong Communications International Co., Limited"
22317,10,1,"F5, Inc."
133504,10,1,PAOCLOUD
207353,10,1,Ruform LLC
45187,10,1,Rackspace IT Hosting AS IT Hosting Provider Hong Kong
12996,10,1,Domeneshop AS
10879,10,0,Unitedhealthcare
202870,10,0,Dimensione S.r.l.
50414,10,0,ThousandEyes LLC
5390,10,0,Euronet Communications B.V.
5583,10,0,Orange S.A.
49362,10,0,DSV A/S
54148,10,0,Dynamic Quantum Networks
36184,10,0,Virtu Financial Operating LLC
62246,10,0,WJY Limited
44788,10,0,Criteo Technology SAS
132046,10,0,Sunbridge worldwide LTD
54535,10,0,"Nike, Inc."
207811,10,0,SuperCell ISP LTD
205627,10,0,Daimler Truck AG
213576,10,0,Robert Weir
399768,10,0,Verition Group LLC
12430,10,0,VODAFONE ESPANA S.A.U.
53589,10,0,PlanetHoster
42612,10,0,DinaHosting S.L.
39684,10,0,OOO Mango Telecom
60022,10,0,Sona Network B.V.
24319,10,0,Akamai Technologies Tokyo ASN
14203,10,0,"Juniper Networks, Inc."
30827,10,0,Extraordinary Managed Services Ltd
212980,10,0,"UAB ""Atlantis Capital"""
62642,10,0,"Bigleaf Networks, Inc."
8399,10,0,SEWAN SAS
13778,10,0,Johnson & Johnson
8632,10,0,Luxembourg Online S.A.
199610,10,0,marbis GmbH
138699,10,0,TikTok Pte. Ltd.
132139,10,0,VECLOUD LIMITED
20546,10,0,SOPRADO GmbH
51978,10,0,WEMACOM Telekommunikation GmbH
29141,10,0,Bradler & Krantz GmbH & Co. KG
46784,10,0,"Davis Polk & Wardwell, LLP"
38090,10,0,pearlabyss
17350,10,0,Moody's Corp.
397074,10,0,Marshalls
13360,10,0,Triton Digital
36459,10,0,"GitHub, Inc."
4004,10,0,"Orange Business Services Britain, Western Africa"
205275,10,0,ROMARG SRL
200936,10,0,Chengjie Guo
20258,10,0,"Analog Devices, Inc."
395505,10,0,"iManage, LLC"
136093,10,0,PT Mitra Lintas Multimedia
12808,10,0,dtms GmbH
38166,10,0,Standard Chartered Bank (Hong Kong) Limited.Banking and
19197,10,0,"Stefanini, Inc."
13896,10,0,"8x8, Inc."
22135,10,0,Skechers USA
207063,10,0,"Kentik Technologies, Inc."
35280,9,32003,F5 Networks SARL
20473,9,16668,"The Constant Company, LLC"
7575,9,8318,Australian Academic and Research Network (AARNet)
13030,9,5186,Init7 (Switzerland) Ltd.
1764,9,2117,Next Layer Telecommunications
852,9,2095,TELUS Communications Inc.
4230,9,1207,Claro (Embratel)
9318,9,551,SK Broadband Co Ltd
18403,9,310,FPT Telecom Company
264409,9,284,Huge Networks
1828,9,181,PacketFabric / Unitas Global
9050,9,174,Orange Romania S.A.
34224,9,162,Neterra Ltd.
263444,9,152,Open X Tecnologia Ltda
58715,9,146,EARTH TELECOMMUNICATION (Pvt) LTD.
18678,9,145,INTERNEXA S.A. E.S.P
44066,9,121,firstcolo GmbH
39686,9,118,Eurofiber Nederland BV
31287,9,115,IPACCT CABLE Ltd
34779,9,108,"T-2, d.o.o."
33763,9,106,Paratus Telecommunications Limited
8151,9,100,UNINET
39737,9,97,Prime Telecom srl
18734,9,90,"Operbes, S.A. de C.V."
12963,9,87,"Scientific Industrial Firm ""Volz"" Ltd"
17494,9,80,Bangladesh Telegraph & Telephone Board
9119,9,76,SOFTNET d.o.o.
30823,9,73,aurologic GmbH
262355,9,63,VSX Networks
49800,9,61,GNC-Alfa CJSC
58511,9,58,Swoop (Anycast Global Backbone)
17433,9,54,Hytron Network Services Limited
49063,9,51,Data Storage Center JSC
25180,9,51,Exponential-E Ltd.
11232,9,50,Midcontinent Communications
9924,9,44,"Taiwan Fixed Network, Telco and Network Service Provider."
394177,9,43,Shift Hosting LLC
35179,9,42,Korbank S. A.
4181,9,41,TDS TELECOM
10010,9,41,TOKAI Communications Corporation
25645,9,37,"Momentum Telecom, Inc."
49600,9,36,"NEAR IP, S.L."
50581,9,34,Ukrainian Telecommunication Group LLC
17054,9,32,Expedient
16097,9,30,HL komm Telekommunikations GmbH
212477,9,30,RoyaleHosting B.V.
1241,9,30,Nova Telecommunications & Media Single Member S.A
10242,9,29,US Internet Corp
50309,9,28,Arcadiz Telecom NV
140570,9,26,Hong Kong Beecloud System Technology Services Limited
53587,9,26,"AZURE TECHNOLOGY CO., LIMITED"
24173,9,26,Netnam Company
38182,9,25,Extreme Broadband
29670,9,23,"Individual Network Berlin (""IN-Berlin"") e.V."
23201,9,23,TIGO Paraguay
8001,9,22,"Cologix, Inc"
34867,9,22,Cosmonova LLC
44684,9,21,Mythic Beasts Ltd
30990,9,20,Djibouti Telecom SA
31122,9,19,Digiweb ltd
55329,9,19,Telcotech Ltd.
262725,9,18,CONECT
32217,9,18,GPIEX INC
49418,9,17,NETSHIELD LTD
212815,9,17,Dyjix SAS
11320,9,17,LightEdge Solutions
984,9,16,Octopus Web Solution Inc.
12969,9,16,Ljósleiðarinn ehf (Sýn)
101,9,16,University of Washington
43391,9,15,NETDIREKT BILISIM DANISMANLIK ILETISIM HIZMETLERI SANAYI VE TICARET AS
39180,9,14,LASOTEL SAS
28968,9,14,"JSC ""Evrasia Telecom Ru"""
17547,9,13,M1 NET LTD
34347,9,13,HALLAG Kommunal GmbH
400587,9,13,"Ryamer, LLC"
13009,9,13,Redcentric Solutions Ltd
58115,9,12,SwissIX Internet Exchange
153371,9,12,BACK WAVES LIMITED
3330,9,12,eww ag
6908,9,11,Six Degrees Technology Group Limited
7679,9,11,"QTnet,Inc."
37119,9,11,UNITEL SA
51202,9,11,NUXOA GmbH
5413,9,10,Wavenet Limited
4226,9,9,Sumofiber
52000,9,9,MIRhosting B.V.
25467,9,9,Akton d.o.o.
23889,9,9,Mauritius Telecom Ltd
51500,9,9,Servisnet Ltd.
6315,9,9,"XMission, L.C."
203201,9,8,INFRASTRUCTURE ITALIA COLO S.R.L.
12360,9,8,KEVAG Telekom GmbH
51043,9,8,Aspire Technology Solutions Ltd
12329,9,8,GLASFASER RUHR GmbH & Co. KG
139831,9,8,DITO TELECOMMUNITY CORP.
200019,9,8,ALEXHOST SRL
8888,9,8,xTom Pty Ltd
50533,9,8,I.T.E.N.O.S. International Telecom Network Operation Services GmbH
6802,9,8,Bulgarian Research and Education Network Association (BREN)
41692,9,7,OpenCarrier eG
14713,9,7,Hosted Backbone
394625,9,7,WhiteLabel IT Solutions Corp
50113,9,7,FIRST SERVER LIMITED
25577,9,6,MAINFRAME & CYBERNETIC SYSTEMS LIMITED
559,9,6,SWITCH
200781,9,6,Tampnet AS
15598,9,6,NorthC Deutschland GmbH
61955,9,6,ColocationIX GmbH
46844,9,6,Sharktech
56382,9,6,vServer.site LTD
50867,9,6,HOSTKEY B.V.
23089,9,6,Hotwire Communications
8648,9,6,dogado GmbH
137969,9,6,HONG KONG BRIDGE INFO-TECH LIMITED
34602,9,6,MEGASVYAZ LLC
47973,9,6,Digital Realty Netherlands B.V.
209022,9,6,Tschajera Limited
3361,9,5,"Digital Fortress, Inc."
34968,9,5,iunxi B.V.
29611,9,5,Elite Limited
55285,9,5,Serverside.com
5377,9,5,Marlink AS
29084,9,5,Comnet Bulgaria Holding Ltd.
266602,9,5,ODATA S.A.
12732,9,5,GutCon GmbH
29140,9,4,Hostserver GmbH
196922,9,4,Hofmeir Media GmbH
19229,9,4,Ensono LP
6876,9,4,TENET Scientific Production Enterprise LLC
57629,9,4,LLC IVI.RU
59395,9,4,Southern Communications Ltd
10158,9,4,Kakao Corp
24492,9,3,WiCAM Corporation Ltd.
37054,9,3,Telecom Malagasy
41811,9,3,CONVERGENCE (GROUP NETWORKS) LIMITED
151326,9,3,DCConnect Communication Pte. Ltd.
43142,9,3,ADELI SAS
60793,9,3,Telefonica Tech (Cancom UK&I)
62390,9,3,NexonHost Srl
21056,9,3,Vianova S.p.A
32244,9,3,"Liquid Web, L.L.C"
41230,9,3,ASK4 Limited
21804,9,3,Access Communications  Co-operative Limited
12414,9,3,Solcon Internetdiensten B.V.
51561,9,2,ICUK Computing Services Limited
149513,9,2,SyCloud
44056,9,2,Trytek LLC
209505,9,2,Unchained ISP Limited
31229,9,2,Beyond.pl sp. z o.o.
48452,9,2,Telco power Ltd
56701,9,2,"LLC ""AVANTA TELECOM"""
42707,9,2,e-Quest IT-diensten B.V.
8804,9,2,regio[.NET] Holding GmbH
39832,9,2,Opera Norway AS
39134,9,2,EDINAYA SET LIMITED LIABILITY COMPANY
199483,9,2,NXO France SAS
216107,9,2,Noah van der Aa trading as Frumentum Media
9908,9,2,HK Cable TV Ltd
21723,9,2,GOCO TECHNOLOGY LIMITED PARTNERSHIP
23930,9,2,VITRO INC.
54103,9,2,"MOD Mission Critical, LLC"
34288,9,2,Kantonsschule Zug
198089,9,2,IP Visie Networking B.V.
2647,9,2,Orange Business Communications Technology Limited
39647,9,2,Enreach Netherlands B.V.
31490,9,2,NetIX Communications JSC
209710,9,1,SNRD NETWORKS LIMITED
199939,9,1,KeenSystems B.V.
42487,9,1,Vialis SEM
131267,9,1,Unitel Laos
49033,9,1,Critical Core BV
8763,9,1,DENIC eG
12198,9,1,JSMSR Network
200736,9,1,MEDIANET INVEST AE
397301,9,1,"Thrive Broadband, LLC"
25668,9,1,Cipherkey Exchange Corp.
31950,9,1,Data Network Solutions
3213,9,1,Bogons Ltd
10282,9,1,GLOBAL ONE
51505,9,1,Dimosia Epicheirisi Ilektrismou Anonymi Etaireia
48851,9,1,Radware Ltd
3238,9,1,Ålands Telekommunikation Ab
206383,9,1,VOXLAN LTD.
31742,9,1,Sota Solutions Ltd.
42010,9,1,I.T. PROFESSIONAL SERVICES LIMITED
13289,9,1,Krick Management GmbH trading as iWelt GmbH + Co. KG
7734,9,1,Toronto Dominion Bank
136787,9,1,PacketHub S.A.
51248,9,1,Host-Telecom.com s.r.o.
50049,9,1,RedSwitches
35574,9,1,SED Multitel s.r.l.
8554,9,1,TAS France SAS
51776,9,1,Sportradar AG
201838,9,1,Community Fibre Limited
135300,9,1,"Myanmar Broadband Telecom Co., Ltd"
58580,9,1,Fastrack Technology
50083,9,1,Hermes Telecom BVBA
28613,9,1,HUGHES TELECOMUNICACOES DO BRASIL LTDA.
328112,9,1,Linux Based Systems Design SA (Pty) Ltd
199284,9,1,Thueringer Netkom GmbH
52091,9,1,Level-MSK Ltd.
12440,9,1,Hughes Network Systems GmbH
48305,9,0,Noraina Ltd
21504,9,0,"The Bessemer Group, Inc."
55219,9,0,"Cisco Systems, Inc."
202954,9,0,Rapiddot Hosting Services Ltd
54896,9,0,SMC Corporation of America
30175,9,0,EPICOR
212628,9,0,ARTRUBY PTE. LTD.
199790,9,0,IP Telecom Bulgaria
19171,9,0,Stargate Connections Inc.
47589,9,0,VIVA Kuwait (STC)
18438,9,0,Brown Brothers Harriman & Company
132825,9,0,MYTEK TRADING PTY LTD
206614,9,0,Taboola.com ltd
13250,9,0,Backbone Solutions AG
63888,9,0,DATAWING LIMITED
43872,9,0,Optinet U.K. Limited
32042,9,0,Evergate Solutions
32575,9,0,"DigiCert, Inc."
210893,9,0,Layered Technologies Limited
14969,9,0,JANE STREET
21221,9,0,Infopact Netwerkdiensten B.V.
45009,9,0,Rogier Krieger
49685,9,0,Signet B.V.
56683,9,0,EXNESS LIMITED
20347,9,0,Nvidia Corporation
34788,9,0,Neue Medien Muennich GmbH
32319,9,0,"Marqeta, Inc."
205394,9,0,CSL (DualCom) Limited
13684,9,0,"Medtronic, Incorporated"
39090,9,0,Brandl Services GmbH
32461,9,0,"ARE-East River Science Park, LLC"
7488,9,0,CNServer LLC
60476,9,0,LLC VK (Digital Transformation Plus LLC)
3455,9,0,Liberty Mutual Group
15435,9,0,DELTA Fiber Nederland B.V.
133865,9,0,"Beijing IQIYI Science & Technology Co., Ltd."
4549,9,0,"ESPN, Inc."
11941,9,0,"Pillsbury Madison & Sutro, Inc."
58273,9,0,Broadband for the Rural North Limited.
56654,9,0,Infinity Telecom SRL
55967,9,0,"Beijing Baidu Netcom Science and Technology Co., Ltd."
49920,9,0,FLOWBIRD SAS
207445,9,0,Vincent Maroun
209823,9,0,Enki Multimedia EURL
397849,9,0,ZOHO
51752,9,0,"Wachttoren-, Bijbel en Traktaatgenootschap Kerkgenootschap"
202756,9,0,Radio Free Europe/Radio Liberty
49206,9,0,PeakFactory BV
60350,9,0,VENTE-PRIVEE.COM SA
25934,9,0,"Syniverse Technologies, LLC"
59637,9,0,RamSvyazInvest LLC
396922,9,0,"Cisco Systems, Inc."
43515,9,0,Google Ireland Limited
45432,9,0,Tech Mahindra Limited
215212,9,0,Sander Jeurissen
46071,9,0,Pioneer Elabs Ltd.
15347,9,0,IBEX Global Solutions
21396,9,0,NetConnex Broadband Ltd.
393319,9,0,"Anduril Industries, Inc."
16669,9,0,Applied Materials
6364,9,0,"Atlantic.net, Inc."
59437,9,0,Northern Data AG
16875,9,0,AON Corporation
41041,9,0,Conversant LLC
11031,9,0,Orbis Investments (Canada) Limited
25773,9,0,RADWARE INC.
41625,9,0,Express Teleservice Corp
30598,9,0,Carnival Corporation
16591,9,0,Google Fiber Inc.
39087,9,0,P.A.K.T LLC
38047,9,0,Taiwan Telecom
9246,9,0,"Teleguam Holdings, LLC"
24594,9,0,Voiceflex Ltd
135530,9,0,Acronis Asia Pte. Ltd
400940,9,0,Railway
32537,9,0,Xilinx Incorporated
37342,9,0,"Movitel, SA"
132829,9,0,Nevigate Communications (S) Pte Ltd
203380,9,0,DA International Group Ltd.
21057,9,0,Servicios Audiovisuales Overon S.L.
198792,9,0,DStorage SASU (1fichier)
3842,9,0,"InMotion Hosting, Inc."
12678,9,0,Badoo Trading Limited
43566,9,0,tyntec GmbH
200325,9,0,Bunny.net
56478,9,0,Hyperoptic Ltd
54538,9,0,PALO ALTO NETWORKS
196752,9,0,Tilaa B.V.
3911,9,0,"Micron Technology, Inc."
24482,8,64615,SG.GS
3216,8,25976,Vimpelcom PJSC
1836,8,13646,green.ch AG
38001,8,7804,NewMedia Express Pte. Ltd.
52468,8,5670,UFINET PANAMA S.A.
29075,8,4079,IELO-LIAZO SERVICES SAS
15830,8,3591,"Equinix, Inc."
20562,8,1700,Open Peering (Broadband Hosting B.V.)
7195,8,1667,EdgeUno
52025,8,1377,ParadoxNetworks Limited
8447,8,1130,A1 Telekom Austria AG
13786,8,1023,"Seaborn (Seabras USA, LLC)"
4800,8,638,PT Aplikanusa Lintasarta
37662,8,479,West Indian Ocean Cable Company (WIOCC)
13237,8,317,euNetworks GmbH
24785,8,297,Joint Transit (Broadband Hosting B.V.)
3255,8,266,Ukrainian Academic and Research Network
8641,8,198,"LLC ""Nauka-Svyaz"""
201706,8,192,SERVICEPIPE LLC
30781,8,170,Free Pro SAS
21949,8,162,Beanfield Technologies Inc.
5603,8,156,"Telekom Slovenije, d.d."
57463,8,149,NetIX Communications JSC
55685,8,134,PT Jala Lintas Media
12129,8,132,"123.Net, Inc."
6079,8,123,Astound (fka. RCN)
37613,8,106,DOLPHIN TELECOMMUNICATION LIMITED
28716,8,103,Retelit Digital Services S.p.A.
8772,8,102,NetAssist LLC
15895,8,99,"""Kyivstar"" PJSC"
44600,8,97,"""GIGATRANS UKRAINE"", LLC"
12735,8,93,TurkNet Iletisim Hizmetleri A.S.
8262,8,89,Evolink EAD
2519,8,86,ARTERIA Networks Corporation
63927,8,83,RISE
47605,8,79,FNE-Finland Oy
29838,8,74,"Atlantic Metro Communications II, Inc."
135069,8,69,Feenix Communications Limited
58212,8,67,dataforest GmbH
9848,8,61,SEJONG NETWORKS
12695,8,58,LLC Digital Network
3302,8,56,Retelit Digital Services S.p.A.
2860,8,55,"NOS COMUNICACOES, S.A."
5391,8,54,Hrvatski Telekom d.d.
16086,8,53,DNA Oyj
6205,8,49,HizliNet Teknoloji A.S.
27552,8,48,"TowardEX Technologies International, Inc."
8932,8,47,Ucom CJSC
6849,8,47,"JSC ""Ukrtelecom"""
4648,8,47,Spark New Zealand
216211,8,44,CYBERVERSE LLC
9457,8,43,DREAMLINE CO.
6661,8,41,POST Luxembourg
21559,8,39,OSNET
42831,8,39,UK Dedicated Servers Limited
327708,8,37,Airtel Rwanda Ltd
38235,8,36,ANGKOR DATA COMMUNICATION
214757,8,36,Jakub Krsa
270158,8,34,Wantelco SAS de CV
15576,8,34,NTS workspace AG
28725,8,33,CETIN a.s.
4213,8,33,Krypt Technologies
29314,8,32,VECTRA S.A.
42739,8,32,Hawe Telekom S.A. in Restructuring
328748,8,31,Agile Solutions Provider (PTY) LTD
2518,8,31,BIGLOBE Inc.
3262,8,30,"SAREnet, S.A."
12843,8,28,TelemaxX Telekommunikation GmbH
53427,8,27,TGLOBAL NETWORKS
61231,8,27,Neos Networks (SSE PLC)
9063,8,26,VSE NET GmbH
983,8,26,Akari Networks LLC
199081,8,26,Lancom Ltd.
13004,8,25,Serbian Open Exchange DOO
17476,8,25,CloudRadium (HK) Limited
2852,8,25,CESNET z.s.p.o.
48678,8,24,Pentech Bilisim Teknolojileri Sanayi Ve Ticaret Limited Sirketi
12703,8,24,Pulsant (Scotland) Ltd
35432,8,24,Cablenet Communication Systems plc
8047,8,24,"GENERAL COMMUNICATION, INC."
24088,8,23,Hanoi Telecom Joint Stock Company - HCMC Branch
6677,8,23,Míla hf
9038,8,22,Al Bahrainia al Urdunia Liltaknia Wa Alitisalat Plc. Co
8637,8,22,"SpainWISP, S.L."
39122,8,21,Blacknight Internet Solutions Limited
45250,8,21,Vocom International Telecommunications AP Area
49808,8,21,Energie AG Oberoesterreich Services und Digital Solutions GmbH
49434,8,19,FBW NETWORKS SAS
132602,8,18,Bangladesh Submarine Cable Company Limited (BSCCL)
36874,8,18,Cybersmart
2614,8,18,Agentia de Administrare a Retelei Nationale de Informatica pentru Educatie si Cercetare
42532,8,17,SIA VEESP
7529,8,17,"GMO NetIRD, Inc."
14230,8,17,ARK Data Centers LLC
48964,8,17,"Private Enterprise ""Enterra"""
210756,8,16,EdgeCenter LLC
61400,8,15,Start2 LLC
201814,8,15,MEVSPACE sp. z o.o.
265680,8,15,HNTELCO S.A
215828,8,15,"Tizian Maxime Weigt trading as ""TMW Global Networks"""
31034,8,14,Aruba S.p.A.
37035,8,14,MIC TANZANIA LTD
15763,8,14,DOKOM Gesellschaft fuer Telekommunikation mbH
24203,8,14,PT XL Axiata Tbk
13768,8,14,Aptum Technologies
42346,8,14,NorthC Schweiz AG
36944,8,13,Ubuntunet Alliance For Research and Education Networking
19855,8,13,"Masergy Communications, Inc."
212396,8,13,FyfeWeb Ltd
17497,8,12,Liasail Global Hongkong Limited
39704,8,12,CJ2 Hosting B.V.
49505,8,12,JSC Selectel
33922,8,11,UAB Nacionalinis Telekomunikaciju Tinklas
269832,8,10,MDS TELECOM C.A.
13119,8,10,"Zachodniopomorski Uniwersytet Technologiczny w Szczecinie, Akademickie Centrum Informatyki"
48293,8,10,Uniontel Ltd
5404,8,10,conova communications GmbH
30500,8,10,Wolfpaw Data Centres Inc
262427,8,9,Invista Net Provedor de Acesso Ltda
204457,8,9,Atlantis Telekomunikasyon Bilisim Hizmetleri San. ve Tic. Ltd. Sti.
20836,8,9,CDLAN SpA
7642,8,9,Dhivehi Raajjeyge Gulhun Public Limited Company
25460,8,9,The Networking People (TNP) Limited
9873,8,9,"Lao Telecom Communication, LTC"
14717,8,9,EZE Castle Integration Inc.
8369,8,8,Intersvyaz-2 JSC
264329,8,8,ESTRATEGIA REDES DE TELECOMUNICACOES LTDA.
198726,8,8,Wemaconnect GmbH
5416,8,8,BEYON B.S.C.
39923,8,8,Unix-Solutions BV
12676,8,8,HKN GmbH
8680,8,8,Sure (Guernsey) Limited
13045,8,8,htp GmbH
15605,8,7,Connesi S.p.A.
32437,8,7,Webdev CC T/A Cybertek
18046,8,7,DongFong Technology Co. Ltd.
52780,8,7,MAP Piumhi Ltda - ME
11269,8,7,LinkBermuda LTD
16143,8,7,OOO NIIR-RadioNet
37739,8,7,Abantu Cloud Africa (Pty) Ltd
27523,8,7,Kawaii Networks LLC
60800,8,7,Netwise Hosting Ltd
327814,8,7,Ecoband Ltd
400304,8,7,Redoubt Networks (Synteq / Crunchbits)
132167,8,6,Nine Communications Company Limited
42291,8,6,OOO Istranet
15547,8,6,netplus.ch SA
8387,8,6,Deutsche Telekom Global Business Solutions GmbH
59432,8,6,GINERNET S.L.
9158,8,6,Telenor A/S
11071,8,6,InfoWest
20932,8,6,Services Industriels de Geneve
60404,8,6,The Infrastructure Group B.V.
34245,8,5,Magnet Networks Limited
6660,8,5,VODAFONE ENTERPRISE EQUIPMENT LIMITED
39505,8,5,VESTITEL BG
201178,8,5,Euronet Telekomunikasyon A.S.
24951,8,5,EveryWare AG
206446,8,5,Cloud Lease Ltd
29608,8,5,Ovea SAS
58821,8,5,PT Lintas Jaringan Nusantara
16205,8,5,DSI GmbH Daten Service Informationssysteme
26223,8,4,Silver Star Communications
4628,8,4,Pacific Internet Pte Ltd
57187,8,4,Emirates Integrated Telecommunications Company PJSC
35228,8,4,o2 (Telefonica UK)
15766,8,4,Domicilium (IOM) Limited
47065,8,4,USC / UFMG PEERING Research Testbed
8540,8,4,AMA netwoRX GmbH
6718,8,4,NAV COMMUNICATIONS SRL
4818,8,4,DiGi Telecommunications Sdn. Bhd.
35826,8,4,Netservers Limited
8298,8,4,IPng Networks GmbH
61323,8,4,ANS ACADEMY LIMITED
9500,8,4,One New Zealand Group Limited
12322,8,4,Free SAS
20799,8,4,Datanet.co.uk Ltd
42656,8,4,Allegro sp. z o.o.
3605,8,4,"Guam Cablevision, LLC."
8895,8,4,King Abdul Aziz City for Science and Technology
58061,8,4,Scalaxy B.V.
36916,8,4,X-DSL Networking Solutions
9150,8,4,ML Consultancy
205460,8,3,LLC Svyaz Invest
133199,8,3,SonderCloud Limited
213373,8,3,IP Connect Inc
60822,8,3,Wispone S.R.L.
13208,8,3,Newtel Limited
39175,8,3,Connective Online Limited
50469,8,3,Peer Kohlstetter trading as Hessenkom GmbH & Co. KG
38778,8,3,PT Dutakom Wibawa Putra
8445,8,3,"SALZBURG AG fur Energie, Verkehr und Telekommunikation"
35612,8,3,EOLO S.p.A.
6758,8,3,Monaco Telecom S.A.
35526,8,3,Smart Technology LLC
30536,8,3,"Circle Computer Resources, Inc."
52771,8,3,GB Online
29244,8,3,CETIN Bulgaria EAD
37558,8,3,LIBYAN INTERNATIONAL TELECOMMUNICATION COMPANY
33554,8,3,Neutral Data Centers Corp.
49870,8,3,Alsycon B.V.
43289,8,3,Trabia SRL
200023,8,3,Qonnected B.V.
9031,8,2,EDPNET Belgium BV
198781,8,2,Connect Managed Services (UK) Limited
48327,8,2,Ray-Svyaz Ltd.
213452,8,2,PIO LLC
24586,8,2,Intermax Group B.V.
47541,8,2,LLC VK
51375,8,2,STC BAHRAIN B.S.C CLOSED
15366,8,2,DNS:NET Internet Service GmbH
31317,8,2,AnschlussWerk GmbH
56286,8,2,IX Telecom
13737,8,2,"Interconnecx, LLC"
29182,8,2,JSC IOT
32415,8,2,C3
51580,8,2,TIMENET SPA
59545,8,2,Vertixo BV
37009,8,2,"MTC - Mobile Telecommunications, Ltd."
62217,8,2,Vinters IT Ltd
212567,8,2,Freie Netze Muenchen e.V.
16491,8,2,"ViaSat, Inc."
14380,8,2,Opus Interactive
47638,8,2,Cadence Networks Ltd
133182,8,2,Running River Network Technology Limited
197731,8,2,The Internet Engineering Group B.V.
29286,8,2,SKYLOGIC S.P.A.
50522,8,2,Sewan Nederland B.V.
214731,8,2,ETO Networks Limited
62313,8,2,Proact IT UK Limited
47480,8,2,Blue Tiger Solutions Limited
15401,8,2,Orange Business Services SA
57112,8,2,Fiber Services B.V.
196954,8,2,Epcan GmbH
56864,8,2,Xeon LLC
59318,8,2,"SINET Fiber One, Cambodia's Fastest Broadband Service."
133613,8,2,MTel telecommunication company ltd.
5467,8,2,"Non state educational institution ""Educational Scientific and Experimental Center of Moscow Institute of Physics and Technology"""
47172,8,2,Greenhost BV
36926,8,2,Airtel Networks Kenya Limited
9153,8,2,Burstfire Networks Ltd
12847,8,2,Latvijas Mobilais Telefons SIA
50472,8,2,Chaos Computer Club e.V.
5503,8,2,RM Education Ltd
24953,8,2,NETPLANET GmbH
15447,8,2,CM.com N.V.
215439,8,2,PLAY2GO INTERNATIONAL LIMITED
5430,8,2,Wortmann AG
51219,8,1,K2 Integration JSC
133372,8,1,Interaptus Limited
139952,8,1,PT Trisari Data Indonusa
38278,8,1,Orient Telecoms Sdn. Bhd
211181,8,1,"Civilisation Information Technology, communication and internet services Co., LTD"
55944,8,1,Ooredoo Maldives Plc
1140,8,1,Stichting Internet Domeinregistratie Nederland
30417,8,1,BTIG LLC
18283,8,1,Chupicom Inc.
47927,8,1,WIFIWEB s.r.l.
206067,8,1,Hutchison 3G UK Limited
60602,8,1,Inovare-Prim SRL
56971,8,1,CGI GLOBAL LIMITED
207375,8,1,Fiber Operator B.V.
8878,8,1,nfon AG
3258,8,1,xTom Japan
198930,8,1,Vereinigte Stadtwerke Media GmbH
31445,8,1,Fiberax Networking&Cloud Ltd.
16740,8,1,DOXX.NET CORPORATION
21267,8,1,Wavenet Limited
200000,8,1,Hosting Ukraine LTD
4913,8,1,"Speedcast Communications, Inc"
22611,8,1,"InMotion Hosting, Inc."
48416,8,1,"Information Network, LLC"
29505,8,1,Stadtwerke Luebeck Digital GmbH
39603,8,1,P4 Sp. z o.o.
7497,8,1,Computer Network Information Center of Chinese Academy of Sciences (CNIC-CAS)
56381,8,1,level66.network UG (haftungsbeschraenkt)
47569,8,1,Erlang company Ltd.
6620,8,1,"AMA Communications, LLC"
206813,8,1,4830.org e. V.
13443,8,1,LinkedIn Corporation
132337,8,1,Axclusive
29030,8,1,TELECABEL PLC
61124,8,1,Marston's Telecoms Limited
33127,8,1,Integrated Systems Corp
20969,8,1,Red Bee Media B.V.
215760,8,1,Adam Grazioli
42567,8,1,MOJOHOST B.V.
154324,8,1,AltusCloud Pte. Ltd.
8757,8,1,"NSFOCUS, Inc."
209870,8,1,Cylo Ltd
53243,8,1,Brasil Site Informatica LTDA
18434,8,1,"Fidelity National Information Services, Inc."
211101,8,1,Nasteka Maksim Viktorovich
47689,8,1,"Pudu, LLC"
17088,8,1,"Currenex, Inc."
30925,8,1,DELTA Fiber Nederland B.V.
203489,8,1,WiMore S.r.l.
200350,8,1,Yandex.Cloud LLC
35313,8,1,Infonas W.L.L.
20340,8,1,"CallTower, Inc."
267809,8,1,360NET C.A.
6391,8,1,Beanfield Technologies Inc.
40703,8,1,"Turner Broadcasting System, Inc."
48173,8,1,Orange Business Digital Germany GmbH
9729,8,1,iAdvantage Limited
33680,8,1,TELEPERFORMANCE USA
197301,8,1,Parknet F.M.B.A.
42038,8,1,Krivets Sergey Sergeevich
31298,8,1,Zulu Ltd.
4749,8,0,WiseTechGlobal Pty Ltd
47631,8,0,SIP COMMUNICATIONS LIMITED
8469,8,0,CANCOM Managed Services GmbH
36182,8,0,Accretive Networks
23778,8,0,"IMIZU CABLE NETWORK CO.,LTD."
202448,8,0,MVPS LTD
19165,8,0,Webpass Inc.
30337,8,0,Deloitte Services LP
2639,8,0,ZOHO
202779,8,0,EVOBITS Information Technology SRL
13172,8,0,Electroenergien Sistemen Operator EAD
17158,8,0,"Datto, LLC"
210258,8,0,Wildanet Ltd
213607,8,0,WORLD FIRST COMMUNICATION LTD
11251,8,0,Disney Streaming Services
395502,8,0,JeffColo
16625,8,0,"Akamai Technologies, Inc."
58096,8,0,Viter Evgeniy Vasilevich
11233,8,0,Gorge Networks LLC
393330,8,0,Circana LLC
202032,8,0,GOLINE SA
212341,8,0,"Stephan Rakowski, trading as CSN-Solutions GmbH"
21534,8,0,"BroadSoft, Inc."
48519,8,0,Knipp Medien und Kommunikation GmbH
215248,8,0,Bastiaan Mathijs Brink
401671,8,0,ACCESSPARKS LLC
50655,8,0,ITS HOSTED
50858,8,0,SAS SOLUTIONS INFORMATIQUES SERVICES
399885,8,0,Evans & Sutherland Computer Corporation
3738,8,0,State Street Bank and Trust Company
13105,8,0,INFORM LLC
60550,8,0,DeepL SE
214329,8,0,BGP Network LLC
2134,8,0,"Santander Global Technology and Operations, S.L."
214022,8,0,Joseph Rawlings trading as Virtnet.bond
151358,8,0,Finovy Pte. Ltd.
41743,8,0,OPTIMASET Ltd.
8899,8,0,inexio Informationstechnologie und Telekommunikation Gmbh
8360,8,0,Allianz Technology SE
35100,8,0,Patrik Lagerman
17958,8,0,"Kasaoka Cable Vision Co,LTD."
56201,8,0,"Zoho Corporation Pvt. Ltd,"
62856,8,0,"Docusign, Inc"
2607,8,0,Zdruzenie pouzivatelov Slovenskej akademickej datovej siete SANET
7726,8,0,FedEx Internet Technologies Corporation
12211,8,0,Operations & Compliance Network LLC
17210,8,0,"Everywhere Wireless, LLC"
17466,8,0,Genpact India Private Limited
26459,8,0,"The Trade Desk, Inc."
21412,8,0,"UAB ""Cgates"""
201277,8,0,Eloquent Technologies Ltd
60326,8,0,0xDEADBEEF LTD
28792,8,0,Public Internet Ltd
26485,8,0,"Six Continents Hotels, Inc."
34624,8,0,Megaspace Internet Services GmbH
62227,8,0,EKCO CLOUD AND SECURITY LIMITED
60142,8,0,NXP Semiconductors Netherlands B.V.
63859,8,0,PT Eka Mas Republik
263511,8,0,Saveincloud Hospedagem na Internet Ltda
211389,8,0,Briant Broadband Limited
35224,8,0,PLINQ BV
54290,8,0,HostPapa
51263,8,0,County Broadband Ltd
47998,8,0,Oscar Music & Media Ltd.
209835,8,0,Despliegue de Redes de Telecomunicaciones S.L.
205111,8,0,ZOHO Corporation B.V
7752,8,0,"THRESHOLD COMMUNICATIONS,INC."
214155,8,0,Saily Inc.
16880,8,0,TREND MICRO INCORPORATED
209854,8,0,Cyberzone S.A.
33442,8,0,Zebra Technologies Corporation
49200,8,0,Sperasoft Poland Sp. z o.o.
18214,8,0,TELUS INTERNATIONAL
47836,8,0,SC Web Software Development SRL
395354,8,0,"Starry, Inc."
47363,8,0,Yunta Ltd.
15436,8,0,WITBE S.A.
199752,8,0,Go-Trex Holding BV
42632,8,0,MnogoByte LLC
204384,8,0,"LLC ""OTT UKRAINE"""
262393,8,0,A ALVES GOMES INFORMATICA - ME
208814,8,0,Tilman Schaefers
42004,8,0,VOIP-UN LIMITED
203818,8,0,Marshall Wace Asset Management Ltd
10376,8,0,"Wells Fargo Bank, N.A."
400696,8,0,"MIBURA, INC."
26344,8,0,"Real Page, Inc."
800,8,0,OneWeb
17003,8,0,Zoetis Inc.
209768,8,0,white2net Srl
204558,8,0,Odyssey Systems Ltd
36671,8,0,"TWO SIGMA INVESTMENTS, LP"
34924,8,0,"Pankerl - Media, Florian Pankerl"
53712,8,0,Wellington Management Company LLP
215887,8,0,Serhiy Bobrov
393891,8,0,Nutrien
14610,8,0,Integral Development Corp.
262210,8,0,VIETTEL PERÚ S.A.C.
20504,8,0,RTL Nederland B.V.
396417,8,0,"Salesforce, Inc."
17073,8,0,Allegis Group
38230,8,0,Navice Consulting
27381,8,0,Index Exchange Inc.
207740,8,0,Youssef Hamed
15600,8,0,Quickline AG
16298,8,0,Lubbers Box Telematica BV
40526,8,0,"Gap, Inc. Direct"
17534,8,0,"NSK Co.,Ltd."
11588,8,0,Lambda
56396,8,0,NEXXEN GROUP LTD
6752,8,0,"ANDORRA TELECOM, S.A.U."
25820,8,0,IT7 Networks Inc
2631,8,0,Discovery Communications
208059,8,0,Hermann Lienstromberg
20645,8,0,PurePeak Ltd.
203346,8,0,Proper Support LLP
203182,8,0,DIGITURK LTD.
12605,8,0,LIWEST Kabelmedien GmbH
35777,8,0,LTN Global Communications Inc
150289,8,0,Sun Yanzheng
200005,8,0,Akamai International B.V.
52890,8,0,Centro Integrado de Telemática do Exército
52112,8,0,Gentlent GmbH
198622,8,0,Adform A/S
15113,8,0,Harman International Industries Inc.
31472,8,0,VoiceHost Ltd
37002,8,0,Reunicable SAS
35339,8,0,AtNOC GmbH
57700,8,0,DeepCo Ltd
199670,8,0,DNS-Belgium VZW
213499,8,0,Gorokhov Kirill
39202,8,0,Global Radio Limited
4546,8,0,S&P Global Inc.
214420,8,0,Conor Lewis
49377,8,0,ARCTIC TELECOM Limited Liability Company
205530,8,0,DE-CIX Management GmbH
47524,8,0,Turksat Uydu Haberlesme Kablo TV ve Isletme A.S.
7617,8,0,CTM (HK) Limited
4868,8,0,"Pioneer Hi-Bred International, Inc."
48739,8,0,SPUTNIK LLC
139138,8,0,"Gopay Information Technology Co.,Ltd"
211029,8,0,XTX Markets Limited
400226,8,0,StormyCloud Inc
48061,8,0,Limited Liability Company GPM Digital Technologies
212250,8,0,Horizon Scope Mobile Telecom WLL
64294,8,0,Panasonic Avionics Corporation
8683,8,0,Nominet UK
206805,8,0,"LLC ""T1Cloud"""
51826,8,0,evroc AB
208959,8,0,SlashN Services Pte. Ltd.
30132,8,0,ISC F-ROOT AMS1
46416,8,0,"BankOnIT, L.L.C."
24023,8,0,Juniper Networks HK Ltd.
214344,8,0,Hanxun Xu
137897,8,0,"PAN-LIAN TECHNOLOGY CO., LIMITED"
20756,8,0,NAMESHIELD SAS
62382,8,0,LLC KDV Grupp
54363,8,0,Baker Hughes Holdings LLC
4685,8,0,"Asahi Net, Inc."
219458,8,0,Volodymyr Puzanov
34927,7,34152,iFog GmbH
1103,7,6177,SURF B.V.
31500,7,5303,Global Network Management Inc
9930,7,2348,TIME dotCom Bhd
14840,7,1849,BR.DIGITAL 
58717,7,1104,Summit Communications Ltd
4826,7,880,Vocus Connect International Backbone
23520,7,634,"Columbus Networks USA, Inc."
50263,7,554,A-Systems Sp. z o.o.
9583,7,533,Sify Limited
28917,7,499,"Fiord Networks, UAB"
9121,7,489,Turk Telekom
10075,7,399,Fiber@Home Global Limited
7049,7,337,Silica Networks Argentina S.A.
35297,7,320,Dataline LLC
29076,7,305,Citytelecom LLC
35661,7,251,VIRTUA SYSTEMS SAS
12874,7,228,Fastweb SpA
15935,7,226,ha-vel internet s.r.o.
35320,7,211,Eurotranstelecom Ltd
263903,7,204,INFORBARRA TELECOM
8717,7,199,A1 Bulgaria EAD
38195,7,198,Superloop
199995,7,188,Omega Telecom LLC
11164,7,186,Internet2 I2PX
20055,7,172,Ziply Fiber
11404,7,170,Wave Broadband
8866,7,170,Vivacom Bulgaria EAD
1820,7,163,WNET TELECOM USA Corp.
21574,7,162,Century Telecom Ltda
17378,7,129,"TierPoint, LLC"
45147,7,129,PT NAP Info Lintas Nusa
8400,7,125,Telekom Srbija a.d.
8434,7,111,Telenor Sverige AB
270735,7,110,COMPUTIZE NETWORK TELECOMUNICACOES LTDA
3741,7,95,Dimension Data
2854,7,89,LLC Orange Business Services
394684,7,73,GOLD DATA USA INC
59692,7,71,IQWeb FZ-LLC
17451,7,68,Biznet Networks
24724,7,58,Atman Sp. z o.o.
12297,7,58,Telecom Armenia OJSC
28198,7,57,SEMPRE TELECOMUNICACOES LTDA
3204,7,55,xTom OU
28761,7,50,CrimeaCom South LLC
43727,7,50,JSC KVANT-TELEKOM
53180,7,46,INFORTEL COMUNICACOES LTDA
37497,7,43,Network Platforms (PTY) LTD
196925,7,43,Azertelecom LLC
21413,7,40,Envia Tel GmbH
2200,7,39,Renater
12722,7,37,RECONN LLC
34772,7,37,NEOTEL AD Skopje
25394,7,37,MK Netzdienste Verwaltungs GmbH trading as MK Netzdienste GmbH & Co. KG
27947,7,35,Telconet S.A
40850,7,33,UPIX NETWORKS INTERNATIONAL LLC
38008,7,31,Aperture Science Limited
3737,7,31,PenTeleData Inc.
237,7,31,Merit Network Inc.
8374,7,30,Polkomtel Sp. z o.o.
19905,7,30,Arbor Cloud
136168,7,30,Campana MYTHIC Co. Ltd.
8492,7,28,"""OBIT"" Ltd."
44735,7,27,Nova hf
41039,7,26,"Timer, LLC"
17806,7,26,Mango Teleservices
29909,7,26,Metro Optic
26744,7,25,"Planters Communications, LLC"
133385,7,25,Atom Myanmar Limited
14080,7,25,Telmex Colombia S.A.
51088,7,23,A2B IP B.V.
6848,7,23,Telenet BV
265144,7,23,MCD INFORMATICA E TELECOMUNICACOES LTDA - ME
56595,7,23,Commsworld Ltd
22742,7,23,Connecticut Education Network
13489,7,23,EPM Telecomunicaciones S.A. E.S.P.
8758,7,23,Iway AG
766,7,22,Entidad Publica Empresarial Red.es
39153,7,22,"JOINT-STOCK COMPANY ""TELEPORT TELECOM"""
28649,7,22,Desktop Sigmanet Comunicação Multimídia SA
39801,7,22,France-IX L3 Services
376,7,22,Reseau d'Informations Scientifiques du Quebec (RISQ Inc.)
43766,7,21,Zain Saudi Arabia
47626,7,21,"Timer, LLC"
20712,7,20,Andrews & Arnold Ltd
33185,7,20,Hive Data Center Inc.
7992,7,20,Cogeco Connexion Inc.
49304,7,20,SAKURA LINK LIMITED
37148,7,20,Globacom Limited
43139,7,20,Maximum-Net LLC
2734,7,20,CoreSite
34696,7,19,"MISMELINK NETWORKS, SL"
21738,7,19,Rozint
15623,7,19,Cyberlink AG
270814,7,19,ZAAZ TELECOM
42861,7,19,Foton Telecom CJSC
7632,7,18,PT Link Net Tbk
55039,7,18,"Fatbeam, LLC"
13287,7,17,FALBOX S.L. trading as NIXVAL
34471,7,17,Free Technologies Excom S.L.
43641,7,16,SOLLUTIUM EU Sp z.o.o.
263237,7,16,PowerHost Telecom SPA
31430,7,16,OOO Suntel
209307,7,16,LLC Cifrovie Seti Urala
199624,7,15,DK Svyaz OOO
8194,7,15,Latvia State Radio and Television Centre
212027,7,15,PebbleHost Ltd
43372,7,15,TELNAP TELECOM Sp. z o.o.
3225,7,15,Bonline aka GULF communications
399486,7,14,Virtuo
12306,7,14,Plus.line AG
212683,7,14,Olilo UK & Ireland Ltd
31257,7,14,Orion Telecom LLC
53597,7,13,Hoyos Consulting LLC
51028,7,13,Zummer LLC
48084,7,13,Uzhnie Magistraljnie Linii Svyazi LLC
15965,7,13,CEGECOM S.A.
44814,7,12,"""Bulgartel"" AD"
401322,7,12,NetO Corp
2495,7,12,Kansas Research and Education Network
14103,7,12,ACD.net
23033,7,11,Wowrack.com
36947,7,11,Telecom Algeria
58307,7,11,UNITEL-MEDIA Sp. z o.o.
262474,7,11,ALTERNA TELECOMUNICACOES E CONECTIVIDADE LTDA EPP
44267,7,11,EN+ TELECOM LLC
48728,7,11,Vodafone Qatar P.Q.S.C
60503,7,11,FNX Tecnologia LTDA
9354,7,11,Community Network Center Inc.
17477,7,11,Macquarie Technology Operations Pty Limited
201746,7,10,Olivenet Network S.L.
28890,7,10,INSYS LLC
19711,7,10,SWAZILAND PTC
25192,7,10,"CZ.NIC, z.s.p.o."
266438,7,10,GNS FIBRA
206119,7,10,Veganet Teknolojileri ve Hizmetleri LTD STI
44407,7,9,Linkt SAS
61423,7,9,JMP Technology Services GmbH
38320,7,9,PT Maxindo Mitra Solusi
49425,7,9,Digital Realty (UK) Limited
6400,7,9,Claro Dominican Republic
59900,7,9,B-IX Route Servers
214675,7,9,Hidenori Matsuo
61616,7,9,Union ISP S/A
12491,7,9,Gilat Telecom Ltd.
139972,7,9,PT Putra Lebak Banten
59645,7,9,Tobias Fiebig
43623,7,8,Hessischer Rundfunk
138322,7,8,Afghan Wireless Communication Company
23671,7,8,PT Sarana Insan Muda Selaras
20394,7,8,Rainier Connect
34087,7,8,NTE TELEKOM AS
28840,7,8,"PJSC ""TATTELECOM"""
50340,7,8,Selectel - Moscow
36040,7,8,Google (Global Cache)
60439,7,8,SERVERNET INTERNET LIMITED
15962,7,8,Orange Slovensko a.s.
2572,7,8,Missouri Research and Education Network (MOREnet)
13000,7,7,Leon Sp. z o.o.
34525,7,7,KOBA Sp. z o.o.
11090,7,7,"Matanuska Telecom Association, Incorporated"
24955,7,7,"JSC ""Ufanet"""
50020,7,7,CETIN Bulgaria EAD
38442,7,7,Vodafone Fiji Limited
5631,7,7,Telcom Networks Limited
60539,7,7,Huicast Telecom Limited
43366,7,7,OSSO B.V.
10674,7,7,Gainesville Regional Utilities
197695,7,6,"""Domain names registrar REG.RU"", Ltd"
30764,7,6,PODA a.s.
12494,7,6,"OOO ""Post ltd"""
18914,7,6,ETS TELECOM
205112,7,6,PHILUNET GmbH
18187,7,6,Ignite Telecommunications Inc
35807,7,6,SkyNet Ltd.
210,7,6,Utah Education Network
13189,7,6,Liden Data Internetwork AB
9070,7,6,Cooolbox AD
29550,7,6,Team Blue Carrier Limited
135477,7,6,PT Java Digital Nusantara
12480,7,6,ILK Internet GmbH Rechnerkommunikation im Internet
33991,7,6,IGRA-SERVICE LLC
35236,7,6,UVT Internet s.r.o.
265330,7,5,Ponto a Ponto Telecomunicaçoes
56694,7,5,LLC Smart Ape
62275,7,5,NHM - S.R.L.
21472,7,5,ServerHouse Ltd
21430,7,5,WIA spol. s.r.o.
54182,7,5,Bell Canada
264479,7,5,Turbozone Internet
137557,7,5,"International gateway co., Ltd"
138886,7,5,PT Data Buana Nusantara
47478,7,5,MSTN CJSC
43852,7,5,Fast Communication Company Ltd
8002,7,5,"Stealth Communications Services, LLC"
11290,7,5,Cogeco Connexion inc
14979,7,5,Aeronet Wireless
61851,7,5,Garra Telecom Ltda
12709,7,5,Melita Limited
34244,7,5,Teleservice Bredband Skane AB
15672,7,5,OOO Telecom TZ
8821,7,5,WWZ Telekom AG
198150,7,5,SIACOM JSC
211526,7,5,Darjavna Agencia za Elektronno Upravlenie
44854,7,4,Arend Brouwer
7296,7,4,"Dynascale Technologies, Inc."
138881,7,4,PT Indonesia Trans Network
27715,7,4,Locaweb Serviços de Internet S/A
139628,7,4,"Mega Truenet Communication Co., Ltd."
42845,7,4,BLUE SAS
197078,7,4,Yarnet Ltd
11924,7,4,"Montana Opticom, LLC"
5065,7,4,Bunny Communications
41364,7,4,CONSORZIO TOPIX - TORINO E PIEMONTE EXCHANGE POINT
203462,7,4,NOVACONN SRL
213887,7,4,WAIcore Ltd
38176,7,4,ABS - Agility Beyond Space
61071,7,4,NETBOX LTD
51790,7,4,"SIEL, d.o.o."
42905,7,4,LIMANET Ltd.
8943,7,4,Jump Networks Ltd
266192,7,4,LP PROVEDORA DE INTERNET E INSTALAÇÕES DE REDES TE
21766,7,4,"BEN LOMAND RURAL TELEPHONE COOPERATIVE, INC."
43404,7,4,Fastnet LLC
207044,7,4,Enet Telecommunications Networks Limited
30740,7,4,Exa Networks Limited
60900,7,4,Adrian Trifonov trading as Ssmidge Technologies
13247,7,4,Erdenreich Datentechnik GmbH
22324,7,4,XTEL Communications
265315,7,3,BINDNET RJ
56294,7,3,VMvault Pty Ltd
7162,7,3,Scala Data Centers / UNIVERSO ONLINE S/A
152194,7,3,CTG Server Limited
49403,7,3,AVK-Wellcom Ltd.
272102,7,3,BESSER SOLUTIONS C.A.
12905,7,3,ACS spol. s r. o.
15743,7,3,net.de AG
24811,7,3,Joint Stock Company Kuzbassenergosviaz
35048,7,3,Biterika Group LLC
58291,7,3,ColoCenter b.v.
41107,7,3,Backbone Connect Limited
262354,7,3,LIGUE MÓVEL S.A.
57829,7,3,IVER
40788,7,3,Start Communications
23379,7,3,"Blackburn Technologies II, LLC"
47775,7,3,"JSC ""Ufanet"""
49320,7,3,Golitsyno Telecom Ltd
47536,7,3,PathConnect GmbH
2514,7,3,"NTT PC Communications, Inc."
207203,7,3,TIMEWARP IT Consulting GmbH
33771,7,3,Safaricom Limited
31103,7,3,Keyweb AG
273461,7,3,Atjp Corp
29686,7,3,Jonas Frey trading as Probe Networks
60132,7,3,Zoreole Group SARL
5645,7,3,"TekSavvy Solutions, Inc."
39839,7,3,Punktum dk A/S
35539,7,3,Information and Communication Technologies LLC
61438,7,3,ip-it consult GmbH
31272,7,3,WildPark Co
60880,7,3,Horizon Telecom B.V.
213513,7,3,Computle Limited
10098,7,3,Towngas Telecommunications Fixed Network Ltd
267056,7,3,EVEREST RIDGE DO BRASIL LTDA
35575,7,2,Vaioni Group Ltd
328366,7,2,FIRSTNET TECHNOLOGY SERVICES (PTY) LTD
29680,7,2,Gamma Operadora de Comunicaciones S.A.
27712,7,2,Paulo Dias de Araujo Filho
28889,7,2,LinzNet Internet Service Provider GmbH
59659,7,2,Securus Communications Ltd.
60670,7,2,WideFM Ltd
12727,7,2,Vialis SEM
8462,7,2,Tarr Kft.
208621,7,2,LogicForge Limited
48610,7,2,Bykov Roman Andreevich
399606,7,2,"Imaging Bay, Inc."
8607,7,2,Digital Space Group Limited
19662,7,2,Uniserve On Line
513,7,2,CERN
5398,7,2,Internet one SRL
60345,7,2,icixs networks GmbH
1921,7,2,ipcom GmbH
17984,7,2,PCCW Global (HK) Ltd.
5662,7,2,Warner Bros. Discovery
39251,7,2,NETGUARD LLC
7131,7,2,PTI Pacifica Inc.
35032,7,2,"LLC SIP ""NIS"""
30766,7,2,GGEW net GmbH
135158,7,2,Softnet Limited
5539,7,2,SpaceNet AG
201675,7,2,SACLAK NETWORK SAS
30870,7,2,Trans-iX B.V.
51430,7,2,AltusHost B.V.
152144,7,2,LIGHTSTORM ASIA PTE. LTD.
399077,7,2,Tcloudnet
34119,7,2,Wildcard UK Limited
29582,7,2,Optisprint OOD
24611,7,2,Datacenter Luxembourg S.A.
23473,7,2,PAVLOV MEDIA INC
59139,7,2,PT Wifiku Indonesia
61287,7,2,onway (Schweiz) AG
42498,7,2,Gerkon LTD
197275,7,2,Link Telecom NN Ltd.
198545,7,2,FLEX NETWORK SARL
19255,7,2,"YOUR.ORG, INC."
35640,7,2,OOO MIGRAPH
17924,7,2,SmarTone Mobile Communications Ltd
34154,7,2,Configo Systems Gesellschaft fuer Systemloesungen mbH
29668,7,2,vXtream Ltd
204281,7,2,NETX - NG LTD
57758,7,2,CBWS Holding B.V.
31444,7,2,SeaExpress Ltd.
206014,7,2,SARL IPSET
63066,7,2,"7Hoop Network Telecom, LLC"
32270,7,2,"LD Telecommunications, Inc."
47236,7,2,CityLink Ltd
31510,7,2,Innsbrucker Kommunalbetriebe AG
15510,7,2,Compuweb Communications Services Limited
17303,7,2,"Network Advisors, LLC"
12941,7,2,intersaar GmbH
202297,7,2,Skylon Solutions Limited
249,7,2,Packet Star Networks Limited
263656,7,2,BRSULNET TELECOM LTDA
28469,7,2,AT&T COMUNICACIONES DIGITALES S DE RL
55900,7,2,GLBB Japan KK
48070,7,2,DSM (GB) Limited
196881,7,2,Liberty-izone Ltd
199163,7,2,DATAGROUP Operations GmbH
52545,7,2,BJ NET Provedor de Internet Ltda. - ME
57119,7,1,NAITWAYS SAS
48101,7,1,Trooli Ltd.
61094,7,1,CRATIS d.o.o.
205548,7,1,ZOUTER LIMITED
13750,7,1,"Transaction Network Services, Inc."
16417,7,1,Cisco Systems Ironport Division
207994,7,1,Blockchain Creek B.V.
22295,7,1,Advin Services LLC
29222,7,1,Infomaniak Network SA
46824,7,1,NameCrane LLC
10118,7,1,Hutchison Telephone Company Limited
51184,7,1,Fonira Telekom GmbH
139750,7,1,IDCServices.net Inc
22216,7,1,Siemens Corporation
216456,7,1,Dcent Investments BV
8723,7,1,ITS INTEGRA SAS
207995,7,1,Lightning Fibre
39563,7,1,CTA Systems B.V.
16353,7,1,Merula Limited
199938,7,1,Netzwerge GmbH
23114,7,1,Critical Hub Networks
9365,7,1,its communications Inc.
63150,7,1,Bage Cloud LLC
31319,7,1,ESTRACOM SPA
60299,7,1,Mezhdugorodnyaya Mezhdunarodnaya Telefonnaya Stanciya Ltd.
20723,7,1,"AVONET, s.r.o."
62105,7,1,Jonaz B.V.
47388,7,1,Dante International SA
31059,7,1,"SIA ""AVELACOM"""
208915,7,1,HYPERLXC MEDICAL LTD
16082,7,1,Spitfire Network Services Limited
15372,7,1,IBH connect GmbH
272786,7,1,X99 INTERNET
136749,7,1,KS IT SOLUTIONS SDN BHD
15966,7,1,Emango Internet Services B.V.
63113,7,1,Globecorp Networks
60431,7,1,PNO Solutions Limited
52389,7,1,SSCS BV
41268,7,1,Sesameware FZ-LLC
28252,7,1,Worldnet Telecom Comunicações LTDA
20648,7,1,TMN SA
8839,7,1,SDV6TM SAS
42331,7,1,PE Freehost
39602,7,1,The Cent.re Group Limited
268637,7,1,Easy Connection Internet Ltda. - ME
196750,7,1,SETI WEBA LTD
9416,7,1,"KBT Co., LTD 4F., No.57, Dongxing Rd., Xinyi Dist., Taipei City 110, Taiwan (R.O.C.)"
29606,7,1,Borwood Ltd
23884,7,1,Proen Corp Public Company Limited.
206347,7,1,Wessex Internet Limited
31214,7,1,TIS Dialog LLC
28213,7,1,LCI Telecom
42459,7,1,Fiber Optics Bulgaria OOD
35758,7,1,Rachamim Aviel Twito
138096,7,1,PT Informasi Nusantara Teknologi
49888,7,1,Ultranet Sp. z o.o.
49158,7,1,WIFINITY NETWORKS LIMITED
35237,7,1,Sberbank of Russia PJSC
17686,7,1,ACCELIA
267124,7,1,Virtualnet.tv.br
205769,7,1,Mainzer Breitband GmbH
27983,7,1,Red Intercable Digital S.A.
31293,7,1,ITNS GLOBAL EOOD
131330,7,1,irix
34863,7,1,HEXANET SAS
21030,7,1,Cluster LLC
1213,7,1,ASIERA TECHNOLOGY SERVICES CLG
50316,7,1,Net Global Srl
23428,7,1,ServerForge LLC
13331,7,1,MetaPeer
12488,7,1,Krystal Hosting Ltd
39498,7,1,LMAX Digital Group Limited
62336,7,1,PURtel.com GmbH
197422,7,1,Tetaneutral.net Association declaree
2527,7,1,Sony Network Communications Inc.
265188,7,1,Grupo WCM net
30972,7,1,Bedrock SAS
39878,7,1,Peter Rauter GmbH
264477,7,1,FLIX TELECOM
200924,7,1,Stiegeler Internet Service GmbH
39444,7,1,OWENTIS SAS
41560,7,1,UGMK-Telecom LLC
12186,7,1,GVVME
42947,7,1,Telfy Telecom S.L.
208591,7,1,Aitire S.L
197667,7,1,Telekom System sp.z o.o.
210320,7,1,Cedric Hoogendoorn
142319,7,1,PT Telemedia Komunikasi Pratama
58138,7,0,Korton Computer Communication (KCC) B.V.
207907,7,0,Elia Kessler
24691,7,0,"TogoTelecom, Togo"
58011,7,0,CHEOPS TECHNOLOGY FRANCE S.A.
202498,7,0,T-Bank (Mobile)
49813,7,0,Innova Co S.A.R.L.
205206,7,0,Netsite A/S
58664,7,0,Adobe Systems India Pvt. LTD
3599,7,0,CDW Technologies LLC
20464,7,0,HP Inc.
12701,7,0,Barclays Bank plc
265691,7,0,WI-NET TELECOM S.A.C.
205398,7,0,Tyler OBrien
213466,7,0,BPCE S.A.
43500,7,0,Warner Bros. Discovery
25279,7,0,Treml+Sturm Datentechnik GmbH
56418,7,0,Operationrange LTD
212483,7,0,LEVEL EIGHTY-SIX COMMUNICATIONS LTD
57537,7,0,Net-D-Sign GmbH
199471,7,0,Marcel Straub
27011,7,0,XM Satellite Radio
48303,7,0,OVIS IT Consulting GmbH
210232,7,0,PACTOO SAS
7524,7,0,"ITEC HANKYU HANSHIN CO.,LTD."
51764,7,0,JSC AMTEL-SVYAZ
57495,7,0,CONNET - RO SRL
41529,7,0,MediaServe International B.V.
30971,7,0,nic.at GmbH
39960,7,0,Barnes & Noble Inc.
51087,7,0,Bling Network Ltd
20681,7,0,Saxo Bank A/S
19116,7,0,"Washington Broadband, Inc."
38719,7,0,Dreamscape Networks Limited
21886,7,0,Netrix LLC
203714,7,0,LLC Flex
34756,7,0,NEP Media Solutions B.V.
15826,7,0,NFrance Conseil
42339,7,0,Chaika Telecom Petersburg Limited Company
10212,7,0,China Enterprise ICT Solutions Limited
266216,7,0,BRASIL LIKE TELECOMUNICACOES EIRELLI
59780,7,0,Surfboxx IT-Solutions GmbH
131274,7,0,Cypresstel Global Network
214783,7,0,Danny Nieuwenhuis trading as DedicatedNodes
203752,7,0,E-CAPS DOO
26685,7,0,Franklin Resources
43937,7,0,Playtech Estonia OU
57793,7,0,1310 Limited
8431,7,0,TEA Ltd.
48348,7,0,Cloud Builders SA
198736,7,0,Stream Networks Ltd
204735,7,0,Bobr-Telecom LLC
61189,7,0,Elkdata OU
12470,7,0,Globe Development GmbH
11245,7,0,The Goodyear Tire & Rubber Company
202418,7,0,Hendrik George Koren
53991,7,0,Acronis
198016,7,0,Michael Kieser
42511,7,0,Connect LLC
265855,7,0,LEGON TELECOMUNICACIONES SAS
394646,7,0,"Eagle Eye Networks, Inc"
40513,7,0,"Edge Technology Group, LLC"
55081,7,0,24 SHELLS
38186,7,0,"Forewin Telecom Group Limited, ISP at HK"
53240,7,0,Net Onze Provedor de Acesso a Internet Eireli
41616,7,0,Teleservis-plus LLC
21868,7,0,A10H LLC
213054,7,0,Keepit A/S
199775,7,0,Connexin Limited
26931,7,0,"Schonfeld Strategic Techworx, LLC."
205163,7,0,Sergey Proshutinskiy
204631,7,0,VIVANET GmbH
29283,7,0,Hub One SA
24730,7,0,Garnier Projects BV
201119,7,0,Icewood LLC
61373,7,0,Connect The World Ltd.
59253,7,0,Leaseweb Singapore Pte. Ltd.
206530,7,0,VOXYONDER NETWORK SERVICES UK LTD
211286,7,0,Tobias Fiebig
206720,7,0,AIRBUS SAS
263210,7,0,HV TELEVISION S.A.S
16728,7,0,"Mattel, Inc."
19380,7,0,"C.H. ROBINSON WORLDWIDE, INC."
3130,7,0,RGnet OU
11038,7,0,"Salish Networks, Inc."
8092,7,0,"Access Media Holdings, LLC"
209650,7,0,Wu Zhiyuan
210890,7,0,ROKR Services BV
34746,7,0,AXA Insurance UK plc
51531,7,0,DE-CIX Management GmbH
59827,7,0,Futureweb BVBA
2003,7,0,Electric Power Research Institute
16645,7,0,"EPIQ Systems, Inc"
61102,7,0,Interhost Communication Solutions Ltd.
48345,7,0,Abavia S.r.l.
25350,7,0,Nuovo Pignone International S.r.l
44061,7,0,"SAT-MONT-SERVICE JACEK MRUK, KRZYSZTOF MRUK Sp. z o.o."
28855,7,0,Octopuce s.a.r.l.
14956,7,0,RouterHosting LLC
212781,7,0,Hypercon Ltd
209162,7,0,INTERNET HELLAS LP
209894,7,0,Foerderverein Freie Infrastruktur e.V.
22808,7,0,"LION RESOURCES, INC."
25182,7,0,Nederlandse Publieke Omroep
22103,7,0,"Nextiva, Inc."
39208,7,0,I.P. Integration Limited
202858,7,0,Alastair Barber
62663,7,0,Telecall
12409,7,0,TRUSTTEAM SAS
15128,7,0,Comwave Telecom Inc.
210558,7,0,1337 Services GmbH
197915,7,0,All for One Group SE
208808,7,0,Enegan S.p.A.
4680,7,0,Mitsubishi Electric Information Network Corporation
63303,7,0,TouchTone Communications
213798,7,0,Jude Gabriel Powell
60377,7,0,toob limited
19661,7,0,"Susquehanna International Group, LLP"
10226,7,0,ETL Company Limited
53020,7,0,IDT Brasil Telecomunicações Ltda.
23347,7,0,ZYC Network LLC
7768,7,0,Nuh Ahmet Firat trading as TEKNET YAZILIM VE BILGISAYAR TEKNOLOJILERI
29667,7,0,Atlantis Net Ltd.
44534,7,0,YANDEX LLC
13132,7,0,cyberways Informationsdienste GmbH
43709,7,0,SilesNet s.r.o.
22423,7,0,Altima Telecom
141995,7,0,Contabo Asia Private Limited
40244,7,0,Turnkey Internet Inc.
32444,7,0,Anthem Broadband
6363,7,0,"Extreme Networks, Inc."
49770,7,0,Internetport Sweden AB
212336,7,0,ByteVirt LLC
137263,7,0,NETEASE HONG KONG LIMITED
400687,7,0,Solytro LTD
154217,7,0,PT Fiber Akses Nusantara
9312,7,0,xTom
58385,7,0,PT Bank Syariah Mandiri
51095,7,0,"EdgeUno, Inc."
32806,7,0,MTNSAT Holdings LLC
15190,7,0,CTS LanguageLink
39561,7,0,"""Domain names registrar REG.RU"", Ltd"
46269,7,0,"UKG Kronos Systems, LLC"
41802,7,0,Limited Liability Company Kvidex-Telecom
205919,7,0,ON-X GROUPE SA
6253,7,0,The Prudential Insurance Company of America
59126,7,0,"NCT CO.,LTD."
55655,7,0,PT Sarana Insan Muda Selaras
49468,7,0,MAGIT'ST SRL
41090,7,0,Equation SAS
63402,7,0,Universal Orlando
11323,7,0,"Getty Images (Seattle), Inc."
137753,7,0,Beijing Jingdong Shangke Information Technology Co. Ltd.
205495,7,0,"OOO ""L-Telecom"""
55270,7,0,"Quik, LLC"
19512,7,0,Lyondell Chemical Company
11878,7,0,"tzulo, inc."
29588,7,0,Ivstar Ltd
395266,7,0,"Keysight Technologies, Inc"
204144,7,0,Comfort XXI Century Ltd.
34743,7,0,NASHNET LTD
1294,7,0,NTT DATA Services Holdings Corporation
266364,7,0,RABELO FLORES SERVIÇOS DE MULTIMIDIA EIRELI-IGBWEB
215502,7,0,Xing Qingyu
24432,7,0,Robi Axiata
53052,7,0,MULTIVELOX SERVICOS DE PROVEDOR DE ACESSO A INTERN
204463,7,0,Xin Zhao
44949,7,0,Gigacodes GmbH
401418,7,0,Red Team LTD
55003,7,0,Columbia Wireless Inc
12403,7,0,Telecommunication company FEONET+ LLC
56329,7,0,Gigaclear Limited
8069,7,0,Microsoft Corporation
2571,7,0,DHL Information Services (Europe) s.r.o
59689,7,0,Code40 SAS
133936,7,0,X86 Network Sdn Bhd
208802,7,0,Netavo Global Data Services Ltd
10135,7,0,EASPNET Inc.
26651,7,0,CareFusion Corporation
51055,7,0,Bridge Fibre Limited
201791,7,0,Devhouse Spindle B.V.
11377,7,0,"SendGrid, Inc."
200052,7,0,Feral.io Ltd
206426,7,0,Conclusion Enablement BV
399122,7,0,VPS House Technology Group LLC
395092,7,0,Shock Hosting LLC
205614,7,0,Medialine EuroTrade AG
45557,7,0,Vietnam Technology and Telecommunication JSC
35180,7,0,Broadsoft LTD
201379,7,0,Christian Hofstede-Kuhn
199518,7,0,Gregory Shapiro
55803,7,0,Hostopia Australia Web Pty Ltd
33921,7,0,Lebara Ltd
42518,7,0,Unet Communication LLC
58323,7,0,netgo tax GmbH
54092,7,0,"DRW Holdings, LLC"
397353,7,0,Teledyne Technologies Incorporated
36068,7,0,AppDirect
214036,7,0,"Ultahost, Inc."
136744,7,0,Dream Power Technology Limited
42965,7,0,net services Beteiligungsgesellschaft mbH trading as net services GmbH & Co. KG
18725,7,0,PVH Corp.
394434,7,0,Twilio Inc
149940,7,0,PT Mulia Batam Net
398037,7,0,NVIDIA Corporation
42344,7,0,Subtopia Ltd
250,7,0,AS250.net Foundation
22379,7,0,Manifold Services Inc
46024,7,0,PT Bank Negara Indonesia (Persero) Tbk
44733,7,0,Diederik Focko de Zee
11767,7,0,"Quality Technology Services, LLC"
9137,7,0,Uno Communications SpA
207866,7,0,InCompanyMedia B.V.
6379,7,0,"A-Link Network Services, Inc."
31050,7,0,The Framestore Limited
18608,7,0,"PALADYNE SYSTEMS, LLC"
48467,7,0,"""Pronet"" LLC"
17450,7,0,PT Bank Central Asia Tbk
207941,7,0,JITEN PATHY
31449,7,0,BELCENTER SA
55547,7,0,WoodsDale Ventures INC
20596,7,0,Future Publishing Ltd
51758,7,0,ProcoliX B.V.
139216,7,0,Htroy Network Research Limited
200879,7,0,John Carlo Olideles
205369,7,0,LI YIRAN
40391,7,0,CHS COOPERATIVES FOUNDATION
204302,7,0,Monitor ERP System AB
57811,7,0,Redge Technologies sp. z o.o.
54778,7,0,Broadway Technology LLC
25581,7,0,GMG AG
206245,7,0,Subset Solutions UK Limited
211729,7,0,Yiming Zhang
16920,7,0,"Wind River Systems, Inc."
39493,7,0,CJSC Kolomna-Sviaz TV
34164,7,0,Akamai International B.V.
125,7,0,"Honeywell International, Inc."
211008,7,0,Arturs Lihners
141083,7,0,PT Filltech Antar Nusa
198018,7,0,trivago N.V.
7270,7,0,IDT Corporation
23954,7,0,PT Bank Mandiri (Persero) Tbk
34966,7,0,Ralf Bender
45356,7,0,Mobitel Pvt Ltd
200373,7,0,3xK Tech GmbH
17978,7,0,SERVCORP AUSTRALIAN HOLDINGS LTD
40089,7,0,Bullhorn Inc.
59675,7,0,mywire Datentechnik GmbH
48945,7,0,OPEN FIBRE NETWORKS (WHOLESALE) LIMITED
6648,7,0,"Bayan Telecommunications, Inc."
45349,7,0,Telecom Fiji Ltd
35834,7,0,Fenris Creations ehf.
22056,7,0,Sitel
61200,7,0,MediaMonks Multimedia Holding B.V.
213039,7,0,MIKRAMIX LTD.
202282,7,0,FIBRUS NETWORKS LTD
20911,7,0,Net-Surf.net Ltd.
40185,7,0,"Junction Networks, Inc."
22593,7,0,Blue Cross and Blue Shield of North Carolina
150288,7,0,METAGE TECHNOLOGY PTE. LTD.
209002,7,0,Blackberry Capital Limited LLC
21040,7,0,Datapark AG
57653,7,0,Central Technology Ltd
41480,7,0,Systemec BV
205119,7,0,TELEKS DOOEL Skopje
1011,7,0,Accutar Biotechnology (Canada) Inc.
16931,7,0,"Global Payments, Inc."
56990,7,0,Syscomm Limited
200236,7,0,Saif Mohammed Alashram trading as Privacy Cloud Service & Datacenters Providers
210752,7,0,Global Legal Entity Identifier Foundation
64475,7,0,Freifunk Frankfurt am Main e.V.
40170,7,0,"Intermetro Communications, Inc."
60868,7,0,Runtime Collective Limited
44123,7,0,Telavox AB
50577,7,0,Intelsc Ltd.
58349,7,0,Elna Paulette Valentin trading as INNETRA PC
28665,7,0,PREDIALNET FIBRA
16751,7,0,Open Text Corporation
47697,7,0,BIX.BG Ltd.
215956,7,0,Dennis de Houx trading as All In One
11054,7,0,"LivePerson, Inc."
39356,7,0,Avanti Broadband Ltd
22687,7,0,L3 NETWORKS INC
25878,7,0,"Quinstreet, Inc."
208034,7,0,Rono-IT BV
49223,7,0,EVEREST TV AND RADIO COMPANY LLC
17044,7,0,"THE INTERPUBLIC GROUP OF COMPANIES, INC."
22775,7,0,Moore Capital Management
30614,7,0,"Dell, Inc."
64200,7,0,VIVID-HOSTING LLC
398833,7,0,Bombardier Inc.
29632,6,29691,Netassist International EOOD
12779,6,29449,IT.Gate S.p.A.
50673,6,23448,Serverius Holding B.V.
50300,6,22275,CustodianDC Limited
48185,6,21961,team.blue NV
8359,6,4953,MTS PJSC
31133,6,2773,MegaFon PJSC
42708,6,2069,Glesys AB
35598,6,884,INETCOM CARRIER LLC
136106,6,691,PT Mega Akses Persada
271253,6,486,LINK BRASIL TELECOMUNICACOES LTDA
3326,6,415,Datagroup PJSC
55410,6,370,Vodafone Idea Ltd
55720,6,353,Gigabit Hosting Sdn Bhd
7029,6,331,Windstream Communications LLC
139009,6,320,Windstream Communication Limited
62081,6,281,Stowarzyszenie e-Poludnie
29226,6,280,MasterTel
12912,6,254,T-Mobile Polska S.A.
263009,6,236,FORTE TELECOM LTDA.
31027,6,235,GlobalConnect A/S
971,6,211,PureVoltage Hosting Inc.
37282,6,181,Mainone Cable Company
39392,6,172,SH.cz s.r.o.
4764,6,165,Aussie Fibre Pty Ltd
58495,6,148,PT Parsaoran Global Datatrans
15694,6,144,Atman Sp. z o.o.
28126,6,124,BRISANET SERVICOS DE TELECOMUNICACOES S.A
49581,6,118,Ferdinand Zink trading as Tube-Hosting
268624,6,95,Gamers Club Ltda
35168,6,91,TNS-Plus LLP
40676,6,84,Psychz Networks
8903,6,74,LYNTIA NETWORKS S.A.
6789,6,62,CRELCOM LLC
15994,6,61,A1 Hrvatska d.o.o.
25899,6,59,LS Networks
139901,6,59,Apple Communication Ltd.
35699,6,58,Adamo Telecom Iberia S.A.
28173,6,57,Dinamica Telecomunicacoes Ltda
5713,6,56,Telkom SA Ltd.
6768,6,56,"""EUROTELE-PLUS"" LLC"
4780,6,55,Digital United Inc.
11272,6,54,C Spire Fiber
24198,6,52,PT Datakom Padma Jaya
5578,6,52,"SWAN, a.s."
8764,6,51,"Telia Lietuva, AB"
63473,6,49,"HostHatch, LLC"
13807,6,49,Great Plains Communications LLC
12301,6,47,Invitech ICT Services Kft.
11096,6,44,FloridaNet
13576,6,44,SDN Communications
6325,6,42,Illinois Century Network
43668,6,41,"""AS43668"" LLC"
12083,6,41,WideOpenWest Finance LLC
134823,6,40,"Sky Digital Co., Ltd."
5610,6,39,"O2 Czech Republic, a.s."
38022,6,39,REANNZ National Research and Education Network
48858,6,39,"JSC ""ER-Telecom Holding"""
19151,6,36,"BroadbandONE, LLC"
29695,6,35,Lyse Tele AS
13415,6,35,"FirstDigital Communications, LLC"
51847,6,35,Nearoute Limited
28158,6,35,Ampernet Telecomunicações Ltda
13329,6,34,"Kansas Fiber Network, LLC"
30036,6,34,Mediacom Communications Corp
393577,6,34,Tritan Development
31117,6,34,ENERGOTEL a.s.
11492,6,34,"CABLE ONE, INC."
12213,6,33,Centersquare
19754,6,33,"The Fusion Network, LLC"
61745,6,31,NBS Telecom
51765,6,30,Oy Crea Nova Hosting Solution Ltd
13110,6,30,INEA sp. z o.o.
51465,6,28,M3.NET Sp. z o.o. / Fixmap Group
25454,6,27,Orange Moldova S.A.
13999,6,27,"Mega Cable, S.A. de C.V."
9125,6,27,Orion telekom d.o.o.
58470,6,26,Jazz Pakistan
18747,6,26,IFX Corporation
47692,6,25,Nessus GmbH
18106,6,25,Viewqwest Pte Ltd
29518,6,25,Bredband2 AB
5580,6,24,GTT Communications (APAC)
48422,6,23,IT-STARCOM LLC
25512,6,23,CD-Telematika a.s.
28258,6,22,VERO S.A
20141,6,22,"Quality Technology Services, LLC"
12387,6,22,TON Total optical Networks AG
197453,6,21,Biz Telecom LLC
29752,6,21,Zenlayer Inc
57630,6,21,84 Grams AB
14754,6,21,Claro Guatemala (Telgua)
26548,6,20,PureVoltage Hosting Inc.
12586,6,20,GHOSTnet GmbH
6208,6,20,FiberX
20860,6,19,IOMART CLOUD SERVICES LIMITED
553,6,19,BelWü
43733,6,19,Viva Armenia CJSC
51346,6,19,"Opened Joint Stock Company ""Tojiktelecom"""
17828,6,19,PNG DATACO LTD
18013,6,19,ASLINE LIMITED
28210,6,18,GIGA MAIS FIBRA TELECOMUNICACOES S.A.
39642,6,18,Sinal A/S
58002,6,18,JSC Svyazinform
41820,6,18,New Information Systems PP
21488,6,18,Emplot Ltd.
264943,6,16,VIARAPIDA TELECOMUNICAÇÕES LTDA - ME
21334,6,16,2Connect Telecommunications Infrastructure & Network Services Ltd.
6821,6,16,Makedonski Telekom AD-Skopje
5078,6,16,Oklahoma Network for Education Enrichment and
48832,6,16,Jordanian mobile phone services Ltd
29551,6,16,Aixit GmbH
20853,6,16,eTOP sp. z o.o.
3701,6,16,Link Oregon (University of Oregon)
49824,6,15,"PC ""Astra-net"""
37678,6,15,BOTSWANA FIBRE NETWORKS (Proprietary) Limited
31263,6,15,MYNET S.R.L.
47169,6,15,Pro-M Zrt.
19523,6,15,FlexNetworks
9286,6,15,KINX
21947,6,14,"Blackfoot Telephone Cooperative, Inc."
53610,6,13,"Metro Communications Company, Inc."
7670,6,13,"Enecom,Inc."
38496,6,13,PT Cyber Network Indonesia
400146,6,13,"DIAMOND STATE NETWORKS, LLC"
44103,6,13,The Mastermind Holding B.V.
39637,6,13,ADES BV
35614,6,13,Therecom Ltd
55805,6,13,MobiCom Corporation
34123,6,12,Netorn LLC
30742,6,12,Bremen Briteline GmbH
28201,6,12,VALE NET
16504,6,12,Granite Telecommunications LLC
29571,6,12,Orange Côte d'Ivoire
213438,6,12,ColocaTel Inc.
206735,6,12,Novelcomm LP
8339,6,11,kabelplus GmbH
18451,6,11,LES.NET
51407,6,11,Mada Al-Arab General Services Company
34056,6,11,Kyiv Optic Networks ltd
47720,6,11,Cork Internet Exchange Limited
39912,6,11,oja.at GmbH
12555,6,11,Data-center IMAQLIQ Ltd.
148968,6,11,Falcore Investments Pty Ltd
12312,6,10,ecotel communication ag
52263,6,10,Telecable Economico S.A.
10217,6,10,PT NTT Indonesia
262808,6,10,Brasilnet Telecomunicações Ltda ME
12778,6,10,"MEGA M, d.o.o."
50360,6,10,Tamatiya EOOD
272713,6,10,CDN Star Ltda
15493,6,9,"""Russian company"" LLC"
8728,6,9,AS INFONET
39702,6,9,S-IT Verwaltungs GmbH trading as S-IT Informationstechnologie Betreiber GmbH & Co. KG im Nordschwarzwald
52783,6,9,ALCANS TELECOM LTDA
265175,6,9,Amplitude Telecom
14016,6,9,Capcon Networks
9211,6,9,Nawork Internet Informationssysteme GmbH
14178,6,9,"Megacable Comunicaciones de Mexico, S.A. de C.V."
34251,6,8,LLC IMC
47377,6,8,Orange Belgium SA
17660,6,8,DrukNet ISP
41435,6,8,UnderNet LLC
41421,6,8,StarNet Telecom Sp. z o.o.
20912,6,8,Panservice s.a.s. di Cuseo Fabrizio & C.
41720,6,8,Revolution Provider S.r.l.
27364,6,8,Armstrong
15997,6,8,Intelligent Technologies S.A.
262505,6,8,N4 Telecomunicacoes LTDA - ME
8245,6,8,Video-Broadcast GmbH
20448,6,8,Peace Communications LLC
268042,6,7,Velonic / JET NET COMUNICACAO LTDA
263087,6,7,Br Super / Rawnet Informatica LTDA
15699,6,7,"Adam EcoTech, S.A"
59589,6,7,LLC KA-2
10954,6,7,SERVICO FEDERAL DE PROCESSAMENTO DE DADOS - SERPRO
7539,6,7,National Center for High-performance Computing
35467,6,7,DDFR IT Infra & Security B.V.
20161,6,7,TeraGo Networks Inc.
8636,6,7,MAXnet Systems Ltd.
50124,6,7,EASIO-COM SASU
30818,6,6,Advania Ísland ehf (Advania Transit)
24971,6,6,MasterDC s.r.o.
47887,6,6,AL-HADATHEH LIL-ITISALAT WA AL-TECHNOLOGIA CO.
208453,6,6,Johan Karlsson (SweHosting)
57050,6,6,DreamServer S.R.L.
28876,6,6,suec // dacor GmbH
395662,6,6,"OzarksGo, LLC"
15954,6,6,"Tecnocratica Centro de Datos, S.L."
36734,6,6,Paxio Inc.
17293,6,6,VTX Communications LLC
28760,6,6,Infotech EDV-Systeme GmbH
28978,6,6,COIG S.A
8990,6,6,4iG Telecommunications Holding Zrt
42910,6,6,PremierDC Veri Merkezi Anonim Sirketi
215172,6,6,JIANYUELAB LTD
213622,6,6,Falcon FZE LLC
41495,6,6,Faelix Limited
40065,6,6,CNSERVERS LLC
43833,6,6,"OPEN CABLE TELECOMUNICACIONES, S.L."
36222,6,6,WindWave Communications
47895,6,6,"LTD ""Erline"""
3580,6,6,Planet Networks
34362,6,5,Terrakom d.o.o.
46562,6,5,Performive LLC
56038,6,5,RackCorp
265171,6,5,SITELBRA LTDA
8820,6,5,tal.de GmbH
931,6,5,Hyonix
204861,6,5,Codisa Telco Solutions S.L.
53264,6,5,"SBA Edge, LLC"
20080,6,5,Florida International University
44512,6,5,KONVERTO SPA
48326,6,5,DataNetworks s.r.o.
43022,6,5,Seech-Infocom Ltd.
11666,6,5,Nexicom Inc.
262727,6,5,AtualNet Provedor de Internet Ltda
56111,6,5,Agarto Sdn Bhd
200132,6,5,Peter-Paul Maria Kurstjens
31655,6,5,Gamma Telecom Holdings Ltd
29017,6,5,NTT Data Centers (Gyron)
137331,6,5,PT Cloud Teknologi Nusantara
35706,6,5,Net at Once Sweden AB
134555,6,5,Encoo Pty Ltd
29196,6,5,Inzhenernye seti - Telecom LLC
138398,6,5,Prodigi Technology Services Limited
207113,6,5,Cyrus Mbitao trading as Wofbit Networks
61610,6,5,ELEA DATA CENTERS
63018,6,5,Dedicated.com
141140,6,5,PT Jinde Grup Indonesia
11403,6,5,NYI
211588,6,5,Innovation Harbor B.V.
44620,6,4,Netlen Internet Hizmetleri Ltd. Sti.
28676,6,4,WiTCOM Wiesbadener Informations- und Telekommunikations GmbH
7668,6,4,Hokuriku Telecommunication Network Co.
39521,6,4,TNGNET B.V.
49835,6,4,"Fundacio Privada per a la Xarxa Lliure, Oberta i Neutral, guifi.net"
28907,6,4,"Internet Invest, Ltd."
138415,6,4,Yancy Limited
48817,6,4,PRIZZ TELECOM SAS
24028,6,4,REDtone
12577,6,4,MMC GmbH
138854,6,4,PT Inter Medialink Solusi
60011,6,4,Mythic Beasts Ltd
23175,6,4,PogoZone
18260,6,4,"EHIME CATV CO.,LTD."
18988,6,4,City West Cable & Telephone Corp.
6421,6,4,TATA COMMUNICATIONS (AMERICA) INC
14371,6,4,Paul Bunyan Communications
63731,6,4,TIEN PHAT TECHNOLOGY CORPORATION
270548,6,4,AGI TELECOM LTDA
58779,6,4,i4HK Limited
17559,6,4,Spectrums Core Network
59278,6,4,PT Jaringan VNT Indonesia
52892,6,4,COPREL TELECOM LTDA
48885,6,4,Neocarrier Communications Sarl
58010,6,4,uvensys GmbH
14363,6,4,"MTC Communications, Inc."
59908,6,4,BalaLink S.A.
51484,6,4,Sieci Blokowe S.C.
54483,6,4,GeoLinks
52613,6,4,GIGA MAIS FIBRA TELECOMUNICACOES S.A.
35213,6,4,"TOV ""Kompjuternie Merezhi"""
55309,6,4,Minh Tu Telecom Limited Company
3331,6,4,OpenXS GmbH
134640,6,4,PT DCI Indonesia
20686,6,4,Bisping & Bisping GmbH & Co KG
262811,6,3,Mendex Networks
58396,6,3,PT Dewata Telematika
215296,6,3,Raoul Brouns is trading as LowPing NL
40779,6,3,VoltNet inc
34555,6,3,C.C.S. (Leeds) Ltd
10594,6,3,"Cutting Edge Communications, Inc."
61211,6,3,SETCOR d.o.o.
267501,6,3,Equatorial Telecomunicações LTDA
8823,6,3,Rockenstein AG
48919,6,3,UACITY Ltd.
199713,6,3,MLL Telecom Ltd.
51402,6,3,COM-IN Telekommunikations GmbH
36924,6,3,GVA Cote d'Ivoire SAS
39785,6,3,"Axioma, LLC"
204539,6,3,Axivora Connect Ltd
264010,6,3,Polli Telecom
41354,6,3,ITS Technology Group Limited
24679,6,3,kyberio GmbH
47586,6,3,Dmitriy V. Kozmenko
8448,6,3,CETIN Hungary Zrt.
197133,6,3,MEDIACTIVE SAS
52875,6,3,Montreal Informatica
1341,6,3,"Rockwell Collins, Inc."
27589,6,3,MOJOHOST
25540,6,3,Alphalink SASU
37492,6,3,Orange Tunisie
216334,6,3,New Hosting Technologies LLC
11979,6,3,Bluegrass Network LLC
33843,6,3,Dr.-Ing. Nepustil & Co. GmbH Internet Service Center Ingenieurgesellschaft fuer Systemsoftware und Kommunikationstechnik
57208,6,3,Advania Sverige AB
6723,6,3,"""AS6723"" LIMITED LIABILITY COMPANY"
141607,6,3,PT Gayatri Lintas Nusantara
43966,6,3,"OOO ""IT-Region"""
4474,6,3,"TCT West, Inc."
9370,6,3,SAKURA Internet Inc.
2688,6,3,"AT&T Enterprises, LLC"
61349,6,3,MaxiTEL Telecom B.V.
62205,6,3,"Unitel, LLC"
29063,6,3,Eviden Netherlands B.V.
39927,6,3,E-Light-Telecom Ltd.
59497,6,3,Buknet LLC
15389,6,2,P/F Telefonverkid
41765,6,2,IPGarde SAS
557,6,2,University of Maine System
20677,6,2,imos Gesellschaft fuer Internet-Marketing und Online-Services mbH
62386,6,2,Bulgarian Telecommunication Group EOOD
43338,6,2,TSG Interactive Services Limited
50869,6,2,Free-IX Remote Peering
24929,6,2,IT arte Sp. z o.o.
19016,6,2,Westman Communications Group
41114,6,2,Orne THD SPL
29386,6,2,Syrian Telecommunication Private Closed Joint Stock Company
39781,6,2,Diabolocom SAS
209693,6,2,OC NETWORKS LIMITED
12597,6,2,Gotalandsnatet AB
7690,6,2,Mirai Communication Network Inc.
212175,6,2,Stelia Ltd
50182,6,2,Proxima Ltd
205103,6,2,Telegraph42 Management GmbH
3245,6,2,Digital Systems Ltd
47778,6,2,Sunoaki Network LLC
18723,6,2,Seagate Technology LLC
23783,6,2,"Cable Networks Akita Co.,ltd."
8681,6,2,JT (Jersey) Limited
21527,6,2,Daystarr Communications
14007,6,2,Skyway West
11280,6,2,SNAPPYDSL.NET
27257,6,2,Webair Internet Development Company Inc.
63989,6,2,DE-CORP
24663,6,2,"ZAO ""COMPLAT-TELECOM"""
268829,6,2,ZUTTEL FIBRA LTDA
196610,6,2,DE-CIX Academy
205329,6,2,Kai-Jung Chen
60798,6,2,Servereasy Srl
22612,6,2,"Namecheap, Inc."
262769,6,2,AVANZA TELECOM LTDA
25521,6,2,Industrial Media Network LLC
45630,6,2,Fibrecomm Network (M) Sdn. Bhd.
53225,6,2,IPGLOBE INTERNET LTDA
32181,6,2,GigeNET
8487,6,2,Phibee Telecom SAS
269070,6,2,Hostzone Tecnologia LTDA
41653,6,2,Aqua Ray SAS
13170,6,2,Kaisanet Oy
7506,6,2,"GMO Internet, Inc."
51685,6,2,Mikron-Media LLC
138384,6,2,"Rakuten Mobile Network, Inc."
8391,6,2,Knipp Medien und Kommunikation GmbH
262978,6,2,Centro de Tecnologia Armazem Datacenter Ltda.
136841,6,2,PT Mitra Telemedia Manunggal
33480,6,2,Web Werks
25098,6,2,Netcalibre Ltd
140469,6,2,PT Wahyu Adidaya Network
33247,6,2,"COASTAL TELCO SERVICES, INC."
4760,6,2,HKT Limited
215596,6,2,KISSGROUP SAS
45287,6,2,PT Varnion Technology Semesta
200303,6,2,LUMASERV
216039,6,2,EdgeSec Technologies Limited
39537,6,2,SysGroup plc
45960,6,2,YTL COMMUNICATIONS SDN BHD
54801,6,1,Zillion Network Inc.
57356,6,1,Highland Network Ltd
62160,6,1,WEB3 Leaders INC
39328,6,1,SISNET NUEVAS TECNOLOGIAS S.L.
14453,6,1,ADVANCED KNOWLEDGE NETWORKS
16909,6,1,imput
51985,6,1,Adenis SAS
42227,6,1,Airwire Ltd
132132,6,1,MyRepublic Ltd.
262587,6,1,CST - Cerentini Soluções em Tecnologia
398013,6,1,NGX Networks
214668,6,1,AxusHost B.V.
49675,6,1,SKB Kontur Production JSC
208016,6,1,The Infrastructure Company GmbH
19518,6,1,Rock Island Communications
33549,6,1,Whipcord Edge Data Centers Inc.
28748,6,1,Marc Pauls (AlphaCron Datensysteme)
50473,6,1,Altagen JSC
44358,6,1,Kauno Technologijos Universitetas
20783,6,1,pop-interactive GmbH
62917,6,1,"Gigabit Fiber, LLC"
8859,6,1,OSN Online Service Nuernberg GmbH
152848,6,1,asdf.hk
132641,6,1,PT Netciti Persada
44354,6,1,BROCK VOJKOVIC
50716,6,1,Telecom.ru Ltd
43341,6,1,MDlink online service center GmbH
25145,6,1,Teknotel Telekomunikasyon Sanayi Ve Ticaret A.S.
25358,6,1,Novso SARL
50903,6,1,TRINAPS SAS
132168,6,1,"ESUN TECHNOLOGY INTERNATIONAL CO., LIMITED"
29655,6,1,Trenka Informatik AG
13238,6,1,YANDEX LLC
18119,6,1,ACSData
133527,6,1,HuaBo Technology International Limited
204995,6,1,RTB Marketing and Tech Services Ltd
23678,6,1,Enterprise Managed Services Sdn. Bhd.
6853,6,1,ORANGE BUSINESS SERVICES U.S. Inc.
15399,6,1,Wananchi Group (Kenya) Limited
1100,6,1,Nuday Networks Inc.
198895,6,1,Techade Ltd
21965,6,1,Highmark Inc
6614,6,1,"T-Mobile USA, Inc."
208753,6,1,Marco d'Angelo
2486,6,1,AFNIC (Association Francaise pour le Nommage Internet en Cooperation)
133815,6,1,PT Primacom Interbuana
12931,6,1,IDKOM Networks GmbH
199805,6,1,UGO LLC
30404,6,1,Blue Stream
265586,6,1,"INBTEL, S.A. DE C.V."
10036,6,1,DLIVE
35506,6,1,INFORMATION SOCIETY S.A.
41344,6,1,Vist on-line LTD
59371,6,1,Dimension Network & Communication Limited
53205,6,1,IBSOL TELECOM LTDA
197898,6,1,Integrated Digital Services Ltd
13054,6,1,badenIT GmbH
204598,6,1,Village Networks Ltd.
12826,6,1,CYLLENE ITS SAS
13215,6,1,"JSC Telecommunication company ""Convey Plus"""
49585,6,1,CoreRoute UG
202246,6,1,Valoo Oy
264574,6,1,Elite Banda Larga
49436,6,1,Stadtwerke Soest GmbH
196938,6,1,Krastelecom Ltd
42929,6,1,Artefact SARL
3801,6,1,Mikrotec Internet Services
12390,6,1,KCOM Group Limited
210667,6,1,Adam Goodenough
14522,6,1,Satnet
201213,6,1,DARZ GmbH
18390,6,1,Spintel Pty Ltd
207239,6,1,LLC G&G-Telecom
34442,6,1,BNW TECHNOLOGY LTD
44431,6,1,OmniAccess S.L.
132789,6,1,Pivotel Group Pty Limited
6233,6,1,xTom
29527,6,1,Astutium Limited
59642,6,1,"UAB ""Cherry Servers"""
40929,6,1,MoeDove
24017,6,1,Foxtel Management Pty Ltd
27720,6,1,CITTA TELECOM LTDA
34854,6,1,Maria Merkel trading as Blahaj Studio
20810,6,1,Netcom Kassel Gesellschaft fuer Telekommunikation mbH
31564,6,1,Hexaglobe SAS
133334,6,1,DCTV Cable Network Broadband Services Inc
29988,6,1,Rogers Communications Canada Inc.
42605,6,1,Ratiodata SE
34352,6,1,MSN Telecom LLC
48294,6,1,Ogi Networks Ltd
397031,6,1,"GALAXYGATE, LLC"
31736,6,1,senseLAN GmbH
30041,6,1,"Race Tech, LLC"
34572,6,1,HELIANTIS SAS
197696,6,1,Evolix SARL
214809,6,1,Jere Kiitola trading as Stocade
33920,6,1,AQL (AQ Networks Limited)
199660,6,1,LTI NETWORKS SASU
24592,6,1,ECONOCOM CLOUD SL
28209,6,1,Under Servicos de Internet Ltda
10779,6,1,"StepBroBD, Inc."
262428,6,1,LINK10 BR
268760,6,1,LIVENET SERVICOS DE COMUNICACAO MULTMIDIA LTDA ME
18278,6,1,Cable TV Corporation
24889,6,1,Monzoon Networks AG
31080,6,1,Wirtualna Polska Media S.A.
142393,6,1,PT Media Solusi Sukses
6984,6,1,Verizon Business
23487,6,1,CONECEL
63474,6,1,"Sirius Computer Solutions, Inc."
8978,6,1,Holy See - Vatican City State
51265,6,1,Mass Response Service GmbH
6769,6,1,Kertinis valstybes telekomunikaciju centras
38165,6,1,PT Ambhara Duta Shanti
262609,6,1,CL9 Tecnologias Ltda.
62163,6,1,IP River Limited
8816,6,1,Metrolink S.R.L.
215017,6,1,EMIRASLAN EMIRASLANOV
395466,6,1,Global Net
199248,6,1,NUMLOG S.A.S.
54415,6,1,WIZ K.K.
17012,6,1,"PayPal, Inc."
57902,6,1,Metro Optic SAS
10024,6,1,LGA International
210619,6,1,Monkey Tree Hosting Limited
146762,6,1,NATIONAL(SHANGHAI) NEW-TYPE INTERNET EXCHANGE POINT
151332,6,1,CoinJar Pty Ltd
53845,6,1,"Broadband Dynamics, LLC"
31769,6,1,GiGstreem
262967,6,1,OPTIDATA LTDA
57154,6,1,Stadtwerke Konstanz GmbH
43896,6,1,EVO CLOUD LLC
152586,6,1,Kuroit
393424,6,1,Toronto Internet Exchange Community
208951,6,1,ITGLOBAL.COM NL B.V.
201764,6,1,mgm technology partners GmbH
51341,6,1,Gigakom Sistems OOO
139076,6,1,EnjoyVC Japan Corporation
214749,6,1,James Cahill
54600,6,1,PEG TECH INC
18126,6,1,"Chubu Telecommunications Company, Inc."
271957,6,1,SOMOS NETWORKS COLOMBIA S.A.S. BIC
266498,6,1,UNIVERSO FIBER COMUNICACAO MULTIMIDIA
210728,6,1,Cyso Group B.V.
209097,6,1,NETSYST SAS
60981,6,1,Triangle Networks Ltd
204818,6,1,Hosteur SAS
206924,6,1,Ben Cartwright-Cox
30640,6,1,"Etheric Networks, Inc."
35773,6,1,iConnect Ltd.
25085,6,1,ALUE LTD
9993,6,1,ITOCHU Techno-Solutions Corporation
1301,6,1,Electricite de France SA
206292,6,0,Gerdriaan Mulder
3653,6,0,House of Ben Avraham LLC
198225,6,0,MDDSL - Mitteldeutsche Gesellschaft fuer Kommunikation mbH
49218,6,0,Nizhnetagilskie Kompyuternye Seti LLC
394229,6,0,"Juxto, Inc."
10991,6,0,"CAPGEMINI AMERICA, INC."
14328,6,0,"R.R. Donnelley and Sons, Co."
150161,6,0,HYPERSONIC MANAGEMENT OPC
208608,6,0,Haemoglobin
206539,6,0,HelloTel Telecomunicazioni srl
11939,6,0,"THE MATHWORKS, INC."
20385,6,0,AccessLine Communications Corp.
19054,6,0,Nath Network & Telecom Inc
42228,6,0,Brightstar Limited
43205,6,0,Vivacom Bulgaria EAD
47864,6,0,V-NET B.V.
3242,6,0,REEVO S.P.A.
17666,6,0,Hitachi Sunway
28753,6,0,Leaseweb Deutschland GmbH
199018,6,0,Xkrme Network LLC
31362,6,0,NETPROTECT SRL
60557,6,0,Krik van der Vinne trading as Alpine North
209267,6,0,Velorum B.V.
205755,6,0,SDNBUCKS BV
59451,6,0,Al-Bank Al-Arabi PLC. CO.
51057,6,0,nexxtra GmbH
39046,6,0,Theorema Telecom Limited
50698,6,0,TETA s.r.o.
24253,6,0,J-Stream Inc.
42312,6,0,RTL Technology GmbH
213028,6,0,DD webhosting B.V.
16128,6,0,AGARIK SAS
28693,6,0,KHS GmbH
51326,6,0,W3TEL SAS
211585,6,0,Maiyun Zhang
206356,6,0,Freifunk Essen e.V.
36165,6,0,ITM TELECOM
211170,6,0,Stromnetz Berlin GmbH
215899,6,0,Justas Gudynas
19886,6,0,"Bank of America, National Association"
53939,6,0,Telx
59125,6,0,FAMILY NET JAPAN INCORPORATED
204188,6,0,ITSG Informationstechnische Servicestelle der Gesetzlichen Krankenversicherung GmbH
213392,6,0,Tan Siewert
214143,6,0,SKYDIGITAL TELECOM LTD
11708,6,0,"City of North Kansas City, MO"
201445,6,0,Zerval Network LLC
16599,6,0,Bentley Systems
203314,6,0,HATS NETWORK INC.
213641,6,0,Pascal Van der Poel
199181,6,0,Orakom S.r.l.
15796,6,0,Salt Mobile SA
134840,6,0,"Myanmar Country Co., Ltd."
212087,6,0,"PLENIT TECHNOLOGY, S.L."
29452,6,0,Secura Hosting Ltd
20253,6,0,Qwilt Inc.
401215,6,0,MITCHELL PLASTICS
17802,6,0,Macquarie Bank
9597,6,0,KDDI Web Communications Inc.
203582,6,0,M-Tech Systems Ltd
21595,6,0,Baxter Healthcare
138064,6,0,PT. Jinom Network Indonesia
39599,6,0,Talex S.A.
209990,6,0,Diyaaeldin Moustafa trading as Karmuz
24207,6,0,PT NettoCyber Indonesia
25575,6,0,Ledl.net GmbH & Co. KG
61215,6,0,IIJ Europe Limited
198046,6,0,DIDWW Ireland Limited
15177,6,0,STARTOUCH INC
8587,6,0,Infracom Holding B.V.
44608,6,0,EMG Nederland B.V.
18274,6,0,Utsunomiya Cable TV Corporation
211733,6,0,Prime creation events SAS
24249,6,0,"JWAY co., Ltd."
50471,6,0,Limited Liability Company Sviaz Industriya
50061,6,0,PricewaterhouseCoopers GmbH WPG
59116,6,0,AIG Technologies KK
17955,6,0,"Densan Co., Ltd."
269499,6,0,FIBRALINK INTERNET E TELECOMUNICACOES LTDA
45852,6,0,Bendigo and Adelaide Bank Limited
4917,6,0,AMDOCS Inc.
137990,6,0,SUNIWAY GROUP LIMITED
7682,6,0,"HOKKAIDO TELECOMMUNICATIONS NETWORK Co., Inc."
153771,6,0,Heptasky Hong Kong Limited
11396,6,0,Williams Information Technology LLC
197205,6,0,Numberly SAS
29086,6,0,"GiTy, a.s."
35071,6,0,Xoom Limited
205263,6,0,ABC arbitrage Asset Management SA
10003,6,0,"Ogaki Cable Television Co.,Inc."
199669,6,0,Okay-Telecom Ltd.
49925,6,0,LLC South Networks
62244,6,0,Watch Tower Bible and Tract Society of Britain
12759,6,0,SOCO Network Solutions
45754,6,0,Clear Path Networks Inc
32751,6,0,"Nuclearfallout Enterprises, Inc."
35833,6,0,mpex GmbH
212522,6,0,ISP Service eG
37738,6,0,HOSTOWEB
214989,6,0,Hau Kit Wong
24806,6,0,"INTERNET CZ, a.s."
201971,6,0,CreeperHost LTD
35551,6,0,TGL Services (UK) Ltd
142132,6,0,263 Global Communications Limited
263620,6,0,Sertaonet Internet Provider LTDA-ME
35872,6,0,"FreedomPay, Inc."
205874,6,0,Zero Byte EOOD
53736,6,0,Nutanix
56443,6,0,IP WAY LLC
51247,6,0,SkyCore Technologies L.L.C-FZ
16833,6,0,Tullett Prebon Americas Corp.
56958,6,0,Raiola Networks S.L.
201877,6,0,NETandWORK s.r.l.
210627,6,0,Grayshott Gigabit Limited
24284,6,0,"CyberAgent, Inc."
46513,6,0,"Alarm.com, Inc."
54036,6,0,"Clean Harbors Environmental Services, Inc."
36730,6,0,"Transformyx, Inc."
206775,6,0,novomind AG
200078,6,0,Gao Yijia
50446,6,0,Datacampus SAS
62014,6,0,Telegram Messenger - Singapore
209552,6,0,Jan Siroky
152419,6,0,PT Berbaur Network Connected
205272,6,0,Musarubra Germany GmbH
4243,6,0,"Wells Fargo Bank, N.A."
56349,6,0,IP-Net s.r.o.
31673,6,0,Uniserver Internet B.V.
59574,6,0,Limited Liability Company SKS Telecom
266169,6,0,BIXNET
49169,6,0,SC ETA2U SRL
202173,6,0,MaximaTelecom JSC
197563,6,0,"""GLOBALNET UA"" LLC"
64442,6,0,Securitas AG Schweizerische Bewachungsgesellschaft
199243,6,0,Alex Smith
30320,6,0,"Kia America, Inc."
205943,6,0,BDSF Technology B.V.
208694,6,0,LEON AARON TIEKOETTER
14609,6,0,"Equinix, Inc."
197075,6,0,Active Network S.p.A.
62417,6,0,DIGITALK Limited
38016,6,0,Nokia IP Networks Labs
11921,6,0,SECRELNET INFORMATICA LTDA
40833,6,0,The New York Times Company
10747,6,0,"Epic Hosting, LLC"
49690,6,0,Saint Gobain Group Digital & IT International SAS
63117,6,0,Churchill Downs Incorporated
11993,6,0,BANCO DO BRASIL S.A.
22332,6,0,Western Digital Corporation
19115,6,0,Charter Communications LLC
139997,6,0,PT Wortel
206375,6,0,NETSPEED INTERNET A.S.
23780,6,0,CTB Media Inc.
50072,6,0,Talpa TV B.V.
5432,6,0,Proximus NV
139299,6,0,FGHRSH STUDIO
214483,6,0,FiberPower LLC
133159,6,0,Mammoth Media Pty Ltd
215150,6,0,Shawn Maurin
52180,6,0,Nikolay Victorovich Kucheruk PE
50620,6,0,Blue Networks Technologies SARL
148971,6,0,Keibiin's Holdings Limited
53865,6,0,"Peer-Point Services, LLC."
38631,6,0,LY Corporation
198539,6,0,Objedinennye Seti LLC
53973,6,0,"Freepoint Commodities, LLC"
196997,6,0,Uni-tel A/S
52060,6,0,"""MaximaTelecom North-West"" LLC"
55688,6,0,PT BEON Intermedia
22787,6,0,"ARRIS Technology, Inc."
265816,6,0,DELCO IMAGEN S.A.
41718,6,0,Vitrina TV LLC
38478,6,0,SunnyVision Limited
11528,6,0,Photronics Inc.
62537,6,0,Sauce Labs Inc
211575,6,0,Rui Feng
5409,6,0,toplink GmbH
16101,6,0,Ordipat SAS
203689,6,0,NATIONALE-NEDERLANDEN TOWARZYSTWO UBEZPIECZEN NA ZYCIE SA
10615,6,0,UBS AG
18602,6,0,"Paul, Weiss, Rifkind, Wharton & Garrison LLP"
214707,6,0,RCell LLC
63641,6,0,"Mega Vantage Information Consulting Co., Ltd."
35787,6,0,Miroslaw Backiel
23953,6,0,PT Artha Telekomindo
18081,6,0,"Kintetsu Cable Network Co., Ltd."
205138,6,0,Open Solutions Ltd.
49653,6,0,CADF S.p.A
49820,6,0,Vitec Memorix B.V.
131386,6,0,Long Van System Solution JSC
150329,6,0,Sensor Dynamics Pty Ltd
11911,6,0,The Bank of New York Mellon Corporation
8739,6,0,ICDSoft Ltd.
12,6,0,New York University
43141,6,0,Associazione SWISS INNOVATIVE ARTS & TECHNOLOGIES INSTITUTE (SIATI)
266280,6,0,Saga Internet
198335,6,0,TRANSATEL SAS
36591,6,0,PixelRiver
205678,6,0,Peoplefone AG
213467,6,0,ProAdmin - Lukasz Piwowarczyk
198408,6,0,E-Mouse Karol Urbanowicz
59655,6,0,Exinity works (CY) LTD
61360,6,0,"Special Engineering and Design Bureau ""Orbita"" JSC"
16617,6,0,CISP
214087,6,0,EXO TECHNOLOGIES spol. s r.o.
40913,6,0,"Quality Technology Services, LLC"
21247,6,0,Association IP Synergies
34577,6,0,SKAT TV Ltd.
26178,6,0,AtkinsRealis
206141,6,0,Duisburger Versorgungs- und Verkehrsgesellschaft mbH
398808,6,0,Arch Capital Services LLC
206002,6,0,Scalair SAS
63452,6,0,Velocihost Inc.
137816,6,0,Cloud Net Technologies Limited
7721,6,0,Qin Cloud Networks
15238,6,0,Gates Foundation
61053,6,0,UAB ESNET
44965,6,0,8x8 Inc
51310,6,0,Marcin Moczulski trading as Matronix
53684,6,0,Centre WISP Venture Company
3147,6,0,U.S. BANCORP
266809,6,0,"NERVICOM, C.A."
38753,6,0,PT Solusindo Bintang Pratama
25837,6,0,DATALINK INFORMATION TECHNOLOGIES INC.
210937,6,0,Xiufeng Guo
207104,6,0,"""BiZone"" LLC"
103,6,0,Northwestern University
7138,6,0,"Encompass Digital Media, LLC"
21789,6,0,"Lowe's Companies, Inc."
201650,6,0,Webguru VOF
34550,6,0,LLC Intercon
34066,6,0,Telappliant Limited
22006,6,0,PRONSS
397994,6,0,Xactly Corporation
54309,6,0,NEGU
23028,6,0,Team Cymru Inc.
139446,6,0,PT Gonet Teknologi Indonesia
151669,6,0,Xiaofei Xu
22208,6,0,Chicago Trading Company
36819,6,0,MELALEUCA INC.
198721,6,0,Progetto8 Srl
208754,6,0,XingRui Li
39526,6,0,Mohammad Ali Obeidat
8620,6,0,Alanata a. s.
14500,6,0,Galaxy Broadband Communications Inc.
207149,6,0,Julien Sansonnens
11740,6,0,Progressive Casualty Insurance Company
49106,6,0,Opticom Group AO
50624,6,0,Outscale SASU
134078,6,0,NETPLUZ HOLDINGS PRIVATE LIMITED
200232,6,0,T. van den Heuvel Holding B.V.
32110,6,0,"Asurion Insurance Services, Inc."
32312,6,0,"Telecommunication Systems, Inc."
46746,6,0,"NTT Managed Services Americas, LLC"
150265,6,0,PT Rajawali Bintang Cemerlang Telkomedia
7503,6,0,"Air Internet Service Co.,Ltd."
40841,6,0,"MARKETAXESS HOLDINGS, INC."
202838,6,0,"OOO ""Intercom"""
13581,6,0,SHI International Corp.
58793,6,0,FUJITSU LIMITED
7867,6,0,TECH DATA CORPORATION
206521,6,0,Technoberg Beheer B.V.
200070,6,0,"CZ.NIC, z.s.p.o."
199950,6,0,HJELM ENTERPRISES AB
52533,6,0,TRADITIO COMPANHIA DE SEGUROS
39378,6,0,servinga GmbH
49823,6,0,Hastingwood Securities Ltd
35710,6,0,weber.digital GmbH
13628,6,0,AMERISOURCEBERGEN
56741,6,0,"JSC ""Gloria-Jeans"""
43530,6,0,Limited Liability Company Irtelcom
203547,6,0,NEXT2i SARL
15703,6,0,TrueFullstaq B.V.
4150,6,0,"SupraNet Communications, Inc."
202736,6,0,WISDOM CLOUD INTERNET TECHNOLOGY PTE. LTD.
62119,6,0,Root SAS
40138,6,0,"Mach Dilemma, LLC"
50448,6,0,System Service Ltd.
12625,6,0,Deutsche Boerse AG
39614,6,0,Dawico Deutschland GmbH
31019,6,0,Paulus M. Hoogsteder
199996,6,0,AY TI VI NET LTD
13448,6,0,Forcepoint LLC
39678,6,0,OOO ALL UP NET
205929,6,0,Abzieher GmbH
202022,6,0,Flexyz B.V.
47866,6,0,iBrowse SARL
210076,6,0,Beat Joerg
39007,6,0,"UAB ""Balticum TV"""
61866,6,0,INTELBRAS S.A. INDUSTRIA DE TELECOMUNICACAO ELETRO
6681,6,0,GIVEME CLOUD SP Z O O
35378,6,0,Sat Film Sp. z o.o.
41405,6,0,Altinea SAS
328475,6,0,AFRIQ NETWORK SOLUTIONS LIMITED
207986,6,0,LLC OZON BANK
400138,6,0,"Databento, Inc."
51553,6,0,Telecom Plus PLC
12243,6,0,Waddell Solutions Group LLC
7489,6,0,HostUS
398969,6,0,"Sphere Entertainment Group, LLC"
19701,6,0,Yodlee Inc.
18701,6,0,ConocoPhillips Company
206548,6,0,ZCOM.cz s.r.o
203554,6,0,Louis Vuitton Malletier SA
59985,6,0,SAM Office B.V.
30150,6,0,Exegy Incorporated
204903,6,0,FLASHSTART GROUP SRL
58485,6,0,PT Wifian Solution
62566,6,0,Starbucks Coffee Company
19936,6,0,Gordon Food Service
47740,6,0,"OAO ""UBRiR"""
141039,6,0,PacketHub S.A.
38754,6,0,PT Primedia Armoekadata Internet
17961,6,0,"mitene internet co., ltd."
201026,6,0,Zalando SE
210165,6,0,VIDEAS SAS
11961,6,0,Mid-Rivers Telephone Cooperative
42446,6,0,Viscomp Ltd
55032,6,0,The Jackson Laboratory
49683,6,0,MASSIVEGRID LTD
197482,6,0,DoubleGIS LLC
10599,6,0,McKesson Corp.
13039,6,0,Global Village GmbH
36914,6,0,Kenya Education Network
30286,6,0,ThreatMetrix Inc.
54855,6,0,Interface Security Systems LLC
38628,6,0,HIMEJI CABLE TELEVISION CORPORATION
45530,6,0,Agoda Company Pte. Ltd.
208223,6,0,SHU-HAO TUNG
196736,6,0,QUOTIX LTD
29028,6,0,DirectVPS B.V.
2874,6,0,ORANGE BUSINESS SERVICES U.S. Inc.
18692,6,0,Neuberger Berman
201723,6,0,R. van der Meijden
400110,6,0,Anuvu Operations LLC
27400,6,0,Clearfly Communications
198402,6,0,Valentin Flueckiger trading as FlowHardware
28852,6,0,"Aeris Communications, INC."
35421,6,0,Pink Elephant B.V.
198554,6,0,8X8 UK Limited
267248,6,0,AIPEER TECNOLOGIA LTDA
25441,6,0,Imagine Communications Group Limited
271353,6,0,JJ PowerNet
64404,6,0,Stichting EventInfra
57169,6,0,EDIS GmbH
35271,6,0,"JSC ""AVIEL"""
198259,6,0,ECOM SERVICE AD
48825,6,0,Fast4networks Ltd
134677,6,0,Dromatics Systems Pte Ltd
7219,6,0,"Tulix Systems, Inc."
393339,6,0,Consilio
206755,6,0,Netcube Ltd.
45295,6,0,PT Cipta Informatika Cemerlang
264249,6,0,Lyra Network Telecomunicações LTDA
53943,6,0,Paylocity Corporation
199421,6,0,MTI Teleport Muenchen GmbH Gesellschaft fur Satellitenubertragungen
264470,6,0,Logic Pro Tecnologia
214266,6,0,ZERODESK LTD
199710,6,0,DAZN MEDIA SERVICES LIMITED
39560,6,0,KT-NET Communications GmbH
53017,6,0,REDE NOVO TEMPO DE COMUNICAÇÃO
262729,6,0,Telemidia Sistema de Telecomunicacao Ltda
214271,6,0,QT NETWORK LTD
50779,6,0,Societe Mediterraneenne d'Etudes et d'Informatique SA
21525,6,0,Seattle Public Library
27630,6,0,XFERNET
56718,6,0,Redshelf Ltd
5459,6,0,London Internet Exchange Ltd.
43942,6,0,Grifonline S.r.l.
53620,6,0,"Pinterest, Inc."
36180,6,0,Cisco IoT
1798,6,0,State of Oregon
396507,6,0,Emerald Onion
42310,6,0,IE Domain Registry CLG
21554,6,0,"Wisconsin CyberLynk Network, Inc."
10411,6,0,Environmental Systems Research Institute
25455,6,0,Guardfox SRL
26873,6,0,QCOL INC
23628,6,0,Academic newtown Community Cable Service
24109,6,0,WNS Global Services
24259,6,0,kanuma cable television Corporation
55244,6,0,"Blue Origin Enterprises, L.P."
212994,6,0,MEDIA INVESTCOM LLC
58075,6,0,X2com BV
2484,6,0,AFNIC (Association Francaise pour le Nommage Internet en Cooperation)
197727,6,0,KPN B.V.
328578,6,0,KEMNET TECHNOLOGIES LIMITED
60522,6,0,KomMITT-Ratingen GmbH
17707,6,0,NHN Techorus Corp
207596,6,0,Dominik Klages
47648,6,0,NOREST SERVICES SAS
38333,6,0,Symbio Networks
211623,6,0,NAML B.V.
30030,6,0,Walmart Inc.
27647,6,0,"Weebly, Inc."
51273,6,0,FOP Lizanchuk Yaroslav M.
22674,6,0,"Southern Wine & Spirits of America, Inc."
18018,6,0,Gamebuilders Inc.
395657,6,0,"Hoplite Industries, Inc."
48596,6,0,InterNetworX Management GmbH
205920,6,0,iFog GmbH
17514,6,0,Otsuka Corp.
50172,6,0,Regie Autonome Des Transports Parisiens
263979,6,0,CYBERNETRS LTDA - ME
47898,6,0,RPC HomeNet Ltd.
150345,6,0,Proactivity Group Limited
40459,6,0,Saddleback Communications
263154,6,0,AVANCAR INTERNET
394984,6,0,"Fragomen, Del Rey, Bernsen & Loewy, LLP"
200197,6,0,HYBRID ADTECH SP.Z.O.O.
262412,6,0,AGERA TELECOMUNICACOES SA
53985,6,0,DODGE & COX
212855,6,0,Jelle Luteijn
202509,6,0,Cloud City Oy
10982,6,0,"TiVo, Inc."
2559,6,0,VISA INTERNATIONAL SERVICE ASSOCIATION
33359,6,0,COWEN EXECUTION SERVICES LLC.
205555,6,0,SNCF Connect & Tech Services SASU
13849,6,0,Blockinetic LLC
23274,6,0,Priceline.com
28709,6,0,LLC VK
16037,6,0,AB Tetra Pak
212109,6,0,Squirrel Internet Ltd
211633,6,0,Keepit A/S
213052,6,0,Bram Wittendorp trading as BittenBytes
44291,6,0,Infomir LLC
30303,6,0,"Ooma, Inc."
215782,6,0,Keepit A/S
153913,6,0,Check Point Software Technologies India PVT LTD.
208420,6,0,XTB S.A.
28075,6,0,ARLINK S.A.
16168,6,0,GENETSIS PARTNERS SL
396984,6,0,Stage2Data Inc.
25532,6,0,"LLC ""MASTERHOST"""
897,6,0,"Turtle Rock Studios, Inc."
21639,6,0,Blue Cross Blue Shield Of Louisiana
5080,6,0,Aramco
10146,6,0,Ford Motor Company
131923,6,0,MCAT Ltd.
1120,6,0,ACONET
17939,6,0,"miyazaki cabletelevision network Co.,LTD"
14693,6,0,Baptist Health
393950,6,0,Xiber
47531,6,0,GorPTUs OOO
9231,6,0,China Mobile Hong Kong Company Limited
201126,6,0,CDW Ltd
35994,6,0,"Akamai Technologies, Inc."
203568,6,0,Airband Community Internet Ltd
54198,6,0,Videotron Ltee
263945,6,0,ProveNET Internet Services LTDA
8161,6,0,"Insight Direct USA, Inc."
209347,6,0,FNorden e.V. - Freifunk Hannover
31404,6,0,LYCATEL DISTRIBUTION UK LIMITED
208236,6,0,Adrian Reyer
49825,6,0,Lantek LLC
210644,6,0,Aéza International Limited
40410,6,0,FRIT 
63311,6,0,"20C, LLC"
33835,6,0,WEACCESS GROUP S.A.
6250,6,0,"NeoNova Network Services, LLC"
400818,6,0,Ausra LLC
9092,6,0,Open Systems AG
31923,6,0,The Auto Club Group
50999,6,0,King Abdullah University of Science and Technology
46082,6,0,"Voltage Park, Inc."
142553,6,0,Airs Project Private Network Main
19031,6,0,"CU*Answers, Inc."
199391,6,0,One System Integration LTD
211713,6,0,Connectium B.V.
208677,6,0,"""Cloud Technologies"" LLC trading as Cloud.ru"
35030,6,0,Comfone AG
38260,6,0,Transaction Network Services AS for Asia Pac
26673,6,0,"Uber Technologies, Inc"
202566,6,0,questnet GmbH
10000,6,0,Nagasaki Cable Media Inc.
16926,6,0,KittyTransit LLC
50295,6,0,Triple IT BV
13458,6,0,DAVIDSON KEMPNER CAPITAL MANAGEMENT LP
202191,6,0,Katoen Natie
51409,6,0,Sipsynergy Limited
34300,6,0,Internet-Cosmos LLC
6456,6,0,Altopia Corporation
24740,6,0,NTT DATA Business Solutions sp. z o.o.
57503,6,0,OOO Taxtelecom
33741,6,0,Dennis Group
205915,6,0,Pinkroccade HealthCare B.V.
27924,6,0,AMPLIA COMMUNICATIONS LTD.
198057,6,0,Flooyd Telecom LTDA
205668,6,0,Green Mini host BV
16652,6,0,Riseup Networks
60771,6,0,Comiten Corp LLC
122,6,0,UPMC
49627,6,0,Speakup B.V
11857,6,0,"Money Services, Inc."
9374,6,0,EDION Corporation
131958,6,0,"Tama Cable Network Co.,Ltd."
10690,6,0,NETSCOUT SYSTEMS INC.
50060,6,0,Annet Ltd.
199811,6,0,Wifx SA
20924,6,0,LUTECH S.P.A.
41231,6,0,Canonical Group Limited
58015,6,0,Collin Schneeweiss trading as Tievolu GbR
29513,6,0,Foliateam Operateur SAS
9595,6,0,NTT-ME Corporation
394449,6,0,"FyberCom, LLC"
41135,6,0,Voxbone SA
22191,6,0,"Wilkes Communications, Inc."
30931,6,0,IG Index Ltd.
17017,6,0,campuscolo.com
9294,6,0,GNET INC.
216182,6,0,Jorn Dullemans trading as Devcat
31178,6,0,Celeonet SAS
60781,6,0,LeaseWeb Netherlands B.V.
35916,6,0,MULTACOM CORPORATION
51865,6,0,DIDWW Ireland Limited
55391,6,0,INTERNET MULTIFEED CO.
198551,6,0,REZOCEAN SAS
26329,6,0,InServer Networks
32869,6,0,"Silver Star Telecom, LLC"
22098,6,0,"The Capital Group Companies, Inc."
138005,6,0,LENOVO (AUSTRALIA & NEW ZEALAND) PTY LIMITED
270207,6,0,JOSE DE JESUS VAZQUEZ PONCE
21743,6,0,Atlas Networks Corporation
213151,6,0,Christian Elsen
63182,6,0,"RapidScale, Inc"
197155,6,0,Artnet Sp. z o.o.
21577,6,0,TOLEDO TELEPHONE CO INC
59570,6,0,Jens Zimperfeld
57483,6,0,Ian Chilton
208733,6,0,Erick Hoffmann
46733,6,0,x6c
31942,6,0,HyperFiber
213671,6,0,Vision Fibre Media Ltd.
22024,6,0,"Splunk, Inc."
26704,6,0,Open Text Corporation
29990,6,0,Xandr Inc.
210562,6,0,WURZELLOS LLC
48417,6,0,ITS akciova spolecnost
394265,6,0,Box.com
393316,6,0,"Clearpool Technologies, LLC"
200184,6,0,Surfboard Holding BV
16189,6,0,KLEE SA
26978,6,0,"Quality Technology Services, LLC"
204272,6,0,ASARTA LLC
203273,6,0,NetCrafters OU
40776,6,0,TaoNet
48846,6,0,"Inetum Espana, S.A."
51013,6,0,WebSupport s.r.o.
61805,6,0,Emex Internet
216071,6,0,SERVERS TECH FZCO
199839,6,0,MikeNetworks S.a r.l.-S.
134366,6,0,Cloud Computing HK Limited
210250,6,0,K Media Tech Ltd.
139468,6,0,DC Communications Inc.
15224,6,0,Adobe Inc.
213050,6,0,Nedap N.V.
8918,6,0,Coolwave Communications Limited
205892,6,0,Nomical Ltd
141109,6,0,PT Omni Cloud Indonesia
51859,6,0,Mainstream doo Beograd
7246,6,0,Bristol-Myers Squibb Company
202939,6,0,Chimon Technology Ltd
214173,6,0,Sever Telecom JSC
36062,6,0,"DoubleVerify, Inc."
36329,6,0,"Intrado Life & Safety, Inc."
41484,6,0,NYnet Ltd
28959,6,0,Vitol Services Ltd
32402,6,0,Tower Research Capital LLC
208844,6,0,VTech Electronics Europe B.V.
135103,6,0,Alex Neo
39931,6,0,FRANCHE COMTE NET SAS
400719,6,0,RJN Services
43927,6,0,HOSTERION SRL
196674,6,0,Speedflow Communications Ltd
15817,6,0,Mittwald GmbH
14762,6,0,"AMGEN, Inc."
33168,6,0,INLAND IMAGING L.L.C.
6949,6,0,"Charles Schwab & Co., Inc."
6717,6,0,Internet Central Limited
204911,6,0,Digitale Partizipation e.V.
22683,6,0,Koninklijke Philips N.V.
25068,6,0,Konica Minolta Business Solutions Europe GmbH
