asn,name,cc,real_cone,observed_cone,secure_cnt,vuln_cnt,secure_pct,vuln_pct
3356,Lumen (Level 3),US,72945,68183,13296,53347,19.50046199199214,78.24091049088483
6939,Hurricane Electric LLC,US,73988,67200,12226,53424,18.19345238095238,79.5
1299,Arelion (fka. Telia Carrier),SE,69730,65519,11219,52754,17.123277217295747,80.5171019093698
6461,Zayo Bandwidth,US,70537,63686,10031,52145,15.750714442734667,81.8782778004585
174,"Cogent Communications, LLC",US,72342,63489,10945,51031,17.239206791727703,80.37770322418056
4637,Telstra International Limited,HK,63732,61012,9964,49544,16.331213531764245,81.20369763325247
6453,TATA Communications (America) Inc,US,63520,60693,9789,49409,16.1287133606841,81.40807012340797
2914,"NTT America, Inc.",US,67194,60624,9965,49144,16.437384534177884,81.06360517286883
3257,GTT Communications Inc.,US,68165,59816,10179,48146,17.017186037180686,80.4901698542196
1273,Vodafone Group PLC,EU,61937,59721,9433,48807,15.795113946517974,81.72502134927413
3320,Deutsche Telekom AG,DE,64752,58303,9419,47422,16.155257876953158,81.33715246213745
12956,Telxius (Telefonica Global),ES,61207,57847,8990,47401,15.540996075855274,81.9420194651408
4134,China Telecom Backbone,CN,60608,57761,8772,47538,15.186717681480582,82.30120669655996
6762,Telecom Italia Sparkle (Seabone),IT,65274,57169,8491,47221,14.85245500183666,82.59896097535378
5511,Orange S.A.,FR,61003,54453,8631,44405,15.850366370998842,81.54738949185536
3491,PCCW Global (HK) Ltd.,HK,64934,53870,8926,43521,16.569519212919992,80.78893632819751
4809,China Telecom Next Generation Carrier Network,CN,46369,53410,7406,44646,13.866317169069461,83.59108781127131
35280,F5 Networks SARL,FR,50814,51657,7305,43040,14.141355479412276,83.31881448787193
6830,Liberty Global Europe Holding B.V.,NL,61281,49991,8276,40319,16.55497989638135,80.65251745314157
9002,RETN Limited,GB,46431,46170,7331,37537,15.878275936755468,81.30171106779294
701,Verizon Business,US,67242,37789,5469,31262,14.47246553229776,82.72777792479293
7713,PT Telkom Indonesia Tbk,ID,6417,33444,4457,27980,13.326755172826216,83.66224135868914
4837,China Unicom Backbone,CN,43969,29343,3938,24501,13.420577309750195,83.49861977302935
33891,Core-Backbone GmbH,DE,34731,18391,2854,14974,15.518460116361263,81.42025990973846
3216,Vimpelcom PJSC,RU,34764,17824,2100,15140,11.781867145421904,84.94165170556553
34927,iFog GmbH,CH,31611,17318,2520,14117,14.551333872271623,81.51634137891212
7922,"Comcast Cable Communications, LLC",US,24123,16476,3553,12435,21.56470016994416,75.4734158776402
20485,TransTeleCom JSC,RU,28595,15801,1777,13473,11.2461236630593,85.26675526865388
20473,"The Constant Company, LLC",US,16596,7560,1560,5745,20.634920634920633,75.9920634920635
7018,"AT&T Enterprises, LLC",US,67741,7351,2307,4886,31.383485240103386,66.4671473268943
30844,Liquid Intelligent Technologies ,GB,491,7068,1214,5545,17.176004527447652,78.45217883418223
12389,Rostelecom PJSC,RU,11362,6415,568,5661,8.854247856586127,88.24629773967264
9498,Bharti Airtel Ltd.,IN,8233,6001,364,5539,6.0656557240459925,92.30128311948008
52468,UFINET PANAMA S.A.,PA,4987,5335,347,4911,6.504217432052483,92.05248359887536
31133,MegaFon PJSC,RU,10939,4725,267,4311,5.65079365079365,91.23809523809524
38255,China Education and Research Network (CERNET),CN,4182,4182,0,4181,0.0,99.97608799617407
208972,GIBIRNet Iletisim,TR,8214,3938,372,3442,9.446419502285424,87.40477399695277
8220,COLT,GB,5659,3487,801,2585,22.971035273874392,74.13249211356468
7575,Australian Academic and Research Network (AARNet),AU,9230,3301,444,2726,13.4504695546804,82.58103604968191
3303,Swisscom (Schweiz) AG,CH,6949,3246,679,2472,20.918052988293283,76.15526802218115
16735,Algar Telecom,BR,2561,3005,330,2640,10.98169717138103,87.85357737104825
30781,Free Pro SAS,FR,10845,2867,622,2083,21.695151726543425,72.65434251831182
8218,Zayo Europe,FR,6204,2616,563,1951,21.521406727828747,74.57951070336392
4755,TATA Communications (formerly VSNL),IN,2477,2536,111,2379,4.3769716088328074,93.80914826498423
13030,Init7 (Switzerland) Ltd.,CH,6703,2294,517,1639,22.53705318221447,71.44725370531823
15830,"Equinix, Inc.",NL,3965,2238,246,1942,10.991957104557642,86.77390527256479
58057,Securebit AG,CH,4793,2102,325,1645,15.461465271170313,78.25880114176974
60068,Datacamp Limited (CDN77 / DataPacket),GB,749,1991,478,1448,24.008036162732296,72.72727272727273
19151,"BroadbandONE, LLC",US,39,1961,265,1625,13.513513513513514,82.8658847526772
9304,HGC Global Communications Limited,HK,5243,1946,241,1603,12.384378211716342,82.37410071942446
137409,GSL Networks Pty LTD,AU,4192,1872,239,1541,12.767094017094017,82.31837606837607
23764,China Telecom Global,HK,2189,1733,87,1589,5.0201961915753035,91.69070975187536
852,TELUS Communications Inc.,CA,2149,1590,314,1213,19.748427672955977,76.28930817610063
5405,Inter.link GmbH,DE,2275,1497,318,1100,21.24248496993988,73.48029392117569
32787,Akamai (Prolexic),US,3061,1443,205,1213,14.206514206514207,84.06098406098405
4230,Claro (Embratel),BR,1271,1412,44,1354,3.1161473087818696,95.89235127478753
7195,EdgeUno,CO,1442,1406,140,1239,9.95732574679943,88.12233285917497
8359,MTS PJSC,RU,1983,1367,54,1287,3.9502560351133873,94.14776883686906
53062,ALT | GRUPO BRASIL TECPAR,BR,1466,1300,38,1253,2.923076923076923,96.38461538461539
22652,Videotron Ltee,CA,3339,1296,171,1060,13.194444444444445,81.79012345679013
46887,Crown Castle Fiber LLC,US,1379,1257,45,1196,3.579952267303103,95.14717581543357
1103,SURF B.V.,NL,6353,1198,227,881,18.948247078464107,73.53923205342237
20764,CJSC RASCOM,RU,1208,1123,39,1050,3.4728406055209264,93.49955476402492
52025,ParadoxNetworks Limited,GB,2114,1025,133,834,12.975609756097562,81.36585365853658
4766,Korea Telecom,KR,1133,1013,43,952,4.244817374136229,93.97828232971372
64073,Vetta Group,NZ,1870,953,82,831,8.604407135362015,87.19832109129067
21859,Zenlayer Inc,US,924,890,52,808,5.842696629213483,90.78651685393258
4826,Vocus Connect International Backbone,AU,948,870,246,602,28.27586206896552,69.19540229885057
35598,INETCOM CARRIER LLC,RU,847,864,4,834,0.4629629629629629,96.52777777777779
9049,"JSC ""ER-Telecom Holding""",RU,824,835,1,815,0.11976047904191617,97.60479041916167
58717,Summit Communications Ltd,BD,1141,759,1,756,0.13175230566534915,99.60474308300395
61832,Giga+ Empresas,BR,820,752,8,741,1.0638297872340425,98.5372340425532
13786,"Seaborn (Seabras USA, LLC)",US,789,725,43,674,5.931034482758621,92.96551724137932
12741,Netia SA,PL,783,717,39,669,5.439330543933055,93.30543933054393
3223,Voxility LLP,GB,737,697,57,606,8.17790530846485,86.94404591104734
1764,Next Layer Telecommunications,AT,1925,640,192,427,30.0,66.71875
34872,Servperso Systems,BE,1549,638,51,539,7.993730407523511,84.48275862068965
23520,"Columbus Networks USA, Inc.",US,583,604,24,576,3.9735099337748347,95.36423841059603
9583,Sify Limited,IN,595,598,6,584,1.0033444816053512,97.65886287625418
10429,Vivo (TELEFÔNICA BRASIL),BR,438,593,11,576,1.854974704890388,97.13322091062395
4800,PT Aplikanusa Lintasarta,ID,590,584,34,542,5.821917808219178,92.8082191780822
209,Lumen (ex. Qwest),US,609,583,221,348,37.9073756432247,59.69125214408233
56662,Marcin Gondek,PL,1971,571,59,455,10.332749562171628,79.6847635726795
9930,TIME dotCom Bhd,MY,2369,561,60,472,10.695187165775401,84.13547237076648
136106,PT Mega Akses Persada,ID,548,553,34,507,6.148282097649186,91.68173598553345
9318,SK Broadband Co Ltd,KR,546,529,8,513,1.5122873345935728,96.97542533081285
22773,Cox Communications Inc.,US,514,518,300,212,57.91505791505791,40.92664092664093
577,Bell Canada,CA,665,517,104,407,20.116054158607348,78.72340425531915
61568,ALOO TELECOM - FSF TECNOLOGIA SA,BR,543,513,18,493,3.508771929824561,96.10136452241716
3549,Lumen (fka. Global Crossing),US,520,510,69,433,13.529411764705882,84.90196078431373
28917,"Fiord Networks, UAB",LT,519,508,7,487,1.3779527559055118,95.86614173228347
1257,Tele2 Sverige AB,EU,1099,496,208,275,41.935483870967744,55.443548387096776
42708,Glesys AB,SE,1880,494,150,306,30.364372469635626,61.943319838056674
8708,DIGI ROMANIA S.A.,RO,522,494,135,354,27.327935222672068,71.65991902834008
9121,Turk Telekom,TR,536,491,10,473,2.0366598778004072,96.33401221995926
9929,China Unicom Industrial Internet Backbone,CN,530,473,49,408,10.359408033826638,86.25792811839324
50263,A-Systems Sp. z o.o.,UA,557,472,27,433,5.720338983050848,91.73728813559322
19551,Incapsula Inc,US,400,468,7,449,1.4957264957264957,95.94017094017094
7717,OpenIXP Route Servers,ID,428,463,2,456,0.4319654427645789,98.48812095032397
267613,ELETRONET S.A.,BR,453,458,44,413,9.606986899563319,90.17467248908298
3786,LG DACOM Corporation,KR,458,455,6,445,1.3186813186813187,97.8021978021978
14789,"Cloudflare, Inc.",US,537,446,24,418,5.381165919282512,93.72197309417041
201054,Stowarzyszenie e-Poludnie,PL,752,444,30,406,6.756756756756757,91.44144144144144
29075,IELO-LIAZO SERVICES SAS,FR,1313,438,124,289,28.31050228310502,65.98173515981736
24961,WIIT AG (fka. myLoc Managed IT AG),DE,1216,432,38,371,8.796296296296296,85.87962962962963
2497,Internet Initiative Japan Inc.,JP,482,425,75,336,17.647058823529413,79.05882352941175
20804,Exatel S.A.,PL,484,422,14,402,3.3175355450236967,95.260663507109
138840,PT Parsaoran Global Datatrans,ID,415,421,1,416,0.23752969121140144,98.812351543943
37662,West Indian Ocean Cable Company (WIOCC),MU,401,416,14,390,3.3653846153846154,93.75
17676,SoftBank Corp.,JP,439,414,78,322,18.84057971014493,77.77777777777779
10075,Fiber@Home Global Limited,BD,340,401,2,397,0.4987531172069825,99.00249376558602
23947,PT Mora Telematika Indonesia Tbk,ID,460,397,32,358,8.060453400503778,90.17632241813602
28283,Adyl Telecom,BR,346,388,2,381,0.5154639175257731,98.19587628865979
271253,LINK BRASIL TELECOMUNICACOES LTDA,BR,386,387,83,302,21.44702842377261,78.0361757105943
1221,Telstra Limited,AU,526,386,104,272,26.94300518134715,70.46632124352331
54004,Cablevision Lightpath LLC,US,411,386,1,382,0.2590673575129534,98.96373056994818
29535,Orange Polska Spolka Akcyjna,PL,373,384,93,289,24.21875,75.26041666666666
147094,PT Mitra Visioner Pratama,ID,362,383,4,377,1.0443864229765014,98.43342036553526
7049,Silica Networks Argentina S.A.,AR,374,383,40,339,10.443864229765012,88.51174934725849
3326,Datagroup PJSC,UA,426,383,105,267,27.415143603133156,69.71279373368147
50509,Transroute.Net,RU,373,369,2,351,0.5420054200542005,95.1219512195122
45820,Tata Teleservices ISP,IN,342,364,0,363,0.0,99.72527472527473
7303,Telecom Argentina S.A.,AR,305,363,167,196,46.005509641873275,53.994490358126725
18229,CtrlS,IN,399,362,0,360,0.0,99.4475138121547
5617,Orange Polska Spolka Akcyjna,PL,358,355,75,275,21.12676056338028,77.46478873239437
52925,Ascenty Data Centers e Telecomunicações S/A,BR,179,354,6,337,1.694915254237288,95.19774011299435
29076,Citytelecom LLC,RU,347,348,1,339,0.28735632183908044,97.41379310344827
55836,Reliance Jio Infocomm Limited,IN,352,346,14,328,4.046242774566474,94.79768786127167
54994,Meteverse Limited,CA,351,342,22,314,6.432748538011696,91.81286549707602
2764,AAPT Limited,AU,369,338,4,329,1.183431952662722,97.33727810650888
50607,Stowarzyszenie e-Poludnie,PL,417,338,42,291,12.42603550295858,86.09467455621301
7029,Windstream Communications LLC,US,333,334,150,183,44.91017964071856,54.79041916167665
55720,Gigabit Hosting Sdn Bhd,MY,626,331,29,283,8.761329305135952,85.49848942598187
29119,AIRE NETWORKS DEL MEDITERRANEO SL UNIPERSONAL,ES,314,327,15,301,4.587155963302752,92.04892966360856
34984,Superonline Iletisim Hizmetleri A.S.,TR,332,323,110,208,34.05572755417957,64.39628482972137
55410,Vodafone Idea Ltd,IN,317,321,4,315,1.2461059190031152,98.13084112149532
35297,Dataline LLC,UA,320,320,27,288,8.4375,90.0
212895,Johannes Ernst,DE,310,311,26,275,8.360128617363344,88.42443729903538
139009,Windstream Communication Limited,BD,307,308,0,308,0.0,100.0
64126,"DOMINICAN TELECOM PRIME, DTP, S.R.L.",DO,56,308,16,280,5.194805194805195,90.9090909090909
18403,FPT Telecom Company,VN,311,308,149,154,48.37662337662338,50.0
7474,SingTel Optus Pty Ltd,AU,309,297,32,260,10.774410774410773,87.54208754208754
24785,Joint Transit (Broadband Hosting B.V.),NL,310,290,35,236,12.068965517241379,81.37931034482759
52965,1Telecom,BR,282,289,4,285,1.384083044982699,98.6159169550173
6327,Shaw Communications,CA,554,289,12,271,4.1522491349480966,93.77162629757785
4657,StarHub Ltd,SG,188,288,14,262,4.861111111111112,90.97222222222221
38158,PT Cyberindo Aditama,ID,292,286,4,277,1.3986013986013985,96.85314685314685
62081,Stowarzyszenie e-Poludnie,PL,285,285,9,274,3.1578947368421053,96.14035087719299
55655,PT Sarana Insan Muda Selaras,ID,270,282,2,278,0.7092198581560284,98.58156028368793
29226,MasterTel,RU,277,280,0,277,0.0,98.92857142857143
58682,Level3 Carrier Ltd.,BD,242,278,0,278,0.0,100.0
9299,PLDT (Philippine Long Distance Telephone Company),PH,275,275,9,258,3.272727272727273,93.81818181818183
264409,Huge Networks,BR,278,274,10,261,3.64963503649635,95.25547445255475
12912,T-Mobile Polska S.A.,PL,267,270,7,259,2.5925925925925926,95.92592592592592
22927,Telefonica de Argentina,AR,232,270,129,138,47.77777777777778,51.11111111111111
7473,Singapore Telecommunications Ltd,SG,307,270,44,214,16.296296296296298,79.25925925925927
33491,"Comcast Cable Communications, LLC",US,273,269,157,110,58.36431226765799,40.89219330855018
139341,WeChat/QQ CDN,SG,269,269,5,257,1.858736059479554,95.53903345724906
16276,OVH SAS,FR,342,269,7,256,2.6022304832713754,95.16728624535315
3255,Ukrainian Academic and Research Network,UA,267,269,37,223,13.754646840148698,82.8996282527881
23106,American Tower Brasil,BR,268,267,46,219,17.228464419475657,82.02247191011236
38008,Aperture Science Limited,HK,31,266,9,244,3.3834586466165413,91.72932330827066
11432,Telium Telecomunicações Ltda,BR,248,256,2,254,0.78125,99.21875
6204,INTERKVM HOST SRL,RO,302,254,9,222,3.543307086614173,87.4015748031496
22381,SAMM (Megatelecom),BR,251,253,2,248,0.7905138339920948,98.02371541501977
12552,GlobalConnect (IP-Only),SE,251,253,40,208,15.810276679841898,82.21343873517787
5650,Verizon (fka. Frontier),US,253,252,1,250,0.3968253968253968,99.20634920634922
28368,Wirelink (Sobralnet),BR,320,250,1,248,0.4,99.2
13237,euNetworks GmbH,DE,273,249,8,233,3.2128514056224895,93.57429718875501
1828,PacketFabric / Unitas Global,US,220,243,1,242,0.411522633744856,99.58847736625515
10796,Charter Communications Inc,US,260,240,123,113,51.24999999999999,47.083333333333336
9730,Bharti Telesonic Ltd,IN,237,239,0,239,0.0,100.0
2516,KDDI Corporation,JP,250,238,60,172,25.210084033613445,72.26890756302521
263009,FORTE TELECOM LTDA.,BR,252,238,41,195,17.22689075630252,81.9327731092437
17557,Pakistan Telecommunication Company Limited,PK,208,237,9,228,3.79746835443038,96.20253164556962
31027,GlobalConnect A/S,DK,230,232,137,92,59.05172413793104,39.6551724137931
53087,TELY Ltda.,BR,228,232,26,205,11.206896551724139,88.36206896551724
8641,"LLC ""Nauka-Svyaz""",RU,210,232,0,231,0.0,99.56896551724138
20115,Charter Communications LLC,US,255,232,5,224,2.1551724137931036,96.55172413793103
198949,Radware,IL,225,232,15,214,6.4655172413793105,92.24137931034483
49915,Megaport (UK) Limited,GB,229,231,34,191,14.71861471861472,82.68398268398268
53356,Free Range Cloud Hosting Inc.,CA,268,231,26,191,11.255411255411255,82.68398268398268
53181,K2 Telecom e Multimidia LTDA ME,BR,227,231,48,181,20.77922077922078,78.35497835497836
812,Rogers Communications Canada Inc.,CA,229,230,0,228,0.0,99.1304347826087
6730,Sunrise GmbH,CH,228,225,139,85,61.77777777777778,37.77777777777778
59796,StormWall s.r.o.,SK,224,225,12,207,5.333333333333334,92.0
12874,Fastweb SpA,IT,222,223,129,91,57.847533632286996,40.80717488789238
4787,PT Cyberindo Aditama,ID,226,220,2,213,0.9090909090909091,96.81818181818181
36236,"NetActuate, Inc",US,164,218,74,136,33.94495412844037,62.38532110091744
12302,Vodafone Romania S.A.,RO,214,216,2,213,0.9259259259259258,98.61111111111111
20940,Akamai International B.V.,NL,230,214,26,184,12.149532710280374,85.98130841121495
58389,PT Sumber Data Indonesia,ID,222,214,2,206,0.9345794392523363,96.26168224299066
35320,Eurotranstelecom Ltd,UA,210,212,70,132,33.0188679245283,62.264150943396224
45296,PT Rabik Bangun Nusantara,ID,232,212,1,208,0.4716981132075472,98.11320754716981
13536,"FirstLight Networks, LLC",US,207,208,3,204,1.4423076923076923,98.07692307692307
38195,Superloop,AU,182,207,55,145,26.570048309178745,70.04830917874396
11404,Wave Broadband,US,197,206,65,137,31.55339805825243,66.50485436893204
9050,Orange Romania S.A.,RO,204,205,2,200,0.975609756097561,97.5609756097561
42337,Respina Networks & Beyond PJSC,IR,205,205,4,201,1.951219512195122,98.04878048780488
35625,Eurofiber France SAS,FR,309,204,21,168,10.294117647058822,82.35294117647058
53667,FranTech Solutions,US,195,202,66,125,32.67326732673268,61.88118811881188
8717,A1 Bulgaria EAD,BG,209,202,2,198,0.9900990099009901,98.01980198019803
9808,China Mobile Backbone,CN,2758,197,3,194,1.5228426395939088,98.47715736040608
269194,ST1 INTERNET,BR,201,197,17,179,8.629441624365482,90.86294416243655
262663,METROFLEX TELECOMUNICACOES LTDA,BR,184,194,7,185,3.608247422680412,95.36082474226805
62255,BiMajLink d.o.o.,SI,265,192,2,182,1.0416666666666665,94.79166666666666
32097,"WholeSale Internet, Inc.",US,302,191,35,143,18.32460732984293,74.86910994764398
263903,INFORBARRA TELECOM,BR,189,191,1,190,0.5235602094240838,99.47643979057592
201706,SERVICEPIPE LLC,RU,218,189,3,182,1.5873015873015872,96.29629629629629
9009,M247 Europe SRL,RO,221,188,80,102,42.5531914893617,54.25531914893617
135607,Infinivan Incorporated,PH,184,188,8,174,4.25531914893617,92.5531914893617
37271,Workonline Communications(Pty) Ltd,ZA,154,187,52,129,27.807486631016044,68.98395721925134
11164,Internet2 I2PX,US,187,186,14,166,7.526881720430108,89.24731182795699
32098,Flō Networks (Transtelco Inc.),US,186,186,6,176,3.225806451612903,94.6236559139785
18678,INTERNEXA S.A. E.S.P,CO,192,185,5,179,2.7027027027027026,96.75675675675676
58715,EARTH TELECOMMUNICATION (Pvt) LTD.,BD,147,181,0,181,0.0,100.0
44324,MoeDove LLC,US,136,181,19,144,10.497237569060774,79.55801104972376
199995,Omega Telecom LLC,UA,177,180,12,165,6.666666666666667,91.66666666666666
8881,1&1 Versatel GmbH,DE,181,180,101,76,56.111111111111114,42.22222222222222
702,Verizon Business - EMEA,US,183,180,0,176,0.0,97.77777777777777
28146,MHNET TELECOM,BR,184,179,0,178,0.0,99.4413407821229
28598,MOB,BR,186,179,15,164,8.379888268156424,91.62011173184358
45899,VNPT Corp,VN,202,178,37,139,20.786516853932586,78.08988764044943
60171,AFR-IX TELECOM S.A.,ES,192,178,64,112,35.95505617977528,62.92134831460674
265269,MEGA TELE INFORMATICA,BR,193,177,3,172,1.694915254237288,97.17514124293785
11664,Techtel LMDS Comunicaciones Interactivas S.A.,AR,177,177,100,76,56.49717514124294,42.93785310734463
262589,SAMM (Internexa),BR,100,176,9,165,5.113636363636364,93.75
3269,TIM S.p.A. (fka. Telecom Italia S.p.A.),IT,174,176,105,69,59.65909090909091,39.20454545454545
131111,PT Mora Telematika Indonesia Tbk,ID,211,173,1,169,0.5780346820809248,97.6878612716763
8447,A1 Telekom Austria AG,AT,183,172,2,168,1.1627906976744187,97.67441860465115
13649,Flexential Colorado Corp.,US,171,171,122,49,71.34502923976608,28.654970760233915
24429,Alibaba Cloud,CN,123,171,12,154,7.017543859649122,90.05847953216374
38193,Transworld Associates (Pvt.) Ltd.,PK,169,171,7,164,4.093567251461988,95.90643274853801
52361,ARSAT - Empresa Argentina de Soluciones Satelitales S.A.,AR,166,171,110,61,64.32748538011695,35.67251461988304
1820,WNET TELECOM USA Corp.,US,172,170,10,156,5.88235294117647,91.76470588235294
57344,Telehouse EAD,BG,187,170,46,120,27.058823529411764,70.58823529411765
15164,Unite Private Networks LLC.,US,170,170,4,165,2.3529411764705883,97.05882352941177
39392,SH.cz s.r.o.,CZ,182,169,43,118,25.443786982248522,69.8224852071006
12578,SIA Tet,LV,168,168,72,92,42.857142857142854,54.761904761904766
37282,Mainone Cable Company,NG,178,167,1,165,0.5988023952095809,98.80239520958084
20001,Charter Communications Inc,US,164,166,89,75,53.6144578313253,45.18072289156627
8732,JSC Comcor,RU,192,165,0,159,0.0,96.36363636363636
5603,"Telekom Slovenije, d.d.",SI,163,165,3,162,1.8181818181818181,98.18181818181819
41327,Fiber Telecom S.p.A.,IT,163,164,96,63,58.536585365853654,38.41463414634146
150178,EXABYTE LTD,BD,134,164,0,164,0.0,100.0
15924,Vodafone Turkey,TR,164,163,5,156,3.067484662576687,95.70552147239265
269096,NORTH TECNOLOGIA,BR,157,163,1,161,0.6134969325153374,98.77300613496932
52320,V.tal (GlobeNet),CO,146,162,11,149,6.790123456790123,91.9753086419753
6663,Türk Telekom International,RO,173,162,2,158,1.2345679012345678,97.53086419753086
8866,Vivacom Bulgaria EAD,BG,166,162,27,133,16.666666666666664,82.09876543209876
1680,Cellcom Fixed Line Communication L.P,IL,161,160,2,156,1.25,97.5
21497,Vodafone Ukraine,UA,159,159,7,148,4.40251572327044,93.08176100628931
20055,Ziply Fiber,US,158,158,1,153,0.6329113924050633,96.83544303797468
21949,Beanfield Technologies Inc.,CA,157,157,1,153,0.6369426751592357,97.45222929936305
7738,V.tal,BR,169,156,16,139,10.256410256410255,89.1025641025641
52573,Une Telecom Ltda,BR,143,154,0,153,0.0,99.35064935064936
7015,"Comcast Cable Communications, LLC",US,149,153,72,80,47.05882352941176,52.28758169934641
6774,BICS (Belgacom),BE,52,152,12,135,7.894736842105263,88.81578947368422
2856,British Telecommunications,GB,157,151,2,146,1.3245033112582782,96.68874172185431
13760,Uniti Fiber Holdings Inc.,US,150,150,0,149,0.0,99.33333333333333
3215,Orange S.A.,FR,160,150,83,60,55.333333333333336,40.0
17762,Tata Teleservices Maharashtra Ltd,IN,118,149,0,148,0.0,99.32885906040269
327782,Metrofibre Networx,ZA,35,149,7,142,4.697986577181208,95.30201342281879
34224,Neterra Ltd.,BG,148,148,0,144,0.0,97.2972972972973
15694,Atman Sp. z o.o.,PL,146,148,38,107,25.675675675675674,72.2972972972973
11427,Charter Communications Inc,US,147,147,81,64,55.10204081632652,43.53741496598639
45903,CMC Telecom Infrastructure Company,VN,144,145,3,140,2.0689655172413794,96.55172413793103
50629,LWLcom GmbH,DE,208,144,67,61,46.52777777777778,42.36111111111111
21574,Century Telecom Ltda,BR,142,144,1,143,0.6944444444444444,99.30555555555556
58495,PT Parsaoran Global Datatrans,ID,146,144,1,142,0.6944444444444444,98.61111111111111
26615,TIM S/A,BR,148,143,8,135,5.594405594405594,94.4055944055944
55002,"F5, Inc.",US,143,142,4,133,2.8169014084507045,93.66197183098592
23005,"SWITCH, LTD",US,140,141,2,137,1.4184397163120568,97.16312056737588
40264,Charter Communications LLC,US,137,141,2,136,1.4184397163120568,96.45390070921985
8551,Bezeq International Ltd.,IL,150,141,5,134,3.546099290780142,95.0354609929078
33651,"Comcast Cable Communications, LLC",US,142,140,2,135,1.4285714285714286,96.42857142857143
43298,Storm Networks LLC,RU,152,139,1,136,0.7194244604316548,97.84172661870504
4761,PT Indosat Tbk,ID,151,138,1,136,0.7246376811594203,98.55072463768117
33667,"Comcast Cable Communications, LLC",US,139,137,4,131,2.9197080291970803,95.62043795620438
43754,Asiatech Data Transmission company,IR,136,136,0,136,0.0,100.0
55685,PT Jala Lintas Media,ID,146,134,1,131,0.7462686567164178,97.76119402985076
33287,"Comcast Cable Communications, LLC",US,132,132,1,130,0.7575757575757576,98.48484848484848
8455,atom86 BV,NL,160,131,14,108,10.687022900763358,82.44274809160305
16509,"Amazon.com, Inc.",US,168,130,92,35,70.76923076923077,26.923076923076923
33657,"Comcast Cable Communications, LLC",US,144,130,72,56,55.38461538461539,43.07692307692308
42020,OGERO,LB,130,130,94,36,72.3076923076923,27.692307692307693
16019,Vodafone Czech Republic a.s.,CZ,139,129,95,32,73.64341085271317,24.8062015503876
8400,Telekom Srbija a.d.,RS,129,129,67,62,51.93798449612403,48.06201550387597
8280,SYNAPSECOM S.A. Provider of Telecommunications and Internet Services,GR,338,129,31,92,24.031007751937985,71.31782945736434
64315,PT Mitra Visioner Pratama,ID,115,129,1,128,0.7751937984496124,99.2248062015504
4764,Aussie Broadband,AU,128,129,83,44,64.34108527131784,34.10852713178294
17995,PT iForte Global Internet,ID,126,128,0,128,0.0,100.0
2119,Telenor Norge AS,NO,311,128,54,64,42.1875,50.0
41051,Freetransit Project (Openfactory GmbH),CH,127,127,8,115,6.299212598425196,90.5511811023622
17378,"TierPoint, LLC",US,131,127,1,125,0.7874015748031495,98.4251968503937
12129,"123.Net, Inc.",US,126,126,7,118,5.555555555555555,93.65079365079364
4775,Globe Telecoms,PH,126,126,22,101,17.46031746031746,80.15873015873017
3292,TDC Holding A/S,DK,100,125,82,42,65.60000000000001,33.6
8772,NetAssist LLC,UA,113,123,2,117,1.6260162601626018,95.1219512195122
8167,V.tal,BR,115,122,1,121,0.819672131147541,99.18032786885246
12400,Partner Communications Ltd.,IL,125,121,1,118,0.8264462809917356,97.52066115702479
8953,Orange Romania S.A.,RO,120,121,1,120,0.8264462809917356,99.17355371900827
7552,Viettel Group,VN,126,120,3,116,2.5,96.66666666666667
2152,CENIC - CalREN,US,121,120,2,118,1.6666666666666667,98.33333333333333
11172,"Alestra, S. de R.L. de C.V.",MX,120,119,4,113,3.361344537815126,94.9579831932773
209533,iFog GmbH - BGPTunnel,CH,115,119,1,116,0.8403361344537815,97.47899159663865
24534,PT Trans Hybrid Communication,ID,128,118,0,117,0.0,99.15254237288136
45117,Ishan Netsol Pvt Ltd,IN,118,118,0,118,0.0,100.0
4455,IX Reach Ltd,GB,121,116,11,101,9.482758620689655,87.06896551724138
28343,Unifique Telecomunicações SA,BR,112,116,20,96,17.24137931034483,82.75862068965517
7016,"Comcast Cable Communications, LLC",US,118,115,69,45,60.0,39.130434782608695
268696,Tuddo Telecom Ltda.,BR,111,115,0,115,0.0,100.0
45147,PT NAP Info Lintas Nusa,ID,117,115,1,113,0.8695652173913043,98.26086956521739
9198,JSC Kazakhtelecom,KZ,111,111,1,105,0.9009009009009009,94.5945945945946
138915,Kaopu Cloud HK Limited,HK,77,111,2,104,1.8018018018018018,93.69369369369369
139901,Apple Communication Ltd.,BD,109,111,0,111,0.0,100.0
6079,Astound (fka. RCN),US,111,111,45,66,40.54054054054054,59.45945945945946
4788,TM Technology Services Sdn. Bhd.,MY,158,110,19,88,17.272727272727273,80.0
3209,Vodafone GmbH,DE,122,110,2,105,1.8181818181818181,95.45454545454545
1267,WIND TRE S.P.A.,IT,95,108,3,104,2.7777777777777777,96.29629629629629
262907,Brasil TecPar,BR,102,108,0,108,0.0,100.0
9790,Two Degrees Networks Limited,NZ,108,108,10,98,9.25925925925926,90.74074074074075
6855,"Slovak Telekom, a.s.",SK,107,107,70,37,65.42056074766354,34.57943925233645
2907,Science Information Network,JP,114,106,1,105,0.9433962264150944,99.05660377358491
28260,ALTA REDE CORPORATE NETWORK TELECOM LTDA - EPP,BR,103,104,29,75,27.884615384615387,72.11538461538461
11537,Internet2,US,401,104,15,84,14.423076923076922,80.76923076923077
270735,COMPUTIZE NETWORK TELECOMUNICACOES LTDA,BR,106,103,0,102,0.0,99.02912621359224
3301,Telia Company AB,SE,104,103,71,31,68.93203883495146,30.097087378640776
20205,"Amplex Electric, Inc.",US,188,103,9,90,8.737864077669903,87.37864077669903
17494,Bangladesh Telegraph & Telephone Board,BD,78,102,2,100,1.9607843137254901,98.0392156862745
33132,Crown Castle Fiber LLC,US,103,102,0,101,0.0,99.01960784313727
138128,PT Solnet Indonesia,ID,99,101,2,97,1.9801980198019802,96.03960396039604
39737,Prime Telecom srl,RO,100,101,0,100,0.0,99.00990099009901
137366,PT iForte Solusi Infotek,ID,106,100,0,97,0.0,97.0
7470,"TRUE INTERNET Co.,Ltd.",TH,100,99,1,98,1.0101010101010102,98.98989898989899
18734,"Operbes, S.A. de C.V.",MX,99,99,1,98,1.0101010101010102,98.98989898989899
8151,UNINET,MX,98,99,1,98,1.0101010101010102,98.98989898989899
29802,"HIVELOCITY, Inc.",US,94,98,45,51,45.91836734693878,52.04081632653062
17665,ONEOTT INTERTAINMENT LIMITED,IN,99,98,0,98,0.0,100.0
703,Verizon Business - APAC,US,101,98,0,95,0.0,96.93877551020408
41798,JSC Transtelecom,KZ,95,98,11,84,11.224489795918368,85.71428571428571
52554,Rede MegasNet Telecomunicações,BR,98,98,0,98,0.0,100.0
35753,Etihad Salam Telecom CJSC,SA,98,98,3,94,3.061224489795918,95.91836734693877
28126,BRISANET SERVICOS DE TELECOMUNICACOES S.A,BR,107,98,31,67,31.63265306122449,68.36734693877551
262462,Aranet Play,BR,97,97,0,97,0.0,100.0
3352,TELEFONICA DE ESPANA S.A.U.,ES,77,97,60,37,61.855670103092784,38.144329896907216
15895,"""Kyivstar"" PJSC",UA,95,97,39,53,40.20618556701031,54.63917525773196
31287,IPACCT CABLE Ltd,BG,113,97,0,96,0.0,98.96907216494846
328977,Wavex Internet Service Provider LTD,KE,153,96,8,84,8.333333333333332,87.5
52873,Softdados Telecomunicações,BR,95,96,34,62,35.41666666666667,64.58333333333334
17408,AboveNet Communications Taiwan,TW,103,96,3,85,3.125,88.54166666666666
28220,Alares Internet,BR,101,96,5,91,5.208333333333334,94.79166666666666
199599,"Telecom-Birzha, LLC",RU,93,96,0,95,0.0,98.95833333333334
34779,"T-2, d.o.o.",SI,96,96,0,96,0.0,100.0
28716,Retelit Digital Services S.p.A.,IT,97,96,3,91,3.125,94.79166666666666
2854,LLC Orange Business Services,RU,95,96,0,96,0.0,100.0
394684,GOLD DATA USA INC,US,92,95,2,91,2.1052631578947367,95.78947368421052
11351,Charter Communications Inc,US,94,94,40,53,42.5531914893617,56.38297872340425
2686,"AT&T Enterprises, LLC",US,96,94,0,92,0.0,97.87234042553192
2711,Spirit Communications,US,94,94,59,33,62.76595744680851,35.1063829787234
35168,TNS-Plus LLP,KZ,92,94,0,92,0.0,97.87234042553192
17439,NTT Communications India Pvt. Ltd.,IN,94,94,0,94,0.0,100.0
3758,SingNet,SG,96,94,0,91,0.0,96.80851063829788
59692,IQWeb FZ-LLC,AE,90,93,1,92,1.0752688172043012,98.9247311827957
10099,China Unicom Global,HK,113,93,5,86,5.376344086021505,92.47311827956989
134654,PT Data Utama Dinamika,ID,97,93,0,92,0.0,98.9247311827957
4713,NTT Communications Corporation (OCN),JP,103,93,45,47,48.38709677419355,50.53763440860215
12025,Iron Mountain Data Centers,US,94,93,0,90,0.0,96.7741935483871
56534,Comfortel Ltd.,RU,92,93,0,91,0.0,97.84946236559139
5606,GTS Telecom SRL,RO,98,93,1,90,1.0752688172043012,96.7741935483871
28186,ITS TELECOMUNICACOES LTDA,BR,88,92,37,54,40.21739130434783,58.69565217391305
2116,GLOBALCONNECT AS,NO,92,92,1,89,1.0869565217391304,96.73913043478261
12357,VODAFONE ESPANA S.A.U.,ES,94,92,2,90,2.1739130434782608,97.82608695652173
37613,DOLPHIN TELECOMMUNICATION LIMITED,GH,87,91,16,68,17.582417582417584,74.72527472527473
44600,"""GIGATRANS UKRAINE"", LLC",UA,90,91,0,91,0.0,100.0
58224,Iran Telecommunication Company PJS,IR,90,90,0,90,0.0,100.0
209735,Lagrange Cloud Technologies Limited,GB,90,90,51,35,56.666666666666664,38.88888888888889
55824,NKN Core Network,IN,90,89,44,44,49.43820224719101,49.43820224719101
63927,RISE,HK,95,89,8,76,8.98876404494382,85.39325842696628
12963,"Scientific Industrial Firm ""Volz"" Ltd",UA,89,89,1,87,1.1235955056179776,97.75280898876404
28329,SAMM  (G8/Megatelecom),BR,91,89,14,75,15.730337078651685,84.26966292134831
16637,MTN SA (Bayobab),ZA,73,89,2,86,2.247191011235955,96.62921348314607
63293,Meta (CDN Network),US,85,88,12,73,13.636363636363635,82.95454545454545
2519,ARTERIA Networks Corporation,JP,85,88,2,85,2.272727272727273,96.5909090909091
10103,HK Broadband Network Ltd.,HK,88,87,0,85,0.0,97.70114942528735
15557,SFR SA,FR,89,86,65,21,75.5813953488372,24.418604651162788
33763,Paratus Telecommunications Limited,MU,98,86,1,83,1.1627906976744187,96.51162790697676
47232,ISP Alliance a.s.,CZ,102,86,16,68,18.6046511627907,79.06976744186046
12735,TurkNet Iletisim Hizmetleri A.S.,TR,87,86,28,57,32.55813953488372,66.27906976744185
11014,Metrotel,AR,82,85,5,79,5.88235294117647,92.94117647058823
8529,Zain Omantel International FZ-LLC,AE,85,85,1,82,1.1764705882352942,96.47058823529412
44901,Belcloud LTD,BG,87,85,2,81,2.3529411764705883,95.29411764705881
13767,"DataBank Holdings, Ltd.",US,85,85,49,35,57.647058823529406,41.17647058823529
31242,P4 Sp. z o.o.,PL,83,84,32,52,38.095238095238095,61.904761904761905
27064,Defense Information Systems Agency (DISA),US,84,84,0,84,0.0,100.0
52863,UPX TECNOLOGIA LTDA,BR,92,83,11,71,13.253012048192772,85.54216867469879
201776,Miranda-Media Ltd,RU,82,83,1,81,1.2048192771084338,97.59036144578313
136557,Host Universal Pty Ltd,AU,82,82,5,76,6.097560975609756,92.6829268292683
9829,BSNL (Bharat Sanchar Nigam Ltd),IN,80,82,1,80,1.2195121951219512,97.5609756097561
12479,Orange Espagne SA,ES,81,82,47,34,57.3170731707317,41.46341463414634
35661,VIRTUA SYSTEMS SAS,FR,82,82,1,78,1.2195121951219512,95.1219512195122
8262,Evolink EAD,BG,90,82,1,80,1.2195121951219512,97.5609756097561
35805,"JSC ""Silknet""",GE,83,82,34,47,41.46341463414634,57.3170731707317
971,PureVoltage Hosting Inc.,US,227,82,10,65,12.195121951219512,79.26829268292683
9141,P4 Sp. z o.o.,PL,79,81,35,44,43.20987654320987,54.32098765432099
3573,Accenture LLP,US,107,81,25,54,30.864197530864196,66.66666666666666
268624,Gamers Club Ltda,BR,54,80,0,80,0.0,100.0
4808,China Unicom Beijing Province Network,CN,80,80,0,80,0.0,100.0
49581,Ferdinand Zink trading as Tube-Hosting,DE,77,80,1,77,1.25,96.25
28663,FLYS INTERATIVA LTDA,BR,13,79,1,78,1.2658227848101267,98.73417721518987
62,CyrusOne LLC,US,79,79,0,78,0.0,98.73417721518987
26554,"US Signal Company, L.L.C.",US,81,78,0,78,0.0,100.0
31898,Oracle Cloud,US,77,78,23,49,29.48717948717949,62.82051282051282
135069,Feenix Communications Limited,NZ,77,78,0,78,0.0,100.0
265038,TELFO SERVICO DE TELECOMUNICACOES LTDA,BR,75,77,1,76,1.2987012987012987,98.7012987012987
45305,PT Lintas Data Prima,ID,74,77,0,77,0.0,100.0
57866,Fusix Networks B.V.,NL,85,77,36,40,46.75324675324675,51.94805194805194
141137,PT Media Cepat Indonesia,ID,77,77,0,74,0.0,96.1038961038961
11796,"Airstream Communications, LLC",US,74,77,1,75,1.2987012987012987,97.40259740259741
264997,Direct Telecom Ltda,BR,73,77,0,77,0.0,100.0
11426,Charter Communications Inc,US,76,76,55,21,72.36842105263158,27.631578947368425
38731,Viettel - CHT Company Ltd,VN,78,76,2,73,2.631578947368421,96.05263157894737
7795,"LUMOS Networks, Inc.",US,79,76,1,75,1.3157894736842104,98.68421052631578
13367,"Comcast Cable Communications, LLC",US,77,75,0,74,0.0,98.66666666666667
262476,BRCENTRAL TELECOM,BR,72,75,1,74,1.3333333333333335,98.66666666666667
39386,Saudi Telecom Company JSC,SA,75,75,2,71,2.666666666666667,94.66666666666667
64289,Macarne.com,US,170,75,10,60,13.333333333333334,80.0
19108,Optimum,US,75,75,31,43,41.333333333333336,57.333333333333336
45458,SBN-ISP/AWN-ISP and SBN-NIX/AWN-NIX,TH,74,75,1,73,1.3333333333333335,97.33333333333334
47147,Anexia Cloud Solutions GmbH,AT,75,74,38,34,51.35135135135135,45.94594594594595
7385,Zayo (fka Allstream),US,75,74,1,71,1.3513513513513513,95.94594594594594
133296,Web Werks India Pvt. Ltd.,IN,75,74,1,71,1.3513513513513513,95.94594594594594
12310,iNES GROUP SRL,RO,71,73,1,70,1.36986301369863,95.8904109589041
35000,"JSC ""Severen-Telecom""",RU,73,73,0,71,0.0,97.26027397260275
202,"Level 3 Parent, LLC",US,81,73,0,73,0.0,100.0
9119,SOFTNET d.o.o.,SI,72,72,1,71,1.3888888888888888,98.61111111111111
55818,Matrix Cable Internet Exchange,ID,54,72,0,71,0.0,98.61111111111111
5056,Aureon Network Services,US,73,72,0,72,0.0,100.0
306,United States Department of Defense (DoD),US,72,72,0,72,0.0,100.0
139317,Ningbo Dahuamao Information Technology Co Ltd,CN,70,71,0,67,0.0,94.36619718309859
3267,National Research Computer Network of Russia,RU,70,71,0,71,0.0,100.0
41095,IPTP LTD,GB,46,71,1,66,1.4084507042253522,92.95774647887323
5483,Magyar Telekom Plc.,HU,71,71,41,30,57.74647887323944,42.25352112676056
33659,"Comcast Cable Communications, LLC",US,72,71,0,71,0.0,100.0
196844,"Institute of Bioorganic Chemistry Polish Academy of Science, Poznan Supercomputing and Networking Center",PL,74,71,0,71,0.0,100.0
5400,British Telecommunications (International) ,GB,70,70,22,45,31.428571428571427,64.28571428571429
6424,EDGOO NETWORKS,PT,145,70,10,58,14.285714285714285,82.85714285714286
14259,Gtd Internet S.A.,CL,61,70,1,69,1.4285714285714286,98.57142857142858
40676,Psychz Networks,US,78,70,32,35,45.714285714285715,50.0
33652,"Comcast Cable Communications, LLC",US,69,70,0,70,0.0,100.0
4621,UniNet Thailand,TH,69,70,1,69,1.4285714285714286,98.57142857142858
56630,Melbikomas UAB,LT,74,70,2,64,2.857142857142857,91.42857142857143
25899,LS Networks,US,70,70,33,36,47.14285714285714,51.42857142857142
15802,Emirates Integrated Telecommunications Company PJSC,AE,80,69,0,66,0.0,95.65217391304348
32505,Conterra,US,69,69,1,68,1.4492753623188406,98.55072463768117
8452,Telecom Egypt,EG,68,69,51,17,73.91304347826086,24.637681159420293
262503,WIKI TELECOMUNICACOES EIRELI,BR,69,69,0,68,0.0,98.55072463768117
33363,"Charter Communications, Inc",US,69,69,36,33,52.17391304347826,47.82608695652174
39686,Eurofiber Nederland BV,NL,112,68,43,25,63.23529411764706,36.76470588235294
4847,China Telecom Beijing Province Network,CN,68,68,0,68,0.0,100.0
13876,"FiberLight, LLC",US,69,68,9,58,13.23529411764706,85.29411764705883
263703,VIGINET C.A (vnet),VE,68,68,7,60,10.294117647058822,88.23529411764706
207841,Inferno Communications Ltd,GB,66,68,40,26,58.82352941176471,38.23529411764706
8767,M-net Telekommunikations GmbH,DE,68,67,46,20,68.65671641791045,29.850746268656714
47605,FNE-Finland Oy,FI,67,67,1,66,1.4925373134328357,98.50746268656717
137491,Peerex Networks Ltd,BD,65,67,0,67,0.0,100.0
62943,"Missouri Network Alliance, LLC",US,71,67,2,65,2.9850746268656714,97.01492537313433
263432,CORPORATIVA TELECOMUNICACOES EIRELI ME,BR,68,67,1,66,1.4925373134328357,98.50746268656717
263966,WorldWifi,BR,63,67,0,67,0.0,100.0
29465,MTN NIGERIA Communication limited,NG,70,67,4,61,5.970149253731343,91.04477611940298
263276,BBG TELECOM LTDA,BR,64,66,0,66,0.0,100.0
52872,VOANET Telecomunicações Ltda.,BR,63,66,0,66,0.0,100.0
8308,NAUKOWA I AKADEMICKA SIEC KOMPUTEROWA - PANSTWOWY INSTYTUT BADAWCZY,PL,66,66,0,66,0.0,100.0
35819,Etihad Etisalat (Mobily),SA,66,66,19,46,28.78787878787879,69.6969696969697
33650,"Comcast Cable Communications, LLC",US,67,65,3,61,4.615384615384616,93.84615384615384
45430,SBN-IIG/AWN-IIG transit provider,TH,55,64,5,59,7.8125,92.1875
17222,MUNDIVOX DO BRASIL LTDA,BR,64,64,0,63,0.0,98.4375
139057,Legend Dynasty Pte. Ltd.,SG,29,64,15,48,23.4375,75.0
29838,"Atlantic Metro Communications II, Inc.",US,84,64,4,57,6.25,89.0625
58656,bdHUB Limited,BD,61,64,2,62,3.125,96.875
58511,Swoop (Anycast Global Backbone),AU,66,64,0,63,0.0,98.4375
8473,Bahnhof AB,SE,65,64,34,29,53.125,45.3125
9848,SEJONG NETWORKS,KR,63,63,1,62,1.5873015873015872,98.4126984126984
29208,"Quantcom, a.s.",CZ,63,63,43,19,68.25396825396825,30.158730158730158
48858,"JSC ""ER-Telecom Holding""",RU,57,63,0,62,0.0,98.4126984126984
835,GoCodeIT Inc,CA,60,63,2,59,3.1746031746031744,93.65079365079364
132770,Gazon Communications India Limited,IN,63,63,0,63,0.0,100.0
262191,LIBERTY NETWORKS DE COLOMBIA S.A.S,CO,60,63,1,62,1.5873015873015872,98.4126984126984
9507,NextHop Pty Ltd,AU,60,62,4,56,6.451612903225806,90.32258064516128
13194,"UAB ""Bite Lietuva""",LT,64,62,8,51,12.903225806451612,82.25806451612904
3754,NYSERNet,US,64,62,10,52,16.129032258064516,83.87096774193549
5578,"SWAN, a.s.",SK,62,62,0,61,0.0,98.38709677419355
53115,ISPX Solucoes em Telecomunicacoes SPE Ltda,BR,68,62,0,62,0.0,100.0
20632,PJSC MegaFon,RU,64,62,0,62,0.0,100.0
24198,PT Datakom Padma Jaya,ID,65,62,1,59,1.6129032258064515,95.16129032258065
58212,dataforest GmbH,DE,63,61,1,57,1.639344262295082,93.44262295081968
196695,NetOne Rus JSC,RU,63,61,0,61,0.0,100.0
262761,Sinal Br Telecom Ltda,BR,67,61,0,61,0.0,100.0
12297,Telecom Armenia OJSC,AM,63,61,1,60,1.639344262295082,98.36065573770492
34309,Link11 GmbH,DE,60,61,2,58,3.278688524590164,95.08196721311475
2687,"AT&T Enterprises, LLC",US,62,61,1,58,1.639344262295082,95.08196721311475
7545,TPG Telecom Limited,AU,42,61,2,59,3.278688524590164,96.72131147540983
15305,"Syringa Networks, LLC",US,61,61,0,61,0.0,100.0
149994,Rego Communications Ltd,BD,62,61,0,61,0.0,100.0
4651,The Communications Authority of Thailand (CAT),TH,61,61,4,57,6.557377049180328,93.44262295081968
4515,PCCW IMS Ltd (PCCW Business Internet Access),HK,49,61,8,53,13.114754098360656,86.88524590163934
15994,A1 Hrvatska d.o.o.,HR,61,61,1,60,1.639344262295082,98.36065573770492
19009,Everstream Solutions LLC,US,61,60,3,57,5.0,95.0
6789,CRELCOM LLC,RU,60,60,0,59,0.0,98.33333333333333
396986,"Bytedance, Inc. (TikTok)",US,29,60,7,52,11.666666666666666,86.66666666666667
15412,Flag Telecom UK Limited,GB,82,60,7,50,11.666666666666666,83.33333333333334
132280,Symphony Communication (Thailand) PCL.,TH,59,60,0,60,0.0,100.0
262355,VSX Networks,BR,66,60,25,35,41.66666666666667,58.333333333333336
31216,BSO Network Solutions SAS,FR,68,60,0,60,0.0,100.0
202984,Team-Host (Chernyshov Aleksandr Aleksandrovich),RU,61,60,0,59,0.0,98.33333333333333
3302,Retelit Digital Services S.p.A.,IT,63,60,0,60,0.0,100.0
263702,GRUPO ZGH SPA,CL,59,60,1,59,1.6666666666666667,98.33333333333333
55256,Netskope Inc,US,31,59,15,43,25.423728813559322,72.88135593220339
7725,"Comcast Cable Communications, LLC",US,59,59,0,59,0.0,100.0
55850,Mercury NZ Limited,NZ,48,59,9,50,15.254237288135593,84.7457627118644
33660,"Comcast Cable Communications, LLC",US,57,59,0,59,0.0,100.0
14868,Ligga Telecomunicações S.A.,BR,62,59,15,44,25.423728813559322,74.57627118644068
33668,"Comcast Cable Communications, LLC",US,62,59,3,56,5.084745762711865,94.91525423728814
42473,Anexia Cloud Solutions GmbH,AT,90,59,19,36,32.20338983050847,61.016949152542374
29049,Delta Telecom Ltd,AZ,58,58,25,31,43.103448275862064,53.44827586206896
5089,Virgin Media Limited,GB,58,58,24,34,41.37931034482759,58.620689655172406
3212,Telemach Slovenija d.o.o.,SI,58,58,1,56,1.7241379310344827,96.55172413793103
30600,Metronet,US,56,58,1,57,1.7241379310344827,98.27586206896551
56258,PT PGAS Telekomunikasi Nusantara,ID,58,58,0,56,0.0,96.55172413793103
719,Elisa Oyj,FI,58,58,51,7,87.93103448275862,12.068965517241379
49800,GNC-Alfa CJSC,AM,58,58,21,37,36.206896551724135,63.793103448275865
25159,PJSC MegaFon,RU,59,57,0,57,0.0,100.0
266931,NOVELL INTERNET,BR,55,57,0,57,0.0,100.0
17433,Hytron Network Services Limited,HK,57,57,7,45,12.280701754385964,78.94736842105263
26042,"FiberState, LLC",US,61,57,0,56,0.0,98.24561403508771
26677,ORION,CA,58,57,1,56,1.7543859649122806,98.24561403508771
33490,Comcast (Portland/Spokane),US,58,57,0,57,0.0,100.0
600,OARnet,US,57,57,44,13,77.19298245614034,22.807017543859647
137085,ANONET COMMUNICATIONS PVT LTD,IN,51,57,0,57,0.0,100.0
7342,VeriSign Infrastructure & Operations,US,55,56,0,56,0.0,100.0
8437,Hutchison Drei Austria GmbH,AT,56,56,0,56,0.0,100.0
262847,DBUG TELECOM LTDA,BR,67,56,1,55,1.7857142857142856,98.21428571428571
8412,T-Mobile Austria GmbH,AT,61,56,26,30,46.42857142857143,53.57142857142857
396998,"Path Network, Inc.",US,56,56,2,52,3.571428571428571,92.85714285714286
1759,Telia Finland Oyj,FI,56,56,48,8,85.71428571428571,14.285714285714285
28173,Dinamica Telecomunicacoes Ltda,BR,61,56,0,56,0.0,100.0
4750,CS LOXINFO PUBLIC COMPANY LIMITED,TH,56,56,0,56,0.0,100.0
24724,Atman Sp. z o.o.,PL,56,56,20,34,35.714285714285715,60.71428571428571
44306,OMONIA d.o.o.,HR,41,55,6,48,10.909090909090908,87.27272727272727
5391,Hrvatski Telekom d.d.,HR,54,55,6,49,10.909090909090908,89.0909090909091
52444,Pogliotti & Pogliotti Construcciones S.A.,AR,53,55,5,50,9.090909090909092,90.9090909090909
150748,Gmax,BD,53,55,0,55,0.0,100.0
57724,DDOS-GUARD LTD,RU,78,54,0,54,0.0,100.0
136907,Huawei Cloud,HK,47,54,8,44,14.814814814814813,81.48148148148148
50606,Horyzont Technologie Internetowe sp.z.o.o.,PL,54,54,1,52,1.8518518518518516,96.29629629629629
16086,DNA Oyj,FI,54,54,39,15,72.22222222222221,27.77777777777778
31042,Serbia BroadBand-Srpske Kablovske mreze d.o.o.,RS,54,54,0,54,0.0,100.0
4780,Digital United Inc.,TW,54,54,0,53,0.0,98.14814814814815
12695,LLC Digital Network,RU,55,54,0,54,0.0,100.0
45177,Devoli,NZ,52,53,13,40,24.528301886792452,75.47169811320755
4648,Spark New Zealand,NZ,43,53,0,53,0.0,100.0
8849,Melbikomas UAB,LT,55,53,4,46,7.547169811320755,86.79245283018868
35699,Adamo Telecom Iberia S.A.,ES,53,53,0,53,0.0,100.0
49063,Data Storage Center JSC,RU,48,52,0,52,0.0,100.0
50581,Ukrainian Telecommunication Group LLC,UA,55,52,1,50,1.9230769230769231,96.15384615384616
26801,"Zito Media, L.P.",US,59,52,1,51,1.9230769230769231,98.07692307692307
45558,Myanmar Posts and Telecommunications ,MM,55,52,19,31,36.53846153846153,59.61538461538461
38794,UIH,TH,50,52,0,52,0.0,100.0
10753,"Level 3 Parent, LLC",US,52,52,29,23,55.769230769230774,44.230769230769226
7459,"Grande Communications Networks, LLC",US,53,52,1,51,1.9230769230769231,98.07692307692307
24516,Virtutel Pty Ltd,AU,52,52,1,50,1.9230769230769231,96.15384615384616
197068,High Load Lab (Qrator),RU,53,52,0,52,0.0,100.0
63023,GTHost,US,52,52,33,17,63.46153846153846,32.69230769230769
17451,Biznet Networks,ID,47,52,12,40,23.076923076923077,76.92307692307693
6768,"""EUROTELE-PLUS"" LLC",UA,52,52,1,51,1.9230769230769231,98.07692307692307
262740,VELOO NET LTDA,BR,58,52,0,52,0.0,100.0
30058,FDCservers.net,US,55,52,1,49,1.9230769230769231,94.23076923076923
38855,STUIX Route Servers,TW,111,51,2,45,3.9215686274509802,88.23529411764706
30517,"Great Lakes Comnet, Inc.",US,51,51,1,50,1.9607843137254901,98.0392156862745
6181,Cincinnati Bell Telephone Company LLC,US,51,51,0,50,0.0,98.0392156862745
135718,DISHAWAVES INFONET PVT. LTD,IN,48,51,0,51,0.0,100.0
8764,"Telia Lietuva, AB",LT,53,51,2,48,3.9215686274509802,94.11764705882352
36086,Telx,US,50,51,3,48,5.88235294117647,94.11764705882352
3249,Telia Eesti AS,EE,51,51,36,15,70.58823529411765,29.411764705882355
27552,"TowardEX Technologies International, Inc.",US,51,51,2,49,3.9215686274509802,96.07843137254902
22677,Charter Communications LLC,US,49,51,1,50,1.9607843137254901,98.0392156862745
28761,CrimeaCom South LLC,RU,51,51,0,51,0.0,100.0
25180,Exponential-E Ltd.,GB,52,51,0,50,0.0,98.0392156862745
4229,Zenlayer Inc,US,55,50,1,46,2.0,92.0
6697,Beltelecom,BY,50,50,25,24,50.0,48.0
136334,Vortex Netsol Private Limited,IN,49,50,0,50,0.0,100.0
8449,"""ElCat"" Ltd.",KG,51,50,0,50,0.0,100.0
1853,ACONET,AT,52,50,1,47,2.0,94.0
11232,Midcontinent Communications,US,50,50,22,28,44.0,56.00000000000001
56048,China Mobile Group Beijing Company,CN,50,50,0,50,0.0,100.0
9145,EWE TEL GmbH,DE,53,50,38,11,76.0,22.0
62610,Zenlayer Inc,US,44,49,6,42,12.244897959183673,85.71428571428571
6849,"JSC ""Ukrtelecom""",UA,46,49,16,33,32.6530612244898,67.3469387755102
9931,National Telecom Public Company Limited,TH,47,49,0,49,0.0,100.0
12271,Charter Communications Inc,US,48,49,23,26,46.93877551020408,53.06122448979592
35708,4b42 UG,DE,80,49,3,46,6.122448979591836,93.87755102040816
43668,"""AS43668"" LLC",UA,50,49,1,47,2.0408163265306123,95.91836734693877
3399,Obenet AB,SE,52,48,25,22,52.083333333333336,45.83333333333333
52871,TASCOM TELECOMUNICAÇÕES LTDA,BR,47,48,19,29,39.58333333333333,60.416666666666664
48678,PENTECH BILISIM TEKNOLOJILERI SANAYI VE TICARET LIMITED SIRKETi,TR,48,48,0,48,0.0,100.0
11967,Hop179 OU,EE,50,48,7,38,14.583333333333334,79.16666666666666
22645,LEARN,US,48,48,2,46,4.166666666666666,95.83333333333334
21700,"Neptune Networks, LLC",US,48,48,26,20,54.166666666666664,41.66666666666667
13807,Great Plains Communications LLC,US,47,47,2,45,4.25531914893617,95.74468085106383
3561,Lumen (ex. Savvis),US,46,47,0,47,0.0,100.0
13977,Fidium,US,47,47,0,47,0.0,100.0
33662,"Comcast Cable Communications, LLC",US,48,47,26,21,55.319148936170215,44.680851063829785
8283,Netwerkvereniging Coloclue,NL,54,47,19,27,40.42553191489361,57.446808510638306
43727,JSC KVANT-TELEKOM,RU,46,47,0,46,0.0,97.87234042553192
12301,Invitech ICT Services Kft.,HU,46,47,37,10,78.72340425531915,21.27659574468085
3170,VeloxServ Communications Ltd,GB,51,47,3,41,6.382978723404255,87.2340425531915
12083,WideOpenWest Finance LLC,US,44,47,24,23,51.06382978723404,48.93617021276596
11260,EastLink,CA,40,47,1,45,2.127659574468085,95.74468085106383
9905,PT Link Net Tbk,ID,37,47,0,47,0.0,100.0
8932,Ucom CJSC,AM,47,47,1,46,2.127659574468085,97.87234042553192
24875,NovoServe B.V.,NL,46,46,29,17,63.04347826086957,36.95652173913043
140641,YOTTA NETWORK SERVICES PRIVATE LIMITED,IN,46,46,0,46,0.0,100.0
266445,SEA TELECOM LTDA,BR,43,46,0,46,0.0,100.0
268314,SUPORTI TELECOM,BR,53,46,3,42,6.521739130434782,91.30434782608695
137367,PT iForte Solusi Infotek,ID,40,46,0,43,0.0,93.47826086956522
36994,Vodacom,ZA,42,46,0,46,0.0,100.0
8434,Telenor Sverige AB,SE,95,46,1,45,2.1739130434782608,97.82608695652173
61621,Norte.Net Telecomunicações Ltda,BR,50,45,1,44,2.2222222222222223,97.77777777777777
17922,PT Indosat Tbk,ID,36,45,0,45,0.0,100.0
4812,China Telecom Shanghai Province Network,CN,45,45,0,44,0.0,97.77777777777777
16814,NSS S.A.,AR,42,45,27,18,60.0,40.0
4181,TDS TELECOM,US,42,45,18,27,40.0,60.0
58945,Virgo Communication Ltd,BD,45,45,0,45,0.0,100.0
38264,Wateen Telecom,PK,45,45,0,45,0.0,100.0
35104,Jusan Mobile JSC,KZ,51,45,0,44,0.0,97.77777777777777
23688,Link3 Technologies Ltd.,BD,45,45,0,45,0.0,100.0
28189,NOVVACORE,BR,48,44,0,43,0.0,97.72727272727273
41313,"""NOVATEL"" EOOD",BG,50,44,1,43,2.272727272727273,97.72727272727273
9457,DREAMLINE CO.,KR,44,44,0,44,0.0,100.0
11096,FloridaNet,US,43,44,2,41,4.545454545454546,93.18181818181817
30823,aurologic GmbH,DE,44,44,3,39,6.8181818181818175,88.63636363636364
3204,xTom OU,EE,26,44,3,38,6.8181818181818175,86.36363636363636
13576,SDN Communications,US,44,44,0,44,0.0,100.0
134823,"Sky Digital Co., Ltd.",TW,45,44,0,40,0.0,90.9090909090909
16713,Northwest Open Access Network,US,42,44,2,42,4.545454545454546,95.45454545454545
2860,"NOS COMUNICACOES, S.A.",PT,44,44,31,13,70.45454545454545,29.545454545454547
46450,"Pilot Fiber, Inc.",US,43,44,0,44,0.0,100.0
42831,UK Dedicated Servers Limited,GB,45,44,14,29,31.818181818181817,65.9090909090909
13249,"PRIVATE JOINT STOCK COMPANY ""DATAGROUP""",UA,42,44,1,40,2.272727272727273,90.9090909090909
8926,Moldtelecom SA,MD,46,43,1,42,2.3255813953488373,97.67441860465115
14618,"Amazon.com, Inc.",US,42,43,31,11,72.09302325581395,25.581395348837212
9924,"Taiwan Fixed Network, Telco and Network Service Provider.",TW,41,43,13,30,30.23255813953488,69.76744186046511
6205,HizliNet Teknoloji A.S.,TR,43,43,0,42,0.0,97.67441860465115
9381,HKBN Enterprise Solutions HK Limited,HK,43,43,0,43,0.0,100.0
28198,SEMPRE TELECOMUNICACOES LTDA,BR,40,43,0,43,0.0,100.0
28458,IENTC Telecom,MX,46,43,4,39,9.30232558139535,90.69767441860465
21433,Accenture UK Limited,GB,62,42,9,32,21.428571428571427,76.19047619047619
393577,Tritan Development,US,41,42,16,24,38.095238095238095,57.14285714285714
13150,CATO NETWORKS LTD,IL,22,42,0,41,0.0,97.61904761904762
6325,Illinois Century Network,US,42,42,1,41,2.380952380952381,97.61904761904762
151690,FAB FIVE NETWORK PRIVATE LIMITED,IN,38,42,0,42,0.0,100.0
1237,Korea Research Environment Open NETwork,KR,41,41,0,41,0.0,100.0
21508,"Comcast Cable Communications, LLC",US,42,41,28,13,68.29268292682927,31.70731707317073
196925,AZERTELECOM LLC,AZ,41,41,0,40,0.0,97.5609756097561
19754,"The Fusion Network, LLC",US,36,41,0,41,0.0,100.0
51847,Nearoute Limited,HK,37,41,0,40,0.0,97.5609756097561
20771,Caucasus Online Ltd.,GE,40,40,24,16,60.0,40.0
4922,Shenandoah Cable Television LLC,US,43,40,25,15,62.5,37.5
3327,CITIC Telecom CPC Netherlands B.V.,NL,31,40,2,36,5.0,90.0
53180,INFORTEL COMUNICACOES LTDA,BR,47,40,0,40,0.0,100.0
262999,IVI TECNOLOGIA E COMUNICAÇÃO LTDA,BR,43,40,0,40,0.0,100.0
262532,NET ONDA SERVICOS DE INTERNET LTDA,BR,43,40,1,39,2.5,97.5
212477,RoyaleHosting B.V.,NL,36,40,12,26,30.0,65.0
6661,POST Luxembourg,LU,39,40,15,24,37.5,60.0
43531,BSO Network Solutions SAS,FR,34,40,0,40,0.0,100.0
19332,"Marcatel Com, S.A. de C.V.",MX,39,40,0,39,0.0,97.5
36352,HostPapa,US,41,40,22,16,55.00000000000001,40.0
43061,Stelkom d.o.o.,SI,40,40,0,40,0.0,100.0
138423,CMPak Limited,PK,40,40,0,40,0.0,100.0
2588,Bite Latvia,LV,39,40,0,40,0.0,100.0
27951,Media Commerce Partners S.A,CO,40,40,0,40,0.0,100.0
11492,"CABLE ONE, INC.",US,40,40,7,33,17.5,82.5
9425,Future Internet Technology Infrastructure (FITI),CN,40,40,0,40,0.0,100.0
38272,China Education and Research Network (CERNET),CN,39,39,0,39,0.0,100.0
21559,OSNET,PR,39,39,0,39,0.0,100.0
49100,Pishgaman Toseeh Ertebatat Company (Private Joint Stock),IR,39,39,0,39,0.0,100.0
15440,"UAB ""Baltnetos komunikacijos""",LT,39,39,1,38,2.564102564102564,97.43589743589743
266167,CELERIX TECNOLOGIA DE TELECOMUNICACOES LTDA,BR,34,39,6,32,15.384615384615385,82.05128205128204
8595,OOO WestCall Ltd.,RU,39,39,0,39,0.0,100.0
11272,C Spire Fiber,US,39,39,1,38,2.564102564102564,97.43589743589743
135905,Vietnam P&T,VN,40,39,2,36,5.128205128205128,92.3076923076923
141731,Max Hub Limited,BD,40,39,0,39,0.0,100.0
10490,Georgia Institute of Technology,US,40,39,11,26,28.205128205128204,66.66666666666666
55330,Afghan Telecom,AF,39,39,0,39,0.0,100.0
34250,Uzbektelekom (UzPAK),UZ,39,39,0,39,0.0,100.0
132215,Powergrid Teleservices Limited,IN,37,38,0,38,0.0,100.0
38757,PT Indonesia Comnets Plus,ID,34,38,0,37,0.0,97.36842105263158
2200,Renater,FR,41,38,0,37,0.0,97.36842105263158
6799,Ote SA (Hellenic Telecommunications Organisation),GR,38,38,24,12,63.1578947368421,31.57894736842105
63473,"HostHatch, LLC",US,38,38,8,29,21.052631578947366,76.31578947368422
208293,AlSalam State Company,IQ,38,38,2,36,5.263157894736842,94.73684210526315
7720,Skywolf Technology LLC,US,37,38,0,38,0.0,100.0
45352,IP ServerOne Solutions Sdn. Bhd.,MY,37,38,1,34,2.631578947368421,89.47368421052632
81,MCNC,US,38,38,35,3,92.10526315789474,7.894736842105263
24088,Hanoi Telecom Joint Stock Company - HCMC Branch,VN,38,38,0,38,0.0,100.0
21219,"PRIVATE JOINT STOCK COMPANY ""DATAGROUP""",UA,36,38,0,38,0.0,100.0
9268,Over The Wire Pty Ltd,AU,39,38,19,17,50.0,44.73684210526316
21413,Envia Tel GmbH,DE,39,38,24,14,63.1578947368421,36.84210526315789
52840,UFINET BRASIL S.A.,BR,38,37,0,37,0.0,100.0
262494,Virtex Telecom,BR,38,37,0,36,0.0,97.2972972972973
8422,NetCologne,DE,37,37,29,8,78.37837837837837,21.62162162162162
9658,"Eastern Telecommunications Philippines, Inc.",PH,35,37,0,37,0.0,100.0
6866,Cyprus Telecommunications Authority,CY,37,37,25,11,67.56756756756756,29.72972972972973
45629,JasTel Network International Gateway,TH,37,37,2,35,5.405405405405405,94.5945945945946
12042,Fidium,US,36,37,0,37,0.0,100.0
212330,"Civilisation Information Technology, communication and internet services Co., LTD",IQ,36,37,4,33,10.81081081081081,89.1891891891892
13415,"FirstDigital Communications, LLC",US,37,37,0,37,0.0,100.0
45474,Nexusguard Pte. Ltd.,SG,37,37,1,36,2.7027027027027026,97.2972972972973
49600,"NEAR IP, S.L.",ES,40,37,1,34,2.7027027027027026,91.8918918918919
197071,active 1 GmbH,DE,30,37,1,36,2.7027027027027026,97.2972972972973
25227,JSC Avantel,RU,28,36,0,36,0.0,100.0
49981,WorldStream B.V.,NL,34,36,18,18,50.0,50.0
138997,Eons Data Communications Limited,HK,32,36,2,30,5.555555555555555,83.33333333333334
53427,TGLOBAL NETWORKS,US,30,36,1,35,2.7777777777777777,97.22222222222221
5610,"O2 Czech Republic, a.s.",CZ,37,36,1,35,2.7777777777777777,97.22222222222221
12406,Business Network Ltd,BY,36,36,0,36,0.0,100.0
263327,ONLINE TELECOMUNICACOES LTDA,BR,39,36,0,36,0.0,100.0
30036,Mediacom Communications Corp,US,36,36,0,36,0.0,100.0
24323,aamra networks limited,BD,36,36,0,36,0.0,100.0
24940,Hetzner Online GmbH,DE,35,36,21,15,58.333333333333336,41.66666666666667
25645,"Momentum Telecom, Inc.",US,36,36,0,36,0.0,100.0
17072,"TOTAL PLAY TELECOMUNICACIONES, S.A.P.I. DE C.V.",MX,35,36,0,35,0.0,97.22222222222221
28158,Ampernet Telecomunicações Ltda,BR,34,36,0,36,0.0,100.0
33154,DQE Communications LLC,US,36,36,0,36,0.0,100.0
49127,Asimo Networks B.V.,NL,32,35,3,30,8.571428571428571,85.71428571428571
263073,DTEL TELECOM,BR,33,35,0,35,0.0,100.0
1916,RNP - Rede Nacional de Ensino e Pesquisa,BR,40,35,0,35,0.0,100.0
10010,TOKAI Communications Corporation,JP,38,35,0,35,0.0,100.0
22974,Charter Communications LLC,US,33,35,0,35,0.0,100.0
9902,NTC Neocom,KH,36,35,0,34,0.0,97.14285714285714
25394,MK Netzdienste Verwaltungs GmbH trading as MK Netzdienste GmbH & Co. KG,DE,37,35,23,10,65.71428571428571,28.57142857142857
23910,China Next Generation Internet CERNET2,CN,35,35,0,35,0.0,100.0
263238,Eliana Vanessa Morocho Oña,EC,31,35,0,35,0.0,100.0
3816,COLOMBIA TELECOMUNICACIONES S.A. ESP BIC,CO,32,35,1,34,2.857142857142857,97.14285714285714
12849,Hot-Net internet services Ltd.,IL,34,35,8,27,22.857142857142858,77.14285714285715
293,ESnet,US,35,35,1,34,2.857142857142857,97.14285714285714
17501,WorldLink Communications Pvt Ltd,NP,35,35,0,35,0.0,100.0
394437,PS Lightwave,US,35,35,20,14,57.14285714285714,40.0
149765,Coronet Corporation Limited,BD,35,35,0,35,0.0,100.0
4213,Krypt Technologies,US,35,35,1,34,2.857142857142857,97.14285714285714
27947,Telconet S.A,EC,31,35,0,35,0.0,100.0
37061,Safaricom Limited,KE,35,34,0,34,0.0,100.0
206810,"GUP DNR ""UGLETELECOM""",RU,34,34,0,33,0.0,97.05882352941177
327708,Airtel Rwanda Ltd,RW,37,34,3,31,8.823529411764707,91.17647058823529
3737,PenTeleData Inc.,US,34,34,19,14,55.88235294117647,41.17647058823529
273683,ALLREDE TELECOM LTDA,BR,33,34,0,33,0.0,97.05882352941177
15935,ha-vel internet s.r.o.,CZ,42,34,23,11,67.64705882352942,32.35294117647059
12654,RIPE NCC - RIS,NL,25,34,4,27,11.76470588235294,79.41176470588235
263558,Grupo Jet,BR,33,34,3,30,8.823529411764707,88.23529411764706
132116,Ani Network Pvt Ltd,IN,25,34,0,34,0.0,100.0
31261,PJSC MegaFon,RU,35,34,0,34,0.0,100.0
40850,UPIX NETWORKS INTERNATIONAL LLC,US,37,34,0,34,0.0,100.0
263774,MARANDU COMUNICACIONES SOCIEDAD DEL ESTADO,AR,34,34,3,31,8.823529411764707,91.17647058823529
12213,Centersquare,US,34,34,0,34,0.0,100.0
35179,Korbank S. A.,PL,34,34,0,34,0.0,100.0
15576,NTS workspace AG,CH,34,34,23,11,67.64705882352942,32.35294117647059
53158,Net Turbo Telecom,BR,34,34,1,33,2.941176470588235,97.05882352941177
13329,"Kansas Fiber Network, LLC",US,35,34,32,1,94.11764705882352,2.941176470588235
133720,Zess Networks Private Limited,IN,33,34,0,34,0.0,100.0
266409,SECW TELECOM,BR,39,34,0,34,0.0,100.0
2381,WiscNet,US,33,34,0,34,0.0,100.0
266181,GOLDEN LINK,BR,33,33,0,32,0.0,96.96969696969697
16904,Arvig Enterprises Inc.,US,33,33,1,32,3.0303030303030303,96.96969696969697
6667,Elisa Oyj,FI,33,33,12,21,36.36363636363637,63.63636363636363
21013,eww ag,AT,33,33,10,23,30.303030303030305,69.6969696969697
38235,ANGKOR DATA COMMUNICATION,KH,34,33,0,32,0.0,96.96969696969697
146788,"China Broadcasting Network Co., Ltd",CN,32,33,0,33,0.0,100.0
61512,GIG@NET SOCIEDAD ANONIMA,PY,28,33,0,33,0.0,100.0
58678,Intech Online Private Limited,IN,33,33,1,31,3.0303030303030303,93.93939393939394
28725,CETIN a.s.,CZ,33,33,26,7,78.78787878787878,21.21212121212121
38022,REANNZ National Research and Education Network,NZ,33,33,3,30,9.090909090909092,90.9090909090909
48648,K-Link LLC,UA,33,33,0,33,0.0,100.0
29695,Lyse Tele AS,NO,33,33,19,14,57.57575757575758,42.42424242424242
12722,RECONN LLC,RU,33,33,0,33,0.0,100.0
263269,RAGTEK TECNOLOGIA,BR,32,33,0,33,0.0,100.0
133524,"Global Technology Co., Ltd.",MM,33,33,13,19,39.39393939393939,57.57575757575758
197103,Ixaris Systems (Malta) Limited,MT,33,33,0,33,0.0,100.0
8470,JSC Macomnet,RU,33,33,0,33,0.0,100.0
58299,Openfactory GmbH,CH,32,33,0,31,0.0,93.93939393939394
13789,Unitas Global,US,32,33,0,33,0.0,100.0
45274,WorldLink International Transit Services,NP,32,32,0,32,0.0,100.0
1136,KPN B.V.,NL,32,32,26,6,81.25,18.75
19114,Otecel S.A.,EC,31,32,12,20,37.5,62.5
31313,Serviciul de Telecomunicatii Speciale,RO,32,32,0,32,0.0,100.0
16302,Suomi Communications Oy,FI,32,32,23,9,71.875,28.125
4768,One New Zealand Group Limited,NZ,32,32,0,32,0.0,100.0
63961,Bangladesh Research and Education Network (BdREN),BD,32,32,0,32,0.0,100.0
263629,VIBRA ARTEFATOS LTDA,BR,32,32,0,32,0.0,100.0
22909,"Comcast Cable Communications, LLC",US,33,32,2,30,6.25,93.75
1241,Nova Telecommunications & Media Single Member S.A,GR,32,32,22,9,68.75,28.125
10310,Yahoo Holdings Inc.,US,32,32,0,32,0.0,100.0
5384,EMIRATES TELECOMMUNICATIONS GROUP COMPANY (ETISALAT GROUP) PJSC,AE,32,32,0,32,0.0,100.0
7004,TELEFÓNICA CHILE S.A.,CL,34,32,1,31,3.125,96.875
394177,Shift Hosting LLC,US,34,32,10,21,31.25,65.625
28202,Master Internet,BR,34,32,1,31,3.125,96.875
31117,ENERGOTEL a.s.,SK,34,32,29,3,90.625,9.375
22911,"SINAP-TIX, LLC",US,31,31,0,31,0.0,100.0
8374,Polkomtel Sp. z o.o.,PL,31,31,0,31,0.0,100.0
1653,Vetenskapsrådet / SUNET,EU,31,31,29,2,93.54838709677419,6.451612903225806
7782,"Alaska Communications Systems Group, Inc.",US,31,31,2,29,6.451612903225806,93.54838709677419
20207,Gigared S.A.,AR,31,31,21,10,67.74193548387096,32.25806451612903
24835,Vodafone Egypt,EG,31,31,27,4,87.09677419354838,12.903225806451612
15836,Arax-Impex s.r.l.,MD,31,31,0,31,0.0,100.0
23404,Ritter Communications,US,31,31,2,29,6.451612903225806,93.54838709677419
14593,SpaceX Starlink,US,31,31,8,22,25.806451612903224,70.96774193548387
55352,Microscan Internet Limited,IN,31,31,0,31,0.0,100.0
41039,"Timer, LLC",RU,32,31,0,31,0.0,100.0
17054,Expedient,US,32,31,1,30,3.225806451612903,96.7741935483871
132602,Bangladesh Submarine Cable Company Limited (BSCCL),BD,22,31,0,31,0.0,100.0
9341,PT Indonesia Comnets Plus,ID,30,30,0,30,0.0,100.0
52587,iFibra Telecom,BR,32,30,0,30,0.0,100.0
38082,"True International Gateway Co., Ltd.",TH,31,30,1,29,3.3333333333333335,96.66666666666667
23352,DEFT.COM,US,30,30,1,26,3.3333333333333335,86.66666666666667
11758,IRIS Networks,US,30,30,0,30,0.0,100.0
3329,Vodafone Greece,GR,30,30,23,7,76.66666666666667,23.333333333333332
55666,PT Media Sarana Data,ID,30,30,21,9,70.0,30.0
6677,Míla hf,IS,30,30,12,18,40.0,60.0
21050,Fast Communication Company Ltd,KW,30,30,0,30,0.0,100.0
42739,Hawe Telekom S.A. in Restructuring,PL,30,30,0,30,0.0,100.0
55140,"Sho Me Technologies, LLC",US,30,30,2,27,6.666666666666667,90.0
5488,Proximus NV,BE,31,30,0,30,0.0,100.0
27066,United States Department of Defense (DoD),US,30,30,0,30,0.0,100.0
13489,EPM Telecomunicaciones S.A. E.S.P.,CO,29,30,0,30,0.0,100.0
4007,"Subisu Cablenet (Pvt) Ltd, Baluwatar, Kathmandu, Nepal",NP,30,30,0,30,0.0,100.0
21283,A1 Slovenija d.d.,SI,32,30,0,30,0.0,100.0
136168,Campana MYTHIC Co. Ltd.,MM,29,30,2,28,6.666666666666667,93.33333333333333
25019,Saudi Telecom Company JSC,SA,29,30,1,29,3.3333333333333335,96.66666666666667
17621,China Unicom Shanghai network,CN,32,30,0,30,0.0,100.0
9505,Taiwan Internet Gateway,TW,45,30,1,27,3.3333333333333335,90.0
29314,VECTRA S.A.,PL,30,30,0,30,0.0,100.0
29278,Rackhost Zrt.,HU,30,30,0,30,0.0,100.0
266525,Eurocorp Vialux Internet Eireli,BR,29,30,0,30,0.0,100.0
18013,ASLINE LIMITED,HK,20,30,0,29,0.0,96.66666666666667
2603,NORDUnet,DK,23,30,21,6,70.0,20.0
61049,Exascale Ltd,GB,33,30,2,27,6.666666666666667,90.0
264293,Smart Solucoes em Telecomunicacoes,BR,33,30,0,30,0.0,100.0
16097,HL komm Telekommunikations GmbH,DE,30,30,2,28,6.666666666666667,93.33333333333333
19905,"Vercara, LLC",US,31,29,1,28,3.4482758620689653,96.55172413793103
18002,World Phone Internet Services Pvt. Ltd,IN,29,29,0,29,0.0,100.0
40948,Stratus Networks,US,29,29,0,29,0.0,100.0
23470,ReliableSite.Net LLC,US,29,29,1,28,3.4482758620689653,96.55172413793103
38203,ADN Telecom Ltd.,BD,29,29,0,29,0.0,100.0
20552,Horyzont Technologie Internetowe sp.z.o.o.,PL,29,29,13,15,44.827586206896555,51.724137931034484
51465,M3.NET Sp. z o.o. / Fixmap Group,PL,29,29,1,28,3.4482758620689653,96.55172413793103
24400,"Shanghai Mobile Communications Co.,Ltd.",CN,30,29,0,29,0.0,100.0
15296,Cybera Inc,CA,30,29,2,27,6.896551724137931,93.10344827586206
3342,Cibicom A/S,DK,29,29,2,27,6.896551724137931,93.10344827586206
61745,NBS Telecom,BR,27,29,0,29,0.0,100.0
11776,Breezeline,US,28,29,18,10,62.06896551724138,34.48275862068966
13999,"Mega Cable, S.A. de C.V.",MX,29,29,0,29,0.0,100.0
62206,Pitline Ltd,UA,29,29,1,28,3.4482758620689653,96.55172413793103
8492,"""OBIT"" Ltd.",RU,29,29,0,29,0.0,100.0
14265,TPx Communications,US,29,29,0,29,0.0,100.0
208905,Exelera Telecom Ltd,IL,29,29,0,29,0.0,100.0
9255,Singapore Telecom,SG,22,29,0,28,0.0,96.55172413793103
983,Akari Networks LLC,US,25,29,0,28,0.0,96.55172413793103
265061,GC NET,BR,28,28,1,27,3.571428571428571,96.42857142857143
52974,Henet Telecomunicacoes Ltda,BR,28,28,0,28,0.0,100.0
135636,PT RackH Lintas Asia,ID,27,28,0,28,0.0,100.0
270158,Wantelco SAS de CV,MX,27,28,17,10,60.71428571428571,35.714285714285715
9125,Orion telekom d.o.o.,RS,27,28,0,28,0.0,100.0
15704,XTRA TELECOM S.A.,ES,28,28,17,11,60.71428571428571,39.285714285714285
13110,INEA sp. z o.o.,PL,28,28,1,27,3.571428571428571,96.42857142857143
237,Merit Network Inc.,US,27,28,0,28,0.0,100.0
262186,TV AZTECA SUCURSAL COLOMBIA,CO,27,28,0,28,0.0,100.0
9129,MTN Business Kenya,ZA,28,28,0,27,0.0,96.42857142857143
37084,Simbanet (T) Limited,TZ,28,28,0,28,0.0,100.0
396356,Latitude.sh,US,28,28,1,27,3.571428571428571,96.42857142857143
61231,Neos Networks (SSE PLC),GB,28,28,1,27,3.571428571428571,96.42857142857143
25184,Afranet,IR,28,28,0,28,0.0,100.0
30722,Fastweb SpA,IT,28,28,15,13,53.57142857142857,46.42857142857143
4538,China Education and Research Network Center,CN,28,28,0,28,0.0,100.0
8758,Iway AG,CH,28,28,13,14,46.42857142857143,50.0
15958,CETIN Ltd. Belgrade,RS,28,28,2,26,7.142857142857142,92.85714285714286
328748,Agile Solutions Provider (PTY) LTD,ZA,31,28,1,27,3.571428571428571,96.42857142857143
38182,Extreme Broadband,MY,32,28,0,27,0.0,96.42857142857143
5408,National Infrastructures for Research and Technology S.A.,GR,29,28,27,1,96.42857142857143,3.571428571428571
16010,Magticom Ltd.,GE,31,28,0,28,0.0,100.0
264996,SERVLINK TELECOM LTDA - ME,BR,27,27,0,27,0.0,100.0
133001,Airnet Cable And Datacom Pvt Ltd,IN,27,27,0,27,0.0,100.0
139883,SPTEL PTE. LTD.,SG,27,27,0,26,0.0,96.29629629629629
25956,Logix,US,27,27,14,13,51.85185185185185,48.148148148148145
11556,Cable & Wireless Panama,PA,26,27,0,27,0.0,100.0
25369,Hydra Communications Ltd,GB,30,27,11,15,40.74074074074074,55.55555555555556
28258,VERO S.A,BR,30,27,5,21,18.51851851851852,77.77777777777779
3262,"SAREnet, S.A.",ES,29,27,17,10,62.96296296296296,37.03703703703704
14080,Telmex Colombia S.A.,CO,27,27,1,26,3.7037037037037033,96.29629629629629
47692,Nessus GmbH,AT,27,27,18,9,66.66666666666666,33.33333333333333
35432,Cablenet Communication Systems plc,CY,27,27,22,4,81.48148148148148,14.814814814814813
9063,VSE NET GmbH,DE,27,27,0,27,0.0,100.0
63956,5G NETWORK OPERATIONS PTY LTD,AU,27,27,1,26,3.7037037037037033,96.29629629629629
136255,Mytel Myanmar,MM,26,27,6,21,22.22222222222222,77.77777777777779
140570,Hong Kong Beecloud System Technology Services Limited,HK,26,27,0,27,0.0,100.0
60330,Belarusian Cloud Technologies LLC,BY,25,27,0,27,0.0,100.0
10143,Exetel Pty Ltd,AU,26,27,14,13,51.85185185185185,48.148148148148145
12831,"Technical University of Gdansk, Academic Computer Center TASK",PL,27,27,0,27,0.0,100.0
34772,NEOTEL AD Skopje,MK,27,27,0,27,0.0,100.0
50309,Arcadiz Telecom NV,BE,27,27,0,27,0.0,100.0
23961,"Misaka Network, Inc.",US,27,27,2,22,7.4074074074074066,81.48148148148148
680,Deutsches Forschungsnetz (DFN),DE,27,27,24,3,88.88888888888889,11.11111111111111
55821,"RADIUS TELECOMS, INC.",PH,28,27,0,27,0.0,100.0
269595,VGRNET INFORMATICA LTDA,BR,29,27,0,27,0.0,100.0
21738,Rozint,US,23,27,14,13,51.85185185185185,48.148148148148145
45250,Vocom International Telecommunications AP Area,TW,26,27,0,26,0.0,96.29629629629629
61678,NETWAY INFORMATICA LTDA,BR,26,26,0,26,0.0,100.0
10242,US Internet Corp,US,26,26,1,25,3.8461538461538463,96.15384615384616
47794,Etihad GO Company For communications,SA,26,26,0,26,0.0,100.0
38040,TOT Public Company Limited,TH,29,26,4,22,15.384615384615385,84.61538461538461
267469,W8 Telecom Ltda - ME,BR,27,26,0,26,0.0,100.0
855,Bell Canada,CA,26,26,0,26,0.0,100.0
21299,Kar-Tel LLC,KZ,26,26,0,26,0.0,100.0
398465,Rackdog LLC,US,26,26,0,26,0.0,100.0
12843,TelemaxX Telekommunikation GmbH,DE,26,26,0,26,0.0,100.0
7311,Frontier Networks Inc,CA,27,26,0,26,0.0,100.0
18747,IFX Corporation,US,16,26,0,26,0.0,100.0
15290,Zayo Bandwidth,US,27,26,0,26,0.0,100.0
31549,Aria Shatel PJSC,IR,26,26,0,26,0.0,100.0
39801,France-IX L3 Services,FR,25,26,6,17,23.076923076923077,65.38461538461539
8501,"Institute of Bioorganic Chemistry Polish Academy of Science, Poznan Supercomputing and Networking Center",PL,26,26,0,26,0.0,100.0
29467,LUXNETWORK S.A.,LU,26,26,2,24,7.6923076923076925,92.3076923076923
44735,Nova hf,IS,25,26,0,25,0.0,96.15384615384616
668,DoD High Performance Computing (Defense Research and Engineering Network),US,26,26,0,26,0.0,100.0
29518,Bredband2 AB,SE,26,26,17,9,65.38461538461539,34.61538461538461
61138,Zappie Host LLC,US,24,26,1,24,3.8461538461538463,92.3076923076923
10430,Washington State K-20 Telecommunications Network,US,26,26,13,13,50.0,50.0
26744,"Planters Communications, LLC",US,26,26,0,26,0.0,100.0
9230,Bangladesh Online Ltd.,BD,26,26,0,26,0.0,100.0
62240,Clouvider Limited,GB,25,26,0,26,0.0,100.0
17806,Mango Teleservices,BD,23,26,2,24,7.6923076923076925,92.3076923076923
28910,"""Uzbektelekom"" Joint Stock Company",UZ,26,26,0,25,0.0,96.15384615384616
58463,PT PGAS Telekomunikasi Nusantara,ID,24,25,1,24,4.0,96.0
399855,"Keystone REN, LLC",US,26,25,1,24,4.0,96.0
53587,"AZURE TECHNOLOGY CO., LIMITED",US,26,25,0,24,0.0,96.0
3462,HiNet (Chunghwa Telecom),TW,26,25,7,18,28.000000000000004,72.0
21320,GEANT Vereniging,NL,30,25,13,10,52.0,40.0
141898,PT Milenial Inti Telekomunikasi,ID,24,25,0,25,0.0,100.0
25400,Telia Norge AS,NO,26,25,15,10,60.0,40.0
60976,Parsan Lin Co. PJS,IR,24,25,0,25,0.0,100.0
36149,"Hawaiian Telcom Services Company, Inc.",US,25,25,0,25,0.0,100.0
24173,Netnam Company,VN,25,25,0,25,0.0,100.0
12337,noris network AG,DE,25,25,21,4,84.0,16.0
42313,ONE ALBANIA SH.A.,AL,25,25,2,23,8.0,92.0
46475,"Limestone Networks, Inc.",US,22,25,12,12,48.0,48.0
20141,"Quality Technology Services, LLC",US,25,25,0,25,0.0,100.0
265442,VISUAL LINK COMUNICACOES MULTIMIDIA LTDA - ME,BR,25,25,16,9,64.0,36.0
213605,Liu HaoRan,CN,25,25,5,18,20.0,72.0
25454,Orange Moldova S.A.,MD,27,25,0,25,0.0,100.0
61461,Airtek Solutions C.A.,VE,16,24,10,13,41.66666666666667,54.166666666666664
2852,CESNET z.s.p.o.,CZ,26,24,21,3,87.5,12.5
21473,PFALZKOM GmbH,DE,27,24,1,23,4.166666666666666,95.83333333333334
262773,Proxxima Telecomunicações,BR,22,24,0,24,0.0,100.0
10835,Visionary Communications LLC,US,24,24,0,24,0.0,100.0
8517,National Academic Network and Information Center,TR,24,24,0,24,0.0,100.0
8048,"CANTV Servicios, Venezuela",VE,24,24,1,23,4.166666666666666,95.83333333333334
55808,Triple T Broadband Public Company Limited,TH,25,24,1,23,4.166666666666666,95.83333333333334
49666,Telecommunication Infrastructure Company,IR,23,24,0,23,0.0,95.83333333333334
20712,Andrews & Arnold Ltd,GB,23,24,18,6,75.0,25.0
397423,Tier.Net Technologies LLC,US,23,24,0,24,0.0,100.0
21826,Corporación Telemic C.A. (Inter),VE,24,24,2,22,8.333333333333332,91.66666666666666
16347,ADISTA SAS,FR,24,24,1,22,4.166666666666666,91.66666666666666
51074,GOSTARESH-E-ERTEBATAT-E MABNA COMPANY (Private Joint Stock),IR,24,24,0,24,0.0,100.0
203214,Hulum Almustakbal Company,IQ,25,24,0,24,0.0,100.0
265377,FLASH NET TELECOMUNICACOES LTDA - ME,BR,26,24,0,24,0.0,100.0
34718,"""IST TELEKOM"" JV LLC",UZ,24,24,0,24,0.0,100.0
396926,C Spire Fiber,US,24,24,0,24,0.0,100.0
24186,RailTel Corporation of India Ltd,IN,24,24,0,24,0.0,100.0
803,Saskatchewan Telecommunications,CA,24,24,7,17,29.166666666666668,70.83333333333334
56595,Fluency Communications Ltd,GB,24,24,0,24,0.0,100.0
198477,TI SPARKLE GREECE SA,GR,24,24,2,22,8.333333333333332,91.66666666666666
263998,SIM FIBRA,BR,24,24,0,24,0.0,100.0
12615,Global Communication Net Plc,BG,24,24,0,24,0.0,100.0
12189,PhoenixNAP LLC,US,24,24,0,24,0.0,100.0
38758,PT Hipernet Indodata,ID,24,24,0,24,0.0,100.0
29909,Metro Optic,CA,25,24,0,24,0.0,100.0
32595,"Liberally Network, LLC",US,24,24,0,22,0.0,91.66666666666666
262253,Fiberlux,PE,17,23,2,21,8.695652173913043,91.30434782608695
12387,TON Total optical Networks AG,CH,21,23,0,23,0.0,100.0
23201,TIGO Paraguay,PY,21,23,0,23,0.0,100.0
15169,Google LLC,US,32,23,15,6,65.21739130434783,26.08695652173913
20965,GEANT Vereniging,NL,58,23,15,8,65.21739130434783,34.78260869565217
39351,31173 Services AB,SE,16,23,13,8,56.52173913043478,34.78260869565217
264288,GNET PROVEDOR,BR,26,23,0,23,0.0,100.0
133385,Atom Myanmar Limited,MM,23,23,6,16,26.08695652173913,69.56521739130434
23956,AmberIT Limited,BD,23,23,0,23,0.0,100.0
8985,"Join-stock company ""Internet Exchange""MSK-IX""",RU,23,23,0,23,0.0,100.0
42927,S-NET Sp. z o.o.,PL,23,23,0,23,0.0,100.0
5580,GTT Communications (APAC),NL,22,23,0,21,0.0,91.30434782608695
4618,Internet Thailand Company Limited,TH,23,23,0,23,0.0,100.0
27693,NipBr - NipCable do Brasil Telecom LTDA,BR,24,23,0,23,0.0,100.0
57681,PJSC Moscow city telephone network,RU,24,23,0,23,0.0,100.0
265144,MCD INFORMATICA E TELECOMUNICACOES LTDA - ME,BR,24,23,0,23,0.0,100.0
43139,Maximum-Net LLC,UA,20,23,0,23,0.0,100.0
14051,Fidium,US,24,23,0,23,0.0,100.0
8047,"GENERAL COMMUNICATION, INC.",US,22,23,1,22,4.3478260869565215,95.65217391304348
17625,BlazeNet's Network,IN,22,23,0,23,0.0,100.0
26827,EPB Fiber Optics,US,23,23,14,9,60.86956521739131,39.130434782608695
6922,Texas Department of Information Resources,US,23,23,0,23,0.0,100.0
14537,Continent 8 LLC,US,23,23,12,11,52.17391304347826,47.82608695652174
786,Jisc Services Limited,GB,23,23,20,3,86.95652173913044,13.043478260869565
41998,NetCom BW GmbH,DE,23,23,17,6,73.91304347826086,26.08695652173913
34867,Cosmonova LLC,UA,23,23,9,14,39.130434782608695,60.86956521739131
135391,"Aofei Data International Co., Ltd.",HK,22,23,0,22,0.0,95.65217391304348
205132,Vivacom Bulgaria EAD,BG,23,23,0,23,0.0,100.0
22925,"Allied Telecom Group, LLC",US,23,23,16,7,69.56521739130434,30.434782608695656
36103,"Central Utah Telephone, Inc.",US,23,23,9,14,39.130434782608695,60.86956521739131
24637,WEBDISCOUNT GmbH & Co. KG,DE,23,23,1,22,4.3478260869565215,95.65217391304348
6848,Telenet BV,BE,23,23,13,10,56.52173913043478,43.47826086956522
15525,MEO - SERVICOS DE COMUNICACOES E MULTIMEDIA S.A.,PT,23,23,1,22,4.3478260869565215,95.65217391304348
23838,Solarix Networks Limited,NZ,23,23,0,23,0.0,100.0
7632,PT Link Net Tbk,ID,16,22,1,21,4.545454545454546,95.45454545454545
13094,"JSC ""ER-Telecom Holding""",RU,27,22,0,22,0.0,100.0
25192,"CZ.NIC, z.s.p.o.",CZ,12,22,5,15,22.727272727272727,68.18181818181817
45489,Sri Lanka Telecom PLC,LK,5,22,0,21,0.0,95.45454545454545
265290,Uplink Telecom,BR,19,22,0,22,0.0,100.0
59105,Home NOC Operators Group,JP,21,22,8,14,36.36363636363637,63.63636363636363
15808,NTT DATA (Dimension Data),KE,21,22,1,21,4.545454545454546,95.45454545454545
12975,Palestine Telecommunications Company (PALTEL),PS,21,22,0,22,0.0,100.0
399486,Virtuo,CA,21,22,1,20,4.545454545454546,90.9090909090909
9038,Al Bahrainia al Urdunia Liltaknia Wa Alitisalat Plc. Co,JO,20,22,0,22,0.0,100.0
146943,Tier 4 Cloud Services,IN,23,22,1,21,4.545454545454546,95.45454545454545
13004,Serbian Open Exchange DOO,RS,23,22,0,21,0.0,95.45454545454545
52928,Nortetel Telecomunicações LTDA,BR,22,22,0,22,0.0,100.0
36873,Airtel Networks Limited,NG,22,22,0,22,0.0,100.0
9723,iseek Communications Pty Ltd,AU,22,22,0,22,0.0,100.0
12684,SES ASTRA S.A.,LU,22,22,1,20,4.545454545454546,90.9090909090909
138089,PT Global Media Data Prima,ID,21,22,0,22,0.0,100.0
264984,CLICKIP PROVEDORES DE ACESSO LTDA,BR,21,22,0,22,0.0,100.0
14877,"FirstLight Networks, LLC",US,21,22,0,22,0.0,100.0
14041,University Corporation for Atmospheric Research,US,21,22,16,6,72.72727272727273,27.27272727272727
51088,A2B IP B.V.,NL,22,22,16,6,72.72727272727273,27.27272727272727
45650,VIA NET COMMUNICATION LTD.,NP,22,22,0,22,0.0,100.0
44103,The Mastermind Holding B.V.,NL,22,22,0,21,0.0,95.45454545454545
12200,Rackspace Hosting,US,22,22,0,22,0.0,100.0
12703,Pulsant (Scotland) Ltd,GB,22,22,1,21,4.545454545454546,95.45454545454545
56911,Warian S.R.L.,IT,22,22,17,5,77.27272727272727,22.727272727272727
23314,Summit Broadband,US,23,22,12,10,54.54545454545454,45.45454545454545
15108,Allo Communications LLC,US,22,22,0,22,0.0,100.0
6846,"Joint Ukrainan-German Enterprise ""INFOCOM"" LLC",UA,22,22,0,22,0.0,100.0
51765,Oy Crea Nova Hosting Solution Ltd,FI,22,22,16,6,72.72727272727273,27.27272727272727
7992,Cogeco Connexion Inc.,CA,22,22,12,10,54.54545454545454,45.45454545454545
376,Reseau d'Informations Scientifiques du Quebec (RISQ Inc.),CA,22,22,0,22,0.0,100.0
40581,Arkansas Research and Education Optical Network,US,22,22,0,22,0.0,100.0
1887,NAUKOWA I AKADEMICKA SIEC KOMPUTEROWA - PANSTWOWY INSTYTUT BADAWCZY,PL,22,22,0,22,0.0,100.0
2586,Elisa Eesti AS,EE,22,22,1,21,4.545454545454546,95.45454545454545
26794,Dakota Carrier Network,US,22,22,0,22,0.0,100.0
7381,"BroadbandONE, LLC",US,22,22,0,22,0.0,100.0
766,Entidad Publica Empresarial Red.es,ES,22,21,0,21,0.0,100.0
31376,Smart Telecom Limited,RU,21,21,0,21,0.0,100.0
58470,Jazz Pakistan,PK,21,21,5,16,23.809523809523807,76.19047619047619
29405,VNET a.s.,SK,21,21,9,12,42.857142857142854,57.14285714285714
27065,United States Department of Defense (DoD),US,21,21,0,21,0.0,100.0
198831,GENIUSWEER SAS,FR,21,21,0,21,0.0,100.0
15695,Expereo International BV,NL,21,21,0,21,0.0,100.0
4270,Red de Interconexion Universitaria,AR,21,21,16,5,76.19047619047619,23.809523809523807
64302,IDREN - Indonesia Research and Education Network,ID,28,21,0,21,0.0,100.0
27717,Corporacion Digitel C.A.,VE,21,21,0,21,0.0,100.0
8001,"Cologix, Inc",US,21,21,0,21,0.0,100.0
39122,Blacknight Internet Solutions Limited,IE,21,21,15,6,71.42857142857143,28.57142857142857
22742,Connecticut Education Network,US,21,21,11,10,52.38095238095239,47.61904761904761
266583,Telxe,BR,21,21,1,20,4.761904761904762,95.23809523809523
9340,PT Indointernet Tbk,ID,21,21,0,21,0.0,100.0
34177,CELESTE SAS,FR,20,21,0,20,0.0,95.23809523809523
29670,"Individual Network Berlin (""IN-Berlin"") e.V.",DE,21,21,14,7,66.66666666666666,33.33333333333333
266520,Voob Telecom Ltda,BR,20,21,0,21,0.0,100.0
53065,Opcao Telecom,BR,27,21,0,21,0.0,100.0
57630,84 Grams AB,SE,21,21,19,2,90.47619047619048,9.523809523809524
32440,Louisiana Board of Regents/Louisiana Optical Network Initiative (LONI),US,21,21,18,3,85.71428571428571,14.285714285714285
55329,Telcotech Ltd.,KH,22,21,0,20,0.0,95.23809523809523
45204,GEMNET LLC,MN,21,21,1,20,4.761904761904762,95.23809523809523
10396,"DATACOM CARIBE, INC.",PR,22,21,0,21,0.0,100.0
48422,IT-STARCOM LLC,UA,22,21,0,21,0.0,100.0
265482,NET EXPRESS BRASIL LTDA - ME,BR,19,21,0,21,0.0,100.0
43391,NETDIREKT BILISIM DANISMANLIK ILETISIM HIZMETLERI SANAYI VE TICARET AS,TR,18,21,0,21,0.0,100.0
199081,Lancom Ltd.,GR,24,21,15,6,71.42857142857143,28.57142857142857
9541,Cyber Internet Services (Pvt) Ltd.,PK,20,21,8,13,38.095238095238095,61.904761904761905
216211,CYBERVERSE LLC,US,20,21,0,20,0.0,95.23809523809523
21277,Allay Nawroz Telecom Company for Communication/Ltd.,IQ,21,21,0,21,0.0,100.0
8075,Microsoft Corporation,US,8,21,4,17,19.047619047619047,80.95238095238095
33185,Hive Data Center Inc.,CA,21,21,15,6,71.42857142857143,28.57142857142857
25472,Nova Telecommunications & Media Single Member S.A,GR,21,21,1,20,4.761904761904762,95.23809523809523
9136,WOBCOM GmbH,DE,21,21,14,6,66.66666666666666,28.57142857142857
33915,Vodafone Libertel B.V.,NL,22,21,20,1,95.23809523809523,4.761904761904762
24514,MINISTRY OF HIGHER EDUCATION MALAYSIA,MY,22,21,0,21,0.0,100.0
18450,"WebNX, Inc.",US,14,20,0,20,0.0,100.0
60446,Datema Bilisim Ticaret Anonim Sirketi,TR,21,20,0,20,0.0,100.0
49808,Energie AG Oberoesterreich Services und Digital Solutions GmbH,AT,20,20,0,19,0.0,95.0
19752,Hydro One Telecom Inc.,CA,20,20,0,20,0.0,100.0
20119,Arrow Group Inc.,CA,21,20,1,19,5.0,95.0
263047,CORP BR TELECOMUNICACOES LTDA -  LINK FULL,BR,24,20,0,20,0.0,100.0
24203,PT XL Axiata Tbk,ID,20,20,0,20,0.0,100.0
133275,Gigantic Infotel Pvt Ltd,IN,20,20,0,20,0.0,100.0
133676,Precious netcom pvt ltd,IN,20,20,0,20,0.0,100.0
48347,JSC Mediasoft ekspert,RU,20,20,0,20,0.0,100.0
37273,Bandwidth and Cloud Services Group Ltd,UG,9,20,0,20,0.0,100.0
61758,TOP NET SERVIÇOS LTDA,BR,21,20,0,20,0.0,100.0
47626,"Timer, LLC",RU,22,20,0,20,0.0,100.0
29752,Zenlayer Inc,US,14,20,1,19,5.0,95.0
16905,LEARN,US,26,20,0,20,0.0,100.0
133840,PT Jala Lintas Media,ID,8,20,0,20,0.0,100.0
150593,Dataexpress Pvt Ltd,IN,20,20,0,20,0.0,100.0
24631,Tose'h Fanavari Ertebabat Pasargad Arian Co. PJS,IR,20,20,0,20,0.0,100.0
52000,MIRhosting B.V.,NL,20,20,2,18,10.0,90.0
14754,Claro Guatemala (Telgua),GT,20,20,7,13,35.0,65.0
7122,Bell Canada,CA,20,20,6,14,30.0,70.0
39642,Norlys Digital A/S,DK,20,20,20,0,100.0,0.0
35133,Eranium B.V.,NL,26,20,2,16,10.0,80.0
51396,Pfcloud UG (haftungsbeschrankt),DE,20,20,0,20,0.0,100.0
135377,UCLOUD INFORMATION TECHNOLOGY (HK) LIMITED,HK,20,20,0,20,0.0,100.0
20860,IOMART CLOUD SERVICES LIMITED,GB,20,20,0,20,0.0,100.0
265080,AD TELECOM,BR,20,20,0,20,0.0,100.0
8657,MEO International Backbone,PT,22,20,7,12,35.0,60.0
39153,LLC SETEL,RU,22,20,0,20,0.0,100.0
43766,Zain Saudi Arabia,SA,20,20,10,10,50.0,50.0
44684,Mythic Beasts Ltd,GB,19,20,12,7,60.0,35.0
5518,SIA Tet,LV,19,20,3,17,15.0,85.0
7693,KSC Commercial Internet Co. Ltd.,TH,20,20,0,20,0.0,100.0
20454,SECURED SERVERS LLC,US,20,20,0,20,0.0,100.0
262342,WZNET TELECOM LTDA,BR,20,20,0,20,0.0,100.0
25549,JSC Avantel,RU,20,20,0,20,0.0,100.0
6736,Institute for Research in Fundamental Sciences,IR,20,20,0,20,0.0,100.0
262725,CONECT,BR,20,20,0,20,0.0,100.0
30029,"Dobson Technologies - Transport and Telecom Solutions, LLC",US,20,19,1,18,5.263157894736842,94.73684210526315
48084,Uzhnie Magistraljnie Linii Svyazi LLC,RU,16,19,0,19,0.0,100.0
327693,Echotel Pty Ltd,ZA,29,19,14,5,73.68421052631578,26.31578947368421
41108,comtrance service GmbH,DE,16,19,11,8,57.89473684210527,42.10526315789473
28968,"JSC ""Evrasia Telecom Ru""",RU,17,19,0,19,0.0,100.0
43372,TELNAP TELECOM Sp. z o.o.,PL,17,19,0,19,0.0,100.0
61623,Vellon Servicos de Comunicacao Mult e Digitais,BR,16,19,0,19,0.0,100.0
49434,FBW NETWORKS SAS,FR,19,19,0,19,0.0,100.0
8309,SIPARTECH SAS,FR,19,19,0,19,0.0,100.0
7843,Charter Communications Inc,US,19,19,9,8,47.368421052631575,42.10526315789473
21021,Multimedia Polska Sp. z o.o.,PL,19,19,0,19,0.0,100.0
393444,Accelecom,US,19,19,2,17,10.526315789473683,89.47368421052632
21334,One Hungary Ltd.,HU,17,19,16,3,84.21052631578947,15.789473684210526
34696,"MISMELINK NETWORKS, SL",ES,17,19,0,19,0.0,100.0
210756,EdgeCenter LLC,RU,19,19,0,19,0.0,100.0
25248,RADIOKOMUNIKACE a.s.,CZ,20,19,18,1,94.73684210526315,5.263157894736842
37148,Globacom Limited,NG,20,19,0,19,0.0,100.0
17828,PNG DATACO LTD,PG,19,19,17,2,89.47368421052632,10.526315789473683
153068,Nusantara Global Exchange,ID,20,19,0,19,0.0,100.0
43201,Telematika LLC,RU,19,19,0,19,0.0,100.0
7046,Verizon Business,US,19,19,0,19,0.0,100.0
47160,MOJI SAS,FR,19,19,11,6,57.89473684210527,31.57894736842105
62403,PletX GmbH,DE,19,19,0,19,0.0,100.0
52772,SJNET TELECOMUNICACOES - EIRELI,BR,19,19,0,18,0.0,94.73684210526315
27988,Servicios y Telecomunicaciones S.A.,AR,19,19,3,16,15.789473684210526,84.21052631578947
197453,Biz Telecom LLC,RU,19,19,0,19,0.0,100.0
44592,SkyLink Data Center BV,NL,19,19,1,17,5.263157894736842,89.47368421052632
52373,ECOM CHACO S.A.,AR,19,19,0,19,0.0,100.0
2027,MilkyWan,FR,19,19,6,13,31.57894736842105,68.42105263157895
208414,"WEDOS Internet, a.s.",CZ,11,19,4,14,21.052631578947366,73.68421052631578
268689,ELEVEL TECNOLOGIA LTDA,BR,19,19,1,18,5.263157894736842,94.73684210526315
19318,"Interserver, Inc",US,19,19,0,19,0.0,100.0
14282,ONN MULTIMIDIA LTDA,BR,18,19,10,9,52.63157894736842,47.368421052631575
25513,PJSC Moscow city telephone network,RU,19,19,0,19,0.0,100.0
8637,"SpainWISP, S.L.",ES,19,19,0,19,0.0,100.0
553,BelWü,DE,19,19,13,6,68.42105263157895,31.57894736842105
2153,CENIC,US,21,18,1,17,5.555555555555555,94.44444444444444
25512,CD-Telematika a.s.,CZ,23,18,17,1,94.44444444444444,5.555555555555555
44356,Epsilon Telecommunications Ltd,GB,18,18,0,18,0.0,100.0
61503,SERVICIOS DE TELECOMUNICACIONES INTERCABLE LTDA.,CL,19,18,0,18,0.0,100.0
54048,Vast Networks,US,18,18,1,17,5.555555555555555,94.44444444444444
42861,Foton Telecom CJSC,RU,18,18,0,18,0.0,100.0
263237,PowerHost Telecom SPA,CL,19,18,0,18,0.0,100.0
51964,ORANGE BUSINESS SERVICES U.S. Inc.,US,19,18,0,18,0.0,100.0
263482,Megalink Servicos Ltda,BR,18,18,0,18,0.0,100.0
49418,NETSHIELD LTD,GB,18,18,0,18,0.0,100.0
60587,XINON GmbH,AT,18,18,0,18,0.0,100.0
5769,Videotron Ltee,CA,18,18,6,12,33.33333333333333,66.66666666666666
264556,GARCIA NET TELECOM,BR,18,18,7,11,38.88888888888889,61.111111111111114
29648,PJSC MegaFon,RU,18,18,0,18,0.0,100.0
264120,G20 Telecomunicacoes Ltda,BR,19,18,0,18,0.0,100.0
327992,Ghanaian Academic and Research Network,GH,19,18,0,18,0.0,100.0
50928,PJSC MegaFon,RU,19,18,0,18,0.0,100.0
32298,Centersquare,US,19,18,0,18,0.0,100.0
39180,LASOTEL SAS,FR,18,18,0,18,0.0,100.0
11320,LightEdge Solutions,US,18,18,0,18,0.0,100.0
201814,MEVSPACE sp. z o.o.,PL,17,18,0,18,0.0,100.0
9886,CTCSCI TECH LIMITED,HK,18,18,0,18,0.0,100.0
41820,New Information Systems PP,UA,18,18,0,18,0.0,100.0
42781,Zajil International Telecom Company KSCC,KW,18,18,0,18,0.0,100.0
142271,EWS DS Networks Inc,PH,18,18,0,18,0.0,100.0
2734,CoreSite,US,18,18,0,18,0.0,100.0
7106,"Com Net, Inc.",US,19,18,15,3,83.33333333333334,16.666666666666664
265023,TMK NET LTDA,BR,20,18,0,18,0.0,100.0
6568,Entel Bolivia,BO,18,18,0,18,0.0,100.0
57043,HOSTKEY B.V.,NL,15,18,0,16,0.0,88.88888888888889
141642,PT Ring Media Nusantara,ID,19,18,0,18,0.0,100.0
17476,CloudRadium (HK) Limited,HK,20,18,0,18,0.0,100.0
266725,"SOLUTION LAN S.A",AR,16,18,2,16,11.11111111111111,88.88888888888889
33576,Digicel Jamaica,JM,17,18,0,18,0.0,100.0
31122,Digiweb ltd,IE,18,18,1,17,5.555555555555555,94.44444444444444
16342,Toya sp.z.o.o,PL,18,18,0,18,0.0,100.0
29614,TELECEL GHANA AS INTERNATIONAL TRANSIT,GH,18,18,0,18,0.0,100.0
16629,CTC. CORP S.A. (TELEFONICA EMPRESAS),CL,19,18,0,18,0.0,100.0
21488,Emplot Ltd.,UA,18,18,0,18,0.0,100.0
32425,Pixel Factory,US,18,18,13,5,72.22222222222221,27.77777777777778
33765,Tanzania Telecommunications Corporation,TZ,17,18,0,18,0.0,100.0
10241,"Options & Choices, Inc.",US,17,18,0,18,0.0,100.0
270814,ZAAZ TELECOM,BR,14,18,1,17,5.555555555555555,94.44444444444444
58655,SkyTel Communications Limited,BD,17,18,0,18,0.0,100.0
58629,Global Fair Communications Ltd.,BD,19,17,0,17,0.0,100.0
33489,"Comcast Cable Communications, LLC",US,19,17,1,16,5.88235294117647,94.11764705882352
39120,Convergenze S.p.A.,IT,14,17,12,4,70.58823529411765,23.52941176470588
6208,FiberX,PR,18,17,0,17,0.0,100.0
56040,China Mobile Group GuangDong Company,CN,18,17,0,17,0.0,100.0
25933,Vogel Soluções em Telecom e Informática S/A,BR,18,17,6,11,35.294117647058826,64.70588235294117
50917,Diederik Focko de Zee,NL,17,17,2,15,11.76470588235294,88.23529411764706
9534,Maxis,MY,17,17,0,16,0.0,94.11764705882352
62214,Rackforest Zrt.,HU,17,17,15,2,88.23529411764706,11.76470588235294
12969,Ljósleiðarinn ehf (Sýn),IS,17,17,0,16,0.0,94.11764705882352
16851,NebraskaLink,US,17,17,0,17,0.0,100.0
53597,Hoyos Consulting LLC,US,13,17,0,16,0.0,94.11764705882352
58002,JSC Svyazinform,RU,19,17,0,17,0.0,100.0
20853,eTOP sp. z o.o.,PL,18,17,0,17,0.0,100.0
137831,SEA IX,SG,17,17,0,17,0.0,100.0
212815,Dyjix SAS,FR,17,17,11,6,64.70588235294117,35.294117647058826
53828,"NETWORK INNOVATIONS, LLC",US,17,17,0,17,0.0,100.0
45796,UIH / BB Connect,TH,17,17,0,17,0.0,100.0
9044,BSE Software GmbH,CH,17,17,0,16,0.0,94.11764705882352
31430,OOO Suntel,RU,17,17,0,17,0.0,100.0
133694,EMAX GLOBAL MEDIA PVT. LTD,IN,17,17,0,17,0.0,100.0
49788,Nexthop AS,NO,17,17,0,17,0.0,100.0
23650,China Telecom Jiangsu Province IDC Network,CN,17,17,0,17,0.0,100.0
138886,PT Data Buana Nusantara,ID,17,17,0,16,0.0,94.11764705882352
34953,RelAix Networks GmbH,DE,17,17,11,6,64.70588235294117,35.294117647058826
6300,Fidium,US,17,17,0,17,0.0,100.0
13127,Odido Netherlands B.V.,NL,17,17,14,3,82.35294117647058,17.647058823529413
29491,KIEVLINE LLC,UA,17,17,0,17,0.0,100.0
10122,NETSTAR (SG) PTE. LTD.,SG,17,17,0,16,0.0,94.11764705882352
2614,Agentia de Administrare a Retelei Nationale de Informatica pentru Educatie si Cercetare,RO,17,17,0,17,0.0,100.0
3214,xTom GmbH,DE,81,17,9,6,52.94117647058824,35.294117647058826
19024,Unitas Global,US,17,17,0,17,0.0,100.0
14230,ARK Data Centers LLC,US,17,17,0,17,0.0,100.0
43733,Viva Armenia CJSC,AM,17,17,0,17,0.0,100.0
55039,"Fatbeam, LLC",US,17,17,0,17,0.0,100.0
52323,Colsecor Cooperativa Limitada,AR,17,17,0,17,0.0,100.0
3300,British Telecommunications PLC,GB,17,17,0,17,0.0,100.0
44066,firstcolo GmbH,DE,17,17,1,16,5.88235294117647,94.11764705882352
56264,Tomato Web (Pvt) Limited,BD,17,17,0,17,0.0,100.0
209307,LLC Cifrovie Seti Urala,RU,17,17,0,17,0.0,100.0
35047,Abissnet sh.a.,AL,17,17,3,14,17.647058823529413,82.35294117647058
17754,Excellmedia,IN,18,17,0,17,0.0,100.0
48641,Syntegra Telecom LLC,UA,17,17,0,17,0.0,100.0
56910,Digital Realty Hellas Single Member S.A,GR,18,17,0,17,0.0,100.0
24589,Telenet SIA,LV,17,17,0,16,0.0,94.11764705882352
15943,wilhelm.tel GmbH,DE,17,17,11,6,64.70588235294117,35.294117647058826
8368,Dstny BE N.V.,BE,17,17,0,17,0.0,100.0
394542,"MS Fiber, LLC",US,17,17,11,6,64.70588235294117,35.294117647058826
151732,ONREMOTE TELECOM PRIVATE LIMITED,IN,17,17,0,17,0.0,100.0
1767,Indiana Higher Education Telecommunication System (IHETS),US,17,17,0,17,0.0,100.0
42156,GNX B.V.,NL,16,17,1,16,5.88235294117647,94.11764705882352
140083,China Telecom Anhui Province Mobile Data Network,CN,17,17,0,17,0.0,100.0
984,Octopus Web Solution Inc.,US,11,17,2,14,11.76470588235294,82.35294117647058
202425,IP Volume inc,SC,16,17,0,17,0.0,100.0
6821,Makedonski Telekom AD-Skopje,MK,17,17,1,16,5.88235294117647,94.11764705882352
14244,NSI Hosting,US,16,17,0,17,0.0,100.0
46208,"Peninsula Fiber Network, LLC",US,17,17,0,17,0.0,100.0
50810,Mobin Net Communication Company (Private Joint Stock),IR,17,17,0,17,0.0,100.0
205209,BINAT BUSINESS LTD,IL,17,17,0,17,0.0,100.0
271,BCNET,CA,18,16,1,15,6.25,93.75
270724,CLIENT.CO SERVIÇOS E TELECOMUNICAÇÕES LTDA,BR,19,16,0,16,0.0,100.0
20294,MTN Uganda,UG,15,16,0,16,0.0,100.0
45588,"Bangladesh Telecommunications Company Limited (BTCL), Nationwide PSTN Operator and Data and Internet Service Provider.",BD,15,16,0,16,0.0,100.0
39326,Syntura Group Limited,GB,16,16,6,10,37.5,62.5
269931,"WIRELESS MULTI SERVICE VARGAS CABRERA, S. R. L",DO,17,16,0,16,0.0,100.0
34471,Free Technologies Excom S.L.,ES,17,16,0,16,0.0,100.0
32217,GPIEX INC,US,17,16,0,16,0.0,100.0
48832,Jordanian mobile phone services Ltd,JO,17,16,0,16,0.0,100.0
26548,PureVoltage Hosting Inc.,US,16,16,13,3,81.25,18.75
47169,Pro-M Zrt.,HU,17,16,1,15,6.25,93.75
11242,Universidade Federal de Santa Catarina,BR,17,16,0,16,0.0,100.0
38496,PT Cyber Network Indonesia,ID,15,16,0,16,0.0,100.0
12586,GHOSTnet GmbH,DE,18,16,1,15,6.25,93.75
264170,Winet Brasil,BR,18,16,0,16,0.0,100.0
15623,Cyberlink AG,CH,17,16,10,6,62.5,37.5
264525,Coelho Tecnologia,BR,18,16,0,16,0.0,100.0
52308,AGUAS DEL COLORADO SAPEM,AR,16,16,2,14,12.5,87.5
273067,LOA NETWORK JL S.A.C.,PE,16,16,1,15,6.25,93.75
268976,Weclix Telecom S/A,BR,16,16,0,16,0.0,100.0
38733,CMC Telecom Infrastructure Company,VN,16,16,2,14,12.5,87.5
18400,Xtreme Networks Limited,NZ,16,16,0,16,0.0,100.0
22516,Charter Communications LLC,US,16,16,3,13,18.75,81.25
47122,CYBERFIRST LLC,RU,16,16,0,16,0.0,100.0
43641,SOLLUTIUM EU Sp z.o.o.,PL,16,16,0,16,0.0,100.0
131284,Etisalat Afghan,AF,16,16,1,15,6.25,93.75
44547,NETUNDWEB TELEKOMUNIKASYON TICARET LIMITED SIRKETI,TR,16,16,0,16,0.0,100.0
401307,Michigan Statewide Educational Network,US,16,16,1,15,6.25,93.75
49353,"Valor Information Technologies, S.L.",ES,16,16,0,16,0.0,100.0
216078,Liam Kremer,DE,16,16,1,15,6.25,93.75
51028,Zummer LLC,RU,16,16,1,15,6.25,93.75
8346,SONATEL-AS Autonomous System,SN,16,16,2,14,12.5,87.5
28649,Desktop Sigmanet Comunicação Multimídia SA,BR,26,16,0,16,0.0,100.0
268568,IMPLANTAR TELECOM SOCIEDADE LIMITADA,BR,16,16,0,16,0.0,100.0
207252,Felix Gassan,DE,16,16,12,3,75.0,18.75
6122,Iowa Communications Network,US,16,16,0,16,0.0,100.0
3480,Board of Regents of the University System of Georgia,US,16,16,0,16,0.0,100.0
203217,Horizon Scope Mobile Telecom WLL,IQ,16,16,1,15,6.25,93.75
62000,SERVERD SAS,FR,16,16,6,10,37.5,62.5
265066,Conect Provedor de Acesso a Internet Ltda Me,BR,16,16,0,16,0.0,100.0
269783,WIND NET S.A.,PY,16,16,0,16,0.0,100.0
101,University of Washington,US,16,16,2,14,12.5,87.5
64213,ERC Broadband,US,16,16,3,13,18.75,81.25
271201,Vianet Telecomunicacoes Ltda,BR,16,16,0,16,0.0,100.0
140345,CHINATELECOM Yunnan province Shengji 5G network,CN,16,16,0,16,0.0,100.0
29551,Aixit GmbH,DE,16,16,2,14,12.5,87.5
16397,Equinix Brasil,BR,16,16,0,16,0.0,100.0
134041,Ncore Creative Technologies Pvt.Ltd.,IN,16,16,0,16,0.0,100.0
19523,FlexNetworks,CA,16,16,0,16,0.0,100.0
27882,Telefónica Celular de Bolivia S.A.,BO,16,16,0,16,0.0,100.0
264564,Telecab Telecomunicações Ltda,BR,14,16,0,16,0.0,100.0
19429,ETB - Colombia,CO,14,15,0,15,0.0,100.0
262903,Tubaron Telecom,BR,14,15,5,10,33.33333333333333,66.66666666666666
23951,PT Jembatan Citra Nusantara,ID,16,15,0,15,0.0,100.0
27446,ERC Broadband,US,16,15,3,12,20.0,80.0
270340,NETCOM TELECOMUNICAÇÕES LTDA,BR,20,15,0,15,0.0,100.0
12593,"LLC ""UKRCOM""",UA,16,15,0,15,0.0,100.0
264943,VIARAPIDA TELECOMUNICAÇÕES LTDA - ME,BR,17,15,0,15,0.0,100.0
48964,"Private Enterprise ""Enterra""",UA,15,15,1,14,6.666666666666667,93.33333333333333
49824,"PC ""Astra-net""",UA,15,15,0,15,0.0,100.0
398427,"Markley Network Services, LLC",US,15,15,0,15,0.0,100.0
51048,WIFINITY LIMITED,GB,15,15,0,15,0.0,100.0
48166,FORTEX CJSC,RU,15,15,0,15,0.0,100.0
3701,Link Oregon (University of Oregon),US,15,15,0,15,0.0,100.0
135409,Kacific Broadband Satellites Pte Ltd,SG,16,15,1,14,6.666666666666667,93.33333333333333
273431,ANIL LINK TELECOMUNICACOES LTDA,BR,7,15,0,15,0.0,100.0
264821,COMCAST-SRL,DO,16,15,0,15,0.0,100.0
8544,Primetel PLC,CY,16,15,1,13,6.666666666666667,86.66666666666667
17709,Asia Pacific Telecom,TW,14,15,0,15,0.0,100.0
3225,Bonline aka GULF communications,KW,15,15,0,15,0.0,100.0
47176,GAS&COM AG,CH,15,15,0,15,0.0,100.0
21947,"Blackfoot Telephone Cooperative, Inc.",US,15,15,0,15,0.0,100.0
140365,CHINATELECOM Hunan province Changsha 5G network,CN,15,15,0,15,0.0,100.0
5078,Oklahoma Network for Education Enrichment and,US,15,15,0,15,0.0,100.0
2716,Universidade Federal do Rio Grande do Sul,BR,15,15,0,15,0.0,100.0
9824,"JCOM Co., Ltd.",JP,15,15,15,0,100.0,0.0
264127,EMITEL - Empresa de Informatica e Telecom. LTDA,BR,13,15,0,15,0.0,100.0
38732,CMC Telecom Infrastructure Company,VN,15,15,1,14,6.666666666666667,93.33333333333333
38740,Tashi InfoComm Limited,BT,15,15,2,13,13.333333333333334,86.66666666666667
6471,ENTEL CHILE S.A.,CL,18,15,0,15,0.0,100.0
63516,Transhybrid Internet Xchange,ID,17,15,0,15,0.0,100.0
20231,Charter Communications Inc,US,15,15,0,15,0.0,100.0
35847,Ezee Fiber,US,15,15,0,15,0.0,100.0
4058,CITIC Telecom International CPC Limited,HK,15,15,0,15,0.0,100.0
15763,DOKOM Gesellschaft fuer Telekommunikation mbH,DE,15,15,0,15,0.0,100.0
20676,Plusnet GmbH,DE,15,15,9,6,60.0,40.0
4581,Socket Holdings Corporation,US,15,15,9,6,60.0,40.0
13046,Hrvatski Telekom d.d.,HR,15,15,0,15,0.0,100.0
12306,Plus.line AG,DE,15,15,11,4,73.33333333333333,26.666666666666668
31167,AXIONE S.A.S.,FR,15,15,0,15,0.0,100.0
138169,China Telecom Guangxi Province Mobile Data Network,CN,15,15,0,15,0.0,100.0
12668,"LLC ""KomTehCentr""",RU,15,15,0,15,0.0,100.0
64313,PT NAP Info Lintas Nusa,ID,15,15,0,15,0.0,100.0
136258,"BrainStorm Network, Inc",CA,15,15,5,9,33.33333333333333,60.0
134143,Kinetix Networks,AU,15,15,0,15,0.0,100.0
37678,BOTSWANA FIBRE NETWORKS (Proprietary) Limited,BW,17,15,0,15,0.0,100.0
15497,1 Cloud Lab s.r.o.,SK,15,15,1,14,6.666666666666667,93.33333333333333
32703,Zayo Bandwidth,US,15,15,4,11,26.666666666666668,73.33333333333333
265890,GR SOLUCOES TELECOM LTDA - ME,BR,15,15,0,15,0.0,100.0
21976,"NJEDge.Net, Inc.",US,15,15,0,15,0.0,100.0
272935,"GB TELECORP DOMINICANA, S.R.L",DO,15,15,0,15,0.0,100.0
53102,Sitel Telecomunicacoes,BR,21,15,0,15,0.0,100.0
13287,FALBOX S.L. trading as NIXVAL,ES,15,15,0,15,0.0,100.0
14325,"OSHEAN, Inc.",US,15,15,0,15,0.0,100.0
199624,DK Svyaz OOO,RU,15,15,0,15,0.0,100.0
32133,Ting Fiber Inc.,US,13,15,9,6,60.0,40.0
36944,Ubuntunet Alliance For Research and Education Networking,MW,13,15,7,8,46.666666666666664,53.333333333333336
21351,Canal + Telecom SAS,GP,12,14,8,5,57.14285714285714,35.714285714285715
44539,Redi LLC,RU,14,14,0,14,0.0,100.0
393238,"ImOn Communications, LLC",US,14,14,0,14,0.0,100.0
8194,Latvia State Radio and Television Centre,LV,14,14,1,13,7.142857142857142,92.85714285714286
48918,Globalways GmbH,DE,14,14,0,14,0.0,100.0
28370,3AX Telecom (GUIFAMI Informática Ltda),BR,16,14,0,14,0.0,100.0
42216,Yasar Sen trading as Alapli Teknoloji,TR,14,14,1,13,7.142857142857142,92.85714285714286
20904,Cinia Oy (fka. Netplaza),FI,14,14,13,1,92.85714285714286,7.142857142857142
273103,TV&MÁS S.A.S,CO,14,14,4,10,28.57142857142857,71.42857142857143
18683,"Midwest Fiber Networks, LLC",US,14,14,0,14,0.0,100.0
27258,"KAMO Electric Cooperative, Inc.",US,14,14,9,5,64.28571428571429,35.714285714285715
51178,JSC Avantel,RU,14,14,0,14,0.0,100.0
14860,"SMARTCOM TELEPHONE, LLC",US,14,14,0,14,0.0,100.0
153371,BACK WAVES LIMITED,HK,14,14,1,13,7.142857142857142,92.85714285714286
28359,ZAAZ PROVEDOR DE INTERNET E TELECOMUNICACOES LTDA,BR,14,14,0,14,0.0,100.0
13768,Aptum Technologies,CA,14,14,1,13,7.142857142857142,92.85714285714286
154309,Intelligent Cloud Limited,HK,14,14,0,14,0.0,100.0
13490,"Buckeye Cablevision, Inc.",US,14,14,11,3,78.57142857142857,21.428571428571427
264598,DELTA TELECOM,BR,14,14,0,14,0.0,100.0
12611,R-KOM Regensburger,DE,14,14,5,8,35.714285714285715,57.14285714285714
132366,Alfaz Network,BD,14,14,0,14,0.0,100.0
209847,WorkTitans B.V.,NL,14,14,5,9,35.714285714285715,64.28571428571429
205563,Marc Gomez,ES,14,14,1,13,7.142857142857142,92.85714285714286
55805,MobiCom Corporation,MN,14,14,8,6,57.14285714285714,42.857142857142854
53610,"Metro Communications Company, Inc.",US,14,14,0,14,0.0,100.0
23923,Agni Systems Limited,BD,14,14,0,14,0.0,100.0
215120,Evolus IT Solutions GmbH,AT,16,14,0,13,0.0,92.85714285714286
20326,TeraSwitch Networks Inc.,US,16,14,2,12,14.285714285714285,85.71428571428571
10834,Telefonica de Argentina,AR,12,14,1,13,7.142857142857142,92.85714285714286
23674,Nayatel (Pvt) Ltd,PK,14,14,0,14,0.0,100.0
61599,EAI TELECOMUNICACOES LTDA,BR,17,14,4,10,28.57142857142857,71.42857142857143
6429,Telmex Chile Internet S.A.,CL,17,14,0,14,0.0,100.0
61618,VIVA TECNOLOGIA TELECOM LTDA,BR,15,14,1,13,7.142857142857142,92.85714285714286
31877,Accelecom,US,15,14,0,14,0.0,100.0
52374,CABASE Camara Arg de Base de Datos y Serv en Linea,AR,6,14,0,14,0.0,100.0
24324,Kordia Limited,NZ,17,14,0,14,0.0,100.0
210021,DIL Technology Limited,IQ,13,14,0,14,0.0,100.0
266129,LOCALLINK TELECOMUNICAÇÕES LTDA - ME,BR,13,14,0,14,0.0,100.0
31257,Orion Telecom LLC,RU,14,14,0,14,0.0,100.0
265680,HNTELCO S.A,HN,14,14,0,14,0.0,100.0
136284,Paradise Telecom Pvt Ltd,IN,14,14,0,14,0.0,100.0
13009,Redcentric Solutions Ltd,GB,14,14,0,14,0.0,100.0
39912,oja.at GmbH,AT,13,14,0,14,0.0,100.0
267587,VEL FIBRA,BR,13,14,0,14,0.0,100.0
9286,KINX,KR,14,14,1,13,7.142857142857142,92.85714285714286
8674,Netnod AB,SE,11,14,0,13,0.0,92.85714285714286
273478,Sage Networks,BR,22,14,0,14,0.0,100.0
15598,NorthC Deutschland GmbH,DE,8,14,0,14,0.0,100.0
61468,CEDIA,EC,14,14,12,2,85.71428571428571,14.285714285714285
60159,EUROLINE UKRAINE LLC,UA,14,14,0,14,0.0,100.0
131285,CHINATELECOM Hubei province Shengji 5G network,CN,14,14,0,14,0.0,100.0
138077,PT Abhinawa Sumberdaya Asia,ID,8,14,0,14,0.0,100.0
24342,BRACNet Limited,BD,14,14,0,14,0.0,100.0
268267,INFONET TELECOMUNICACOES LTDA,BR,14,14,0,14,0.0,100.0
40107,"Quality Technology Services, LLC",US,14,14,0,14,0.0,100.0
15965,CEGECOM S.A.,LU,14,14,1,12,7.142857142857142,85.71428571428571
56665,Proximus Luxembourg S.A.,LU,14,14,0,14,0.0,100.0
273421,MAZA Telecom,BR,9,14,2,12,14.285714285714285,85.71428571428571
43426,Netassist International EOOD,BG,63,13,0,13,0.0,100.0
39637,ADES BV,NL,11,13,0,12,0.0,92.3076923076923
53237,Telebras (TELECOMUNICACOES BRASILEIRAS S.A),BR,13,13,0,13,0.0,100.0
49304,SAKURA LINK LIMITED,HK,14,13,0,13,0.0,100.0
61400,Start2 LLC,RU,14,13,0,13,0.0,100.0
48314,IP-Projects GmbH & Co. KG,DE,13,13,10,3,76.92307692307693,23.076923076923077
55933,Cloudie Limited,HK,14,13,0,13,0.0,100.0
262901,Vcnet Provedora de Internet Ltda.,BR,14,13,0,13,0.0,100.0
8426,Claranet Limited,GB,13,13,10,3,76.92307692307693,23.076923076923077
44889,Farhang Azma Communications Company LTD,IR,13,13,0,13,0.0,100.0
264144,ASAP GLOBAL TELECOM,BR,23,13,5,8,38.46153846153847,61.53846153846154
37035,MIC TANZANIA LTD,TZ,11,13,0,13,0.0,100.0
34347,HALLAG Kommunal GmbH,AT,13,13,0,13,0.0,100.0
42346,NorthC Schweiz AG,CH,13,13,0,13,0.0,100.0
43260,DGN TEKNOLOJI A.S.,TR,13,13,0,13,0.0,100.0
272112,"TELECABLE DOMINICANO, S.A.",DO,13,13,0,13,0.0,100.0
19893,"NTT Global Data Centers Americas, INC.",US,13,13,0,13,0.0,100.0
201746,Olivenet Network S.L.,ES,13,13,0,13,0.0,100.0
268235,VLA TELECOMUNICACOES LTDA,BR,13,13,0,13,0.0,100.0
61884,Ollá Telecom,BR,13,13,0,13,0.0,100.0
38091,LG HelloVision Corp.,KR,13,13,0,13,0.0,100.0
5466,Eircom Limited,IE,13,13,0,13,0.0,100.0
41960,Nextpertise B.V.,NL,13,13,9,4,69.23076923076923,30.76923076923077
17547,M1 NET LTD,SG,13,13,6,7,46.15384615384615,53.84615384615385
41881,Fanava Group,IR,13,13,0,13,0.0,100.0
59103,SoftEther Corporation,JP,13,13,0,13,0.0,100.0
59191,PEERCAST TELECOM INDIA PVT LTD,IN,13,13,0,13,0.0,100.0
140951,IPTP Networks,HK,6,13,0,13,0.0,100.0
11992,Liberty Mobile Puerto Rico Inc.,PR,14,13,0,13,0.0,100.0
11686,Zayo Bandwidth,US,13,13,0,13,0.0,100.0
263025,ISPTEC Sistemas de Comunicação Eireli,BR,13,13,0,13,0.0,100.0
8781,Ooredoo Q.S.C.,QA,12,13,0,13,0.0,100.0
35985,"One Ring Networks, Inc.",US,13,13,0,13,0.0,100.0
273976,FICOM TELECOMUNICACIONES S.A.C.,PE,12,13,0,13,0.0,100.0
264344,AMAZONET TELECOMUNICACOES LTDA,BR,13,13,0,13,0.0,100.0
31034,Aruba S.p.A.,IT,13,13,0,13,0.0,100.0
28642,Contato Internet EIRELI,BR,12,13,0,13,0.0,100.0
147168,PT NTT Indonesia,ID,13,13,0,12,0.0,92.3076923076923
28890,INSYS LLC,RU,13,13,0,13,0.0,100.0
22561,Lumen (fka LightCore),US,13,13,0,13,0.0,100.0
150706,"Hong Kong Zhengxing Technology Co., Ltd.",HK,13,13,0,13,0.0,100.0
263661,Brasil Digital Telecom,BR,13,13,0,13,0.0,100.0
25144,Telekomunikacije Republike Srpske a.d.,BA,13,13,6,7,46.15384615384615,53.84615384615385
152565,JOY SERVICES,IN,13,13,0,13,0.0,100.0
48266,Catixs Ltd,GB,6,13,0,10,0.0,76.92307692307693
7529,"GMO NetIRD, Inc.",JP,16,13,0,13,0.0,100.0
31263,MYNET S.R.L.,IT,13,13,8,5,61.53846153846154,38.46153846153847
135817,ESTO MEDIA PRIVATE LIMITED,IN,13,13,0,13,0.0,100.0
9051,IncoNet Data Management sal,LB,13,13,0,13,0.0,100.0
36012,HUNTER COMMUNICATIONS,US,13,13,0,13,0.0,100.0
64123,GRUPO IN S.A.S,AR,13,13,0,13,0.0,100.0
24521,PT Data Utama Dinamika,ID,13,13,11,2,84.61538461538461,15.384615384615385
1554,United States Department of Defense (DoD),US,13,13,0,13,0.0,100.0
7594,On Q,AU,14,13,0,13,0.0,100.0
26105,Cable Onda,PA,14,13,0,13,0.0,100.0
265147,UP Fibra,BR,14,13,0,13,0.0,100.0
27851,COOPERATIVA ELECTRICA Y DE SERVICIOS PUBLICOS LUJANENSE LIMITADA,AR,15,13,5,8,38.46153846153847,61.53846153846154
400587,"Ryamer, LLC",US,12,13,0,13,0.0,100.0
268925,TELLCORP - TELECOMUNICACOES CORPORATIVAS LTDA,BR,17,13,0,13,0.0,100.0
9821,Department of Science and Technology,PH,13,13,0,13,0.0,100.0
6702,"Science Production Company ""Trifle"" Ltd.",UA,13,13,1,12,7.6923076923076925,92.3076923076923
55423,JasTel Network,TH,12,13,0,13,0.0,100.0
19855,"Masergy Communications, Inc.",US,15,13,10,3,76.92307692307693,23.076923076923077
2500,WIDE Project,JP,12,13,0,13,0.0,100.0
64050,BGP Network Limited,HK,12,13,0,13,0.0,100.0
29684,Nour Internet Company for Communications and Information Technology Ltd.,SA,13,13,0,13,0.0,100.0
39704,CJ2 Hosting B.V.,NL,12,13,1,12,7.6923076923076925,92.3076923076923
262645,BrasilNET Telecomunicações do Parana LTDA,BR,14,12,0,12,0.0,100.0
20214,"Comcast Cable Communications, LLC",US,14,12,7,5,58.333333333333336,41.66666666666667
3112,OARnet,US,22,12,12,0,100.0,0.0
54825,Equinix Metal (Packet.net),US,11,12,0,12,0.0,100.0
263725,MULTICABLE DE HONDURAS,HN,9,12,0,12,0.0,100.0
46375,Sonic Telecom LLC,US,10,12,6,6,50.0,50.0
150369,TelHi Corporation,JP,11,12,7,5,58.333333333333336,41.66666666666667
215638,Cilix Limited,GB,11,12,0,12,0.0,100.0
39608,Lanet Network Ltd,UA,11,12,0,12,0.0,100.0
58115,SwissIX Internet Exchange,CH,21,12,0,11,0.0,91.66666666666666
36925,Orange Maroc,MA,10,12,11,1,91.66666666666666,8.333333333333332
47311,PT Atharva Telematika Persada,ID,13,12,0,12,0.0,100.0
7670,"Enecom,Inc.",JP,13,12,0,12,0.0,100.0
212027,PebbleHost Ltd,GB,13,12,0,12,0.0,100.0
265137,CONECTIVA TELECOM TECNOLOGIA LTDA - ME,BR,11,12,0,12,0.0,100.0
25160,Vorboss Limited,GB,11,12,0,12,0.0,100.0
34594,Telemach Hrvatska d.o.o.,HR,10,12,0,12,0.0,100.0
57,Northern Lights GigaPoP,US,12,12,0,12,0.0,100.0
55285,Serverside.com,CA,6,12,0,12,0.0,100.0
47272,HYEHOST LLC,US,8,12,0,12,0.0,100.0
37988,Alpha Layer Pty Ltd,AU,14,12,0,12,0.0,100.0
139820,HG TELECOMMUNICATION PRIVATE LIMITED,PK,13,12,0,12,0.0,100.0
12491,Gilat Telecom Ltd.,IL,11,12,0,11,0.0,91.66666666666666
30990,Djibouti Telecom SA,DJ,13,12,0,12,0.0,100.0
27026,networkMaryland,US,12,12,0,12,0.0,100.0
61785,ERTEL Telecomunicações,BR,13,12,7,5,58.333333333333336,41.66666666666667
132774,Niss Internet services private limited,IN,12,12,0,12,0.0,100.0
134090,Leaptel,AU,12,12,0,12,0.0,100.0
272110,"FENIX NETWORKS, S.R.L.",DO,12,12,0,12,0.0,100.0
200590,NLS Kazakhstan LLC,KZ,12,12,0,12,0.0,100.0
134238,China Telecom Jiangxi Province IDC Network,CN,12,12,0,12,0.0,100.0
18779,EGIHosting,US,12,12,0,12,0.0,100.0
36530,IDC Cube,US,13,12,0,12,0.0,100.0
6206,Netrouting B.V.,NL,13,12,2,9,16.666666666666664,75.0
2386,"AT&T Enterprises, LLC",US,12,12,0,12,0.0,100.0
21263,TeleData GmbH,DE,12,12,12,0,100.0,0.0
262468,ATEL ( Natel Telecom Ltda ),BR,15,12,0,12,0.0,100.0
60503,FNX Tecnologia LTDA,BR,15,12,0,12,0.0,100.0
9957,KINX,KR,15,12,0,12,0.0,100.0
34907,IP SERVICES Sp. zo.o.,PL,12,12,0,12,0.0,100.0
4557,Rice University,US,12,12,0,12,0.0,100.0
131429,MOBIFONE Corporation,VN,12,12,1,11,8.333333333333332,91.66666666666666
215787,TELE90 Telecom GmbH,DE,12,12,0,11,0.0,91.66666666666666
46455,"WWLTH, Inc",US,12,12,0,12,0.0,100.0
52630,MOTTANET  TI  - SERVICOS  DE TECNOLOGIA DA INFO,BR,12,12,0,12,0.0,100.0
45437,Real World - The Core,AU,12,12,0,12,0.0,100.0
14717,EZE Castle Integration Inc.,US,11,12,0,12,0.0,100.0
16246,"O2 Czech Republic, a.s.",CZ,12,12,0,12,0.0,100.0
47474,Virtual1 Limited,GB,12,12,7,5,58.333333333333336,41.66666666666667
267256,ONETIS TECNOLOGIA LTDA,BR,12,12,0,12,0.0,100.0
135523,Multinet Broadband,PK,12,12,0,12,0.0,100.0
44814,"""Bulgartel"" AD",BG,12,12,0,12,0.0,100.0
12555,Data-center IMAQLIQ Ltd.,RU,12,12,0,12,0.0,100.0
24723,Atman Sp. z o.o.,PL,12,12,5,7,41.66666666666667,58.333333333333336
3330,eww ag,AT,12,12,0,12,0.0,100.0
35614,Therecom Ltd,UA,12,12,7,5,58.333333333333336,41.66666666666667
33182,"HostDime.com, Inc.",US,12,12,4,8,33.33333333333333,66.66666666666666
400146,"DIAMOND STATE NETWORKS, LLC",US,12,12,0,12,0.0,100.0
137983,TIANFENG (HONG KONG) COMMUNICATIONS LIMITED,HK,12,12,0,12,0.0,100.0
264275,ROLIM NET TECNOLOGIA LTDA,BR,12,12,0,12,0.0,100.0
17223,"Latisys-Chicago, LLC",US,12,12,0,12,0.0,100.0
28605,Defferrari Informatica Ltda.,BR,12,12,0,12,0.0,100.0
30742,Bremen Briteline GmbH,DE,12,12,10,2,83.33333333333334,16.666666666666664
57608,DG-NET SA,PL,12,12,0,12,0.0,100.0
12418,Quantum CJSC,RU,12,12,0,12,0.0,100.0
2110,Enet Communications LIMITED,IE,12,12,0,12,0.0,100.0
9155,Quality Net General Trading & Contracting Company,KW,12,12,0,12,0.0,100.0
34918,Pishgaman Toseeh Ertebatat Company (Private Joint Stock),IR,12,12,0,12,0.0,100.0
28210,GIGA MAIS FIBRA TELECOMUNICACOES S.A.,BR,12,12,0,12,0.0,100.0
21453,Flex Ltd.,RU,12,12,0,12,0.0,100.0
2495,Kansas Research and Education Network,US,12,12,10,2,83.33333333333334,16.666666666666664
10929,eStruxture Data Centers Inc.,CA,12,12,0,12,0.0,100.0
266460,NetGo Telecomunicações do Brasil,BR,12,12,0,12,0.0,100.0
18200,Office des Postes et Telecommunications New-Caledonia,NC,12,12,12,0,100.0,0.0
62600,Arizona Board of Regents,US,12,12,2,10,16.666666666666664,83.33333333333334
14103,ACD.net,US,12,12,0,12,0.0,100.0
42,"WoodyNet, Inc.",US,28,12,1,9,8.333333333333332,75.0
263880,WANTEL TECNOLOGIA LTDA. ­ EPP,BR,12,12,0,12,0.0,100.0
263250,Telecom Provider,BR,12,12,0,12,0.0,100.0
24651,JSC BALTICOM,LV,12,12,0,12,0.0,100.0
30500,Wolfpaw Data Centres Inc,CA,12,12,6,5,50.0,41.66666666666667
17477,Macquarie Technology Operations Pty Limited,AU,12,12,0,12,0.0,100.0
7679,"QTnet,Inc.",JP,12,12,0,12,0.0,100.0
226,Los Nettos,US,12,12,1,11,8.333333333333332,91.66666666666666
40220,Virginia Polytechnic Institute and State Univ.,US,12,12,5,7,41.66666666666667,58.333333333333336
206735,Novelcomm LP,GR,12,12,0,12,0.0,100.0
61297,Ante Mediam LLC,UA,12,12,0,12,0.0,100.0
2611,BELNET,BE,12,12,7,5,58.333333333333336,41.66666666666667
10578,Harvard University,US,12,12,0,12,0.0,100.0
9146,BH Telecom d.d.,BA,12,12,1,11,8.333333333333332,91.66666666666666
7642,DHIVEHI RAAJJEYGE GULHUN PLC,MV,10,11,5,6,45.45454545454545,54.54545454545454
265130,FIBRA EMPRESAS LTDA,BR,10,11,0,11,0.0,100.0
17660,DrukNet ISP,BT,9,11,0,11,0.0,100.0
43994,SMARTNET TOO,KZ,11,11,0,11,0.0,100.0
8053,IFX Networks Venezuela C.A.,VE,11,11,0,11,0.0,100.0
24641,FASTER CZ spol. s r.o.,CZ,12,11,9,2,81.81818181818183,18.181818181818183
20278,"Nexeon Technologies, Inc.",US,12,11,8,2,72.72727272727273,18.181818181818183
132167,Nine Communications Company Limited,MM,7,11,2,8,18.181818181818183,72.72727272727273
201986,Arpinet LLC,AM,12,11,0,11,0.0,100.0
43940,MTEL d.o.o.,ME,11,11,9,2,81.81818181818183,18.181818181818183
263099,STIW Sistema de Telecom. Inf e Wireless LTDA,BR,11,11,0,11,0.0,100.0
33965,LITECOM AG,CH,11,11,0,11,0.0,100.0
12338,Euskaltel S.A.,ES,11,11,10,1,90.9090909090909,9.090909090909092
24739,"JSC ""Severen-Telecom""",RU,11,11,0,11,0.0,100.0
61680,ACESSO SIMPLES LTDA,BR,7,11,0,11,0.0,100.0
33922,UAB Nacionalinis Telekomunikaciju Tinklas,LT,11,11,0,11,0.0,100.0
212261,Stowarzyszenie e-Poludnie,PL,12,11,0,11,0.0,100.0
60764,Telecom Samara LLC,RU,10,11,0,11,0.0,100.0
52680,BLZNET SERVICOS DE INTERNET LTDA - ME,BR,12,11,0,11,0.0,100.0
20811,Retelit Digital Services S.p.A.,IT,12,11,3,8,27.27272727272727,72.72727272727273
52901,MINAS TELECOM,BR,10,11,0,11,0.0,100.0
34797,System Net Ltd,GE,11,11,1,10,9.090909090909092,90.9090909090909
36947,Telecom Algeria,DZ,11,11,0,11,0.0,100.0
8896,GLOBALCONNECT AS,NO,11,11,1,10,9.090909090909092,90.9090909090909
8251,"FreeTel, s.r.o.",CZ,11,11,0,11,0.0,100.0
37027,Simbanet (T) Limited,TZ,11,11,0,11,0.0,100.0
47720,CORK INTERNET EXCHANGE LIMITED,IE,11,11,0,10,0.0,90.9090909090909
12764,AKNET Ltd.,KG,11,11,6,5,54.54545454545454,45.45454545454545
31543,myNet GmbH,AT,11,11,0,11,0.0,100.0
46849,"TEXAS LONE STAR NETWORK, LLC",US,11,11,8,3,72.72727272727273,27.27272727272727
53019,Yo Telecom / INFOTEC,BR,13,11,0,11,0.0,100.0
49505,JSC Selectel,RU,11,11,6,5,54.54545454545454,45.45454545454545
46435,IRON,US,11,11,0,11,0.0,100.0
8968,BT Italia S.p.A.,IT,11,11,5,6,45.45454545454545,54.54545454545454
34123,Netorn LLC,RU,12,11,0,11,0.0,100.0
131293,TOT Public Company Limited,TH,12,11,0,11,0.0,100.0
60280,National Traffic Exchange Center (Belarus),BY,6,11,0,10,0.0,90.9090909090909
12693,e.discom Telekommunikation GmbH,DE,11,11,0,11,0.0,100.0
11550,"Smithville Digital, LLC",US,11,11,0,11,0.0,100.0
20459,Telecom Namibia,,6,11,0,11,0.0,100.0
27884,CABLECOLOR S.A.,HN,11,11,0,11,0.0,100.0
134877,Sri Vari Network Private Limited,IN,11,11,0,11,0.0,100.0
33661,"Comcast Cable Communications, LLC",US,13,11,1,10,9.090909090909092,90.9090909090909
198297,"JSC ""Ul-com Media""",RU,14,11,0,11,0.0,100.0
203446,SMARTNET LIMITED,GB,11,11,0,11,0.0,100.0
16504,Granite Telecommunications LLC,US,11,11,10,1,90.9090909090909,9.090909090909092
59162,U.P. COMMUNICATION SERVICES PVT LTD,IN,11,11,0,11,0.0,100.0
23033,Wowrack.com,US,11,11,1,10,9.090909090909092,90.9090909090909
52783,ALCANS TELECOM LTDA,BR,11,11,7,4,63.63636363636363,36.36363636363637
50597,"ScopeSky for communications, internet and technology services LLC",IQ,11,11,0,11,0.0,100.0
48239,Scientific-Production Enterprise Information Technologies Ltd,UA,11,11,0,11,0.0,100.0
48293,Uniontel Ltd,RU,10,11,0,11,0.0,100.0
6400,Claro Dominican Republic,DO,10,11,2,9,18.181818181818183,81.81818181818183
210321,Operadors Quilometre Zero S.L.,ES,11,11,0,11,0.0,100.0
39010,TerraNet sal,LB,11,11,1,10,9.090909090909092,90.9090909090909
21782,Plateau Telecommunications Incorporated,US,11,11,10,1,90.9090909090909,9.090909090909092
141047,Nepal Digital Service Pvt. Ltd.,NP,11,11,0,11,0.0,100.0
5050,Pittsburgh Supercomputing Center,US,11,11,0,11,0.0,100.0
30851,Sileman Sp. z o.o.,PL,11,11,0,11,0.0,100.0
3175,Citytelecom LLC,RU,11,11,0,11,0.0,100.0
6059,University System of Maryland,US,11,11,11,0,100.0,0.0
8376,Jordan Data Communications Company LLC,JO,11,11,0,11,0.0,100.0
18451,LES.NET,CA,11,11,0,11,0.0,100.0
12637,Seeweb s.r.l.,IT,11,11,0,11,0.0,100.0
31252,StarNet Solutii SRL,MD,11,11,1,10,9.090909090909092,90.9090909090909
51407,Mada Al-Arab General Services Company,PS,11,11,5,6,45.45454545454545,54.54545454545454
51346,"Opened Joint Stock Company ""Tojiktelecom""",TJ,11,11,0,11,0.0,100.0
57277,BAIKAL-IX (LLC Zero Kilometer),RU,11,11,0,11,0.0,100.0
210316,"CJSC ""SCIENTIFIC AND PRODUCTION FIRM ""ELEKOMS""""",UA,11,11,0,11,0.0,100.0
27696,Columbus Networks de Honduras S. de R.L.,HN,11,11,0,11,0.0,100.0
9085,SUPERMEDIA Sp.z.o.o.,PL,11,11,0,11,0.0,100.0
153252,ELXIRE,IN,11,11,0,11,0.0,100.0
42532,SIA VEESP,LV,11,11,1,10,9.090909090909092,90.9090909090909
267484,CABONNET INTERNET LTDA,BR,11,11,0,11,0.0,100.0
200845,"AVATEL TELECOM, SA",ES,11,11,0,11,0.0,100.0
37284,Aljeel Aljadeed For Technology,LY,11,11,0,11,0.0,100.0
135060,Telair Pty Ltd,AU,11,11,1,10,9.090909090909092,90.9090909090909
328442,United SA,CD,11,11,8,3,72.72727272727273,27.27272727272727
9186,"ONITELECOM - INFOCOMUNICACOES, S.A.",PT,11,11,0,11,0.0,100.0
61666,GLOBOINFO LTDA,BR,11,11,0,11,0.0,100.0
12880,Iran Information Technology Company PJSC,IR,11,11,4,7,36.36363636363637,63.63636363636363
4049,CELLO GROUP LIMITED,NZ,11,11,0,11,0.0,100.0
52263,Telecable Economico S.A.,CR,11,11,1,10,9.090909090909092,90.9090909090909
6130,"American Internet Services, LLC.",US,11,11,0,11,0.0,100.0
8339,kabelplus GmbH,AT,11,11,0,11,0.0,100.0
52696,JSX TELECOM,BR,10,11,0,11,0.0,100.0
52363,Jumpnet Soluciones de Internet S.R.L.,AR,10,11,0,11,0.0,100.0
63969,Race Online Limited,BD,10,11,0,11,0.0,100.0
262474,ALTERNA TELECOMUNICACOES E CONECTIVIDADE LTDA EPP,BR,10,11,0,11,0.0,100.0
25467,Akton d.o.o.,SI,11,11,0,11,0.0,100.0
212616,K.M.A ADVANCED TECHNOLOGIES LTD,IL,11,11,0,11,0.0,100.0
49121,"Infinity Telecom, s.r.o.",CZ,11,11,1,9,9.090909090909092,81.81818181818183
9329,Sri Lanka Telecom Internet,LK,11,11,0,11,0.0,100.0
140171,Reisnet Broadband Pvt Ltd,IN,11,11,0,11,0.0,100.0
38809,Vocus Advanced Services,AU,11,11,0,11,0.0,100.0
8240,Information System Authority Republic of Estonia,EE,11,11,10,1,90.9090909090909,9.090909090909092
6805,Telefonica Germany (o2),DE,10,11,0,11,0.0,100.0
9354,Community Network Center Inc.,JP,11,11,0,11,0.0,100.0
263194,Advantun SRL,AR,11,10,8,2,80.0,20.0
23655,2degrees Networks Limited,NZ,10,10,9,1,90.0,10.0
18187,Ignite Telecommunications Inc,PH,8,10,0,10,0.0,100.0
56308,Telekomunikasi Indonesia International Pte. Ltd.,SG,6,10,0,10,0.0,100.0
266416,L3 NETWORKS E TELECOMUNICACOES LTDA,BR,11,10,0,10,0.0,100.0
150249,PT Atharva Telematika Persada,ID,17,10,0,10,0.0,100.0
34056,Kyiv Optic Networks ltd,UA,12,10,0,10,0.0,100.0
38074,SDCC Japan-West Area,JP,10,10,2,8,20.0,80.0
140647,CHINATELECOM Guizhou province Shengji 5G network,CN,10,10,0,10,0.0,100.0
6908,Six Degrees Technology Group Limited,GB,10,10,0,10,0.0,100.0
328107,GUILAB SA,GN,10,10,6,4,60.0,40.0
20647,IPB Internet Provider in Berlin GmbH,DE,10,10,0,10,0.0,100.0
138195,MOACK.Co.LTD,KR,10,10,4,6,40.0,60.0
28398,INTERNET TELEFONIA Y TV DE MICHOACAN SA DE CV,MX,10,10,0,10,0.0,100.0
262808,Brasilnet Telecomunicações Ltda ME,BR,10,10,0,10,0.0,100.0
270052,STARTELECOM S.A.,PY,10,10,0,10,0.0,100.0
28683,SOCIETE BENINOISE D'INFRASTRUCTURES NUMERIQUES,BJ,10,10,1,9,10.0,90.0
265721,Cable Atlantico SRL,DO,9,10,0,10,0.0,100.0
30012,"Universal Music Group, INC.",US,9,10,0,10,0.0,100.0
50360,Tamatiya EOOD,BG,10,10,0,10,0.0,100.0
52900,BRASIL TECPAR | AMIGO | AVATO,BR,10,10,0,10,0.0,100.0
7819,Global IP Networks INC,US,10,10,0,10,0.0,100.0
7979,"Servers.com, Inc.",US,10,10,0,9,0.0,90.0
201942,Soltia Consulting SL,ES,10,10,0,10,0.0,100.0
43350,NForce Entertainment B.V.,NL,10,10,6,4,60.0,40.0
48882,Optima-Shid LLC,RU,10,10,0,10,0.0,100.0
31195,PJSC MegaFon,RU,10,10,0,10,0.0,100.0
44400,Ertebatat Sabet Parsian Co. PJS,IR,10,10,0,10,0.0,100.0
12844,Bouygues Telecom SA,FR,10,10,1,9,10.0,90.0
45804,MEGHBELA BROADBAND,IN,10,10,0,10,0.0,100.0
8888,xTom Pty Ltd,AU,5,10,4,6,40.0,60.0
136634,Navkar Netsol Private Ltd,IN,12,10,0,10,0.0,100.0
52720,WEBFOCO TELECOMUNICACOES LTDA,BR,12,10,0,10,0.0,100.0
53238,ENTRENANET TELECOM,BR,12,10,0,10,0.0,100.0
213449,Jann-Ole Wagenaar,DE,7,10,1,8,10.0,80.0
42184,TKRZ Stadtwerke GmbH,DE,10,10,9,1,90.0,10.0
9873,"Lao Telecom Communication, LTC",LA,7,10,0,10,0.0,100.0
25003,Internet Binat Ltd,IL,10,10,0,10,0.0,100.0
267699,CUBOTELECOM CIA. LTDA.,EC,10,10,1,9,10.0,90.0
151354,MCBROAD IT SOLUTIONS,PH,11,10,0,10,0.0,100.0
18101,Reliance Communications Ltd.DAKC MUMBAI,IN,11,10,0,10,0.0,100.0
62314,Atmospherica Ltd.,RU,11,10,0,10,0.0,100.0
137,Consortium GARR,IT,8,10,0,10,0.0,100.0
35986,Vyve Broadband,US,11,10,6,4,60.0,40.0
3308,Kundeselskabet Norlys A/S,DK,11,10,10,0,100.0,0.0
36351,IBM Cloud,US,11,10,6,4,60.0,40.0
33422,New England Telehealth Consortium,US,11,10,0,10,0.0,100.0
37204,Telone PVT Ltd,ZW,11,10,0,10,0.0,100.0
60800,Netwise Hosting Ltd,GB,8,10,1,9,10.0,90.0
47872,Sofia Connect EAD,BG,11,10,1,9,10.0,90.0
134937,Speed Communication,IN,11,10,0,10,0.0,100.0
25233,ARABIAN INTERNET & COMMUNICATIONS SERVICES CO.LTD,SA,10,10,0,10,0.0,100.0
133817,PT Inti Data Telematika,ID,10,10,0,10,0.0,100.0
40463,Alabama Fiber Network,US,10,10,4,6,40.0,60.0
34428,Giulio Lo Presti,IT,10,10,8,2,80.0,20.0
25386,Inter-Telecom LLC,UA,8,10,0,10,0.0,100.0
266152,PJM NET,BR,8,10,0,10,0.0,100.0
58067,"JOINT-STOCK COMPANY ""MOSCOW ENERGY COMMUNICATION NODE""",RU,11,10,0,10,0.0,100.0
262150,Empresa Provincial de Energia de Cordoba,AR,11,10,0,10,0.0,100.0
267221,Gold Telecom Ltda,BR,8,10,0,10,0.0,100.0
328659,Vobiss Solutions Limited,GH,10,10,0,10,0.0,100.0
49425,Digital Realty (UK) Limited,GB,10,10,0,10,0.0,100.0
33588,Charter Communications LLC,US,10,10,1,9,10.0,90.0
64227,CONSOLIDATED TELEPHONE COMPANY,US,10,10,0,10,0.0,100.0
19978,CIRION TECHNOLOGIES ARGENTINA S.A.,AR,10,10,3,7,30.0,70.0
133989,SBR Telecom Pvt. Ltd,IN,10,10,0,10,0.0,100.0
212396,FyfeWeb Ltd,GB,10,10,0,10,0.0,100.0
6856,"AO IK ""Informsvyaz-Chernozemye""",RU,10,10,0,10,0.0,100.0
43060,IPLUS LLC,UZ,10,10,0,10,0.0,100.0
12312,ecotel communication ag,DE,10,10,9,1,90.0,10.0
133278,Dehradun Enet Solutions Private Ltd,IN,10,10,0,10,0.0,100.0
135423,Total Information Management Corporation,PH,9,10,1,9,10.0,90.0
62553,"Elcro Digital Services, LLC",US,9,10,0,10,0.0,100.0
31083,Telepoint Ltd,BG,9,10,0,10,0.0,100.0
17497,Liasail Global Hongkong Limited,HK,9,10,0,10,0.0,100.0
61775,AW Fibra,BR,9,10,0,10,0.0,100.0
29691,Nine Internet Solutions AG,CH,9,10,8,2,80.0,20.0
148968,Falcore Investments Pty Ltd,AU,10,10,0,10,0.0,100.0
39020,Comvive Servidores S.L.,ES,9,10,0,10,0.0,100.0
148979,Fiberworld Communication Pvt. Ltd.,NP,10,10,0,10,0.0,100.0
149107,TRUMVPS COMPANY LIMITED,VN,10,10,1,9,10.0,90.0
20448,Peace Communications LLC,US,10,10,0,10,0.0,100.0
48728,Vodafone Qatar P.Q.S.C,QA,10,10,0,10,0.0,100.0
12570,"O2 Czech Republic, a.s.",CZ,10,10,1,9,10.0,90.0
5413,Wavenet Limited,GB,10,10,4,6,40.0,60.0
21309,HERABIT S.p.A.,IT,10,10,0,10,0.0,100.0
12182,Unitas Global,US,9,10,0,10,0.0,100.0
17469,Access Telecom (BD) Ltd.,BD,10,10,0,10,0.0,100.0
262427,Invista Net Provedor de Acesso Ltda,BR,10,10,0,10,0.0,100.0
206276,Citelia s.a.,ES,10,10,0,10,0.0,100.0
29056,Citycom Telekommunikation GmbH,AT,10,10,0,10,0.0,100.0
19930,"Equinix, Inc.",US,10,10,0,10,0.0,100.0
265436,SkyNet Telecomunicações,BR,10,10,0,10,0.0,100.0
12687,User Association of Ukrainian Research and Academic Network URAN,UA,10,10,6,4,60.0,40.0
136897,Enjoyvc Cloud Group Limited.,HK,10,10,4,5,40.0,50.0
271387,EMFIBRA TELECOM,BR,9,10,0,10,0.0,100.0
18001,Dialog Axiata PLC.,LK,9,10,0,9,0.0,90.0
44217,IQ Networks for Data and Internet Services Ltd,IQ,10,10,3,7,30.0,70.0
44267,EN+ TELECOM LLC,RU,10,10,0,10,0.0,100.0
134768,CHINANET SHAANXI province Cloud Base network,CN,10,10,0,10,0.0,100.0
26652,"Airstream Communications, LLC",US,10,10,0,10,0.0,100.0
42652,inexio Informationstechnologie und Telekommunikation Gmbh,DE,10,10,6,4,60.0,40.0
5404,conova communications GmbH,AT,10,10,0,10,0.0,100.0
42864,Giganet Internet Szolgaltato Kft,HU,10,10,1,9,10.0,90.0
42961,Zain Kuwait MTC,KW,10,10,0,10,0.0,100.0
48399,Svyaz VSD LLC,RU,10,10,0,10,0.0,100.0
35680,Volia-Cable LLC,UA,10,10,0,10,0.0,100.0
12714,PJSC MegaFon,RU,10,10,0,10,0.0,100.0
16117,Gavle Energi AB,SE,10,10,10,0,100.0,0.0
29571,Orange Côte d'Ivoire,CI,10,10,0,10,0.0,100.0
42560,Telemach BH d.o.o. Sarajevo,BA,10,10,1,9,10.0,90.0
216213,Lexistar Alliance Ltd.,SC,10,10,0,10,0.0,100.0
269946,BOOM SOLUTIONS C.A.,VE,10,10,0,10,0.0,100.0
37349,Aptus Solutions Ltd,TZ,10,10,0,10,0.0,100.0
11019,"HAProxy Technologies, Inc.",US,10,10,0,10,0.0,100.0
263097,BRAVA INTERNET,BR,8,9,0,9,0.0,100.0
262206,COMCEL GUATEMALA S.A.,GT,8,9,0,9,0.0,100.0
266240,A2 TELECOM EIRELI - ME,BR,11,9,0,9,0.0,100.0
200044,"Stack Group, LLC",RU,8,9,0,9,0.0,100.0
264595,FALCAO NET PROVEDOR DE INTERNET LTDA,BR,10,9,0,9,0.0,100.0
10217,PT NTT Indonesia,ID,10,9,0,9,0.0,100.0
202914,Adeo Datacenter ApS,DK,10,9,0,9,0.0,100.0
268331,LINK BARATO.COM TELECOMUNICACOES EIRELI,BR,10,9,0,9,0.0,100.0
49628,LLC Skytel,GE,10,9,0,9,0.0,100.0
215828,"Tizian Maxime Weigt trading as ""TMW Global Networks""",DE,10,9,0,9,0.0,100.0
23222,Charter Communications LLC,US,10,9,0,9,0.0,100.0
8778,Slovanet a.s.,SK,10,9,0,9,0.0,100.0
132420,"282, Sector 19",IN,9,9,0,9,0.0,100.0
132585,SkyExchange Internet Access,HK,9,9,6,3,66.66666666666666,33.33333333333333
6772,ImproWare AG,CH,9,9,0,9,0.0,100.0
8788,"ADAMANT, Ltd.",UA,9,9,0,9,0.0,100.0
262403,Net Way Telecom LTDA ME,BR,7,9,0,9,0.0,100.0
61614,67 TELECOM LTDA,BR,8,9,0,9,0.0,100.0
10674,Gainesville Regional Utilities,US,8,9,0,9,0.0,100.0
263566,Rondonet Telecom,BR,8,9,0,9,0.0,100.0
263616,Dez Solucoes em Telecomunicacoes LTDA,BR,8,9,6,3,66.66666666666666,33.33333333333333
273189,CA NETWORK S.A. DE C.V.,HN,8,9,1,8,11.11111111111111,88.88888888888889
61423,JMP Technology Services GmbH,CH,8,9,0,9,0.0,100.0
23031,TELECU TELECOMUNICACIONES DEL ECUADOR TELECUSA S.A.S.,EC,9,9,3,6,33.33333333333333,66.66666666666666
12353,Vodafone Portugal - Communicacoes Pessoais S.A.,PT,9,9,7,2,77.77777777777779,22.22222222222222
18059,PT Dwi Tunggal Putra,ID,9,9,0,9,0.0,100.0
33983,ARTMOTION SH.P.K.,AL,9,9,6,3,66.66666666666666,33.33333333333333
132847,Network Solutions Group Pty Ltd,AU,9,9,0,9,0.0,100.0
131706,PT Selaras Citra Terabit,ID,9,9,0,9,0.0,100.0
264531,HET INTERNET LTDA,BR,9,9,0,9,0.0,100.0
28590,Directnet Prestacao de Servicos Ltda.,BR,9,9,0,9,0.0,100.0
44655,MetroLine Sp. z o.o.,PL,9,9,0,9,0.0,100.0
30688,FastTrack Communications Inc.,US,9,9,0,9,0.0,100.0
25460,The Networking People (TNP) Limited,GB,9,9,7,2,77.77777777777779,22.22222222222222
48635,CLDIN B.V.,NL,9,9,0,9,0.0,100.0
55406,"26 Shyamoli, Bir Uttam A. W. Chowdhury Road",BD,9,9,0,9,0.0,100.0
39640,"Valor Information Technologies, S.L.",ES,9,9,0,9,0.0,100.0
31200,Novotelecom Ltd,RU,10,9,0,9,0.0,100.0
24863,Link Egypt (Link.NET),EG,9,9,9,0,100.0,0.0
263456,MKNETWORK TELECOM LTDA ME,BR,9,9,0,9,0.0,100.0
1968,UMASSNET,US,9,9,1,8,11.11111111111111,88.88888888888889
23671,PT Sarana Insan Muda Selaras,ID,9,9,0,9,0.0,100.0
203201,INFRASTRUCTURE ITALIA COLO S.R.L.,IT,9,9,0,9,0.0,100.0
21575,ENTEL PERU S.A.,PE,9,9,1,8,11.11111111111111,88.88888888888889
8057,"Vision Net, Inc.",US,9,9,0,9,0.0,100.0
60672,ServerChoice Ltd,GB,9,9,0,9,0.0,100.0
269719,GN TELECOM,BR,9,9,0,9,0.0,100.0
2731,Infinity Fiber LLC,US,9,9,1,8,11.11111111111111,88.88888888888889
39702,S-IT Verwaltungs GmbH trading as S-IT Informationstechnologie Betreiber GmbH & Co. KG im Nordschwarzwald,DE,9,9,7,2,77.77777777777779,22.22222222222222
213438,ColocaTel Inc.,SC,9,9,0,9,0.0,100.0
328594,SUDATCHAD SA/CA,TD,9,9,8,1,88.88888888888889,11.11111111111111
132267,NovoCom Limited,BD,9,9,0,9,0.0,100.0
134732,Dot Internet,BD,9,9,0,9,0.0,100.0
15493,"""Russian company"" LLC",RU,9,9,0,9,0.0,100.0
35369,LINZ STROM GAS WAERME GmbH fuer Energiedienstleistungen und Telekommunikation,AT,9,9,0,9,0.0,100.0
27364,Armstrong,US,9,9,1,8,11.11111111111111,88.88888888888889
61616,Union ISP S/A,BR,9,9,0,9,0.0,100.0
37153,Xneelo (Pty) Ltd,ZA,9,9,0,9,0.0,100.0
7784,"Atlantech Online, Inc.",US,9,9,0,9,0.0,100.0
206262,TelKos L.L.C,AL,9,9,2,7,22.22222222222222,77.77777777777779
47377,Orange Belgium SA,BE,10,9,0,9,0.0,100.0
262785,Click Telecom,BR,10,9,0,9,0.0,100.0
1835,Forskningsnettet - Danish NREN,EU,9,9,9,0,100.0,0.0
10111,Zeofast Network,CN,8,9,0,9,0.0,100.0
63199,"CDS Global Cloud Co., Ltd",US,8,9,5,3,55.55555555555556,33.33333333333333
47447,23M GmbH,DE,8,9,6,3,66.66666666666666,33.33333333333333
199961,Multitelesystems LLC,RU,10,9,0,9,0.0,100.0
264562,Texnet,BR,10,9,0,9,0.0,100.0
11830,Instituto Costarricense de Electricidad y Telecom.,CR,9,9,1,8,11.11111111111111,88.88888888888889
45400,Korea Telecom,KR,9,9,0,9,0.0,100.0
138296,Juweriyah Networks Private Limited,IN,9,9,0,9,0.0,100.0
138655,Trans World Enterprise Services (Private) Limited,PK,9,9,0,9,0.0,100.0
61592,FORTLINK INTERNET CORPORATIVA,BR,9,9,0,9,0.0,100.0
22541,MEGALINK S.R.L.,BO,9,9,0,9,0.0,100.0
206119,Veganet Teknolojileri ve Hizmetleri LTD STI,TR,9,9,0,9,0.0,100.0
62874,Web2Objects LLC,US,9,9,0,9,0.0,100.0
153185,Wang Dehong,CN,9,9,0,9,0.0,100.0
56391,VIRTUAL TELECOM SP. Z O.O.,PL,9,9,0,9,0.0,100.0
18041,Taiwan Digital Streaming Co.,TW,9,9,0,9,0.0,100.0
134835,Starry Network Limited,HK,8,9,0,9,0.0,100.0
22548,Núcleo de Informação e Coordenação do Ponto BR - NIC.BR,BR,8,9,0,9,0.0,100.0
266142,Bahiadados Telecom Ltda.,BR,7,9,0,9,0.0,100.0
15997,Intelligent Technologies S.A.,PL,7,9,0,9,0.0,100.0
4226,Sumofiber,US,7,9,0,9,0.0,100.0
29414,Politechnika Bialostocka,PL,11,9,0,9,0.0,100.0
264221,ONLINE NORTE TELECOM LTDA,BR,11,9,0,9,0.0,100.0
27843,WIN Empresas S.A.C,PE,8,9,0,9,0.0,100.0
27901,Pacifico Cable SPA.,CL,8,9,0,9,0.0,100.0
39923,Unix-Solutions BV,BE,7,9,1,8,11.11111111111111,88.88888888888889
271502,XyberNet Telecom,BR,10,9,0,9,0.0,100.0
269182,PLUGAR TELECOM,BR,10,9,0,9,0.0,100.0
35487,"Misaka Network, Inc.",US,10,9,0,9,0.0,100.0
27425,"IdeaTek Telcom, LLC",US,10,9,1,8,11.11111111111111,88.88888888888889
8615,"""Central Telegraph"" Public Joint-stock Company",RU,9,9,0,9,0.0,100.0
39040,NTS workspace AG,CH,9,9,9,0,100.0,0.0
210104,Timplus sp. z o.o.,PL,9,9,1,8,11.11111111111111,88.88888888888889
139831,DITO TELECOMMUNITY CORP.,PH,9,9,0,9,0.0,100.0
30081,CacheFly,US,9,9,0,8,0.0,88.88888888888889
59645,Tobias Fiebig,DE,9,9,6,3,66.66666666666666,33.33333333333333
267470,CX Pro,BR,10,9,0,9,0.0,100.0
12773,Meshnet ltd.,UA,9,9,0,9,0.0,100.0
28201,VALE NET,BR,9,9,0,9,0.0,100.0
12897,ENTEGA Medianet GmbH,DE,9,9,6,3,66.66666666666666,33.33333333333333
137526,Plusnet Inc,BD,9,9,0,9,0.0,100.0
31477,Duocast B.V.,NL,9,9,0,9,0.0,100.0
11259,Angola Telecom,AO,9,9,0,9,0.0,100.0
61696,DOMUS TELECOM,BR,9,9,0,9,0.0,100.0
61917,NETMAIS TELECOM,BR,9,9,0,9,0.0,100.0
37119,UNITEL SA,AO,9,9,0,9,0.0,100.0
36908,Vodacom Tanzania Ltd,TZ,9,9,0,9,0.0,100.0
3662,Joint Universities Computer Centre Limited,HK,9,9,0,9,0.0,100.0
211826,Istqrar for Servers Services Ltd,JO,9,9,0,9,0.0,100.0
13984,SD Data Center,US,9,9,0,9,0.0,100.0
211421,Asiatech Data Transmission company,IR,9,9,0,9,0.0,100.0
13979,"AT&T Enterprises, LLC",US,9,9,0,9,0.0,100.0
13855,"The Municipal Communications Utility of the City of Cedar Falls, Iowa",US,9,9,0,9,0.0,100.0
9123,"JSC ""TIMEWEB""",RU,9,9,0,9,0.0,100.0
20836,CDLAN SpA,IT,9,9,0,9,0.0,100.0
398704,STACKS INC,US,9,9,0,9,0.0,100.0
58269,CloudHosting SIA,LV,9,9,0,9,0.0,100.0
15962,Orange Slovensko a.s.,SK,9,9,0,9,0.0,100.0
58369,PT Fiber Networks Indonesia,ID,9,9,0,9,0.0,100.0
262288,Go In Tecnologia,BR,9,9,0,9,0.0,100.0
43541,VSHosting s.r.o.,CZ,9,9,9,0,100.0,0.0
132559,Gatik Business Solutions,IN,9,9,0,9,0.0,100.0
18712,Everfast Fiber Networks LLC,US,12,9,5,4,55.55555555555556,44.44444444444444
44843,MSS LLC.,RU,11,9,0,9,0.0,100.0
58307,UNITEL-MEDIA Sp. z o.o.,PL,11,9,0,9,0.0,100.0
14178,"Megacable Comunicaciones de Mexico, S.A. de C.V.",MX,8,9,0,9,0.0,100.0
41720,Revolution Provider S.r.l.,IT,12,9,3,6,33.33333333333333,66.66666666666666
262595,OnNet Telecomunicacoes LTDA,BR,8,9,0,9,0.0,100.0
43833,"OPEN CABLE TELECOMUNICACIONES, S.L.",ES,10,9,0,9,0.0,100.0
14713,Hosted Backbone,US,9,9,0,9,0.0,100.0
198385,AlpineDC SA,CH,9,9,6,3,66.66666666666666,33.33333333333333
43366,OSSO B.V.,NL,8,9,1,8,11.11111111111111,88.88888888888889
13259,Delta Telesystems Ltd.,RU,7,9,0,9,0.0,100.0
35266,EX Networks Limited,GB,7,9,0,8,0.0,88.88888888888889
8365,Man-da.de GmbH,DE,7,9,7,2,77.77777777777779,22.22222222222222
42385,"Join-stock company ""Internet Exchange""MSK-IX""",RU,5,9,0,9,0.0,100.0
20928,The Noor Group,EG,11,9,8,1,88.88888888888889,11.11111111111111
52251,NORTECH,AR,11,9,0,9,0.0,100.0
9211,Nawork Internet Informationssysteme GmbH,DE,7,9,0,9,0.0,100.0
31529,DENIC eG,DE,7,9,0,8,0.0,88.88888888888889
42649,Baffin Bay Networks AB,SE,6,9,1,8,11.11111111111111,88.88888888888889
200612,Gulf Bridge International Inc.,VG,6,9,0,8,0.0,88.88888888888889
13213,THG HOSTING LIMITED,GB,6,9,6,3,66.66666666666666,33.33333333333333
4628,Pacific Internet Pte Ltd,SG,5,9,0,9,0.0,100.0
45049,Mohamed El Bouddunti,BE,30,8,1,6,12.5,75.0
8893,Artfiles New Media GmbH,DE,5,8,3,4,37.5,50.0
34977,PROCONO S.A.,ES,6,8,0,8,0.0,100.0
50340,Selectel - Moscow,RU,6,8,4,4,50.0,50.0
28669,VERO S.A,BR,6,8,0,8,0.0,100.0
264216,Fenix Wireless Internet Ltda,BR,6,8,0,8,0.0,100.0
52988,PLENA TELECOM,BR,6,8,0,8,0.0,100.0
205941,Lungu Stefan Gabriel,RO,7,8,2,6,25.0,75.0
56987,ABACLOUDA SAS,FR,7,8,0,8,0.0,100.0
57695,"Misaka Network, Inc.",US,7,8,2,6,25.0,75.0
266284,Norte-Tel Telecomunicacoes LTDA,BR,8,8,1,7,12.5,87.5
132165,Connect Communications,PK,8,8,0,8,0.0,100.0
132876,Symphony Communication (Thailand) PCL.,TH,8,8,1,7,12.5,87.5
22689,SERCOMTEL S/A TELECOMUNICACOES,BR,8,8,1,7,12.5,87.5
60539,Huicast Telecom Limited,HK,8,8,0,8,0.0,100.0
10029,SHYAM SPECTRA PVT LTD,IN,8,8,0,8,0.0,100.0
57136,Viva Telecom SRL,RO,8,8,0,8,0.0,100.0
271493,SPEED NET PEDRA,BR,11,8,0,8,0.0,100.0
28624,Oops Internet,BR,8,8,0,8,0.0,100.0
396238,City of Fairlawn DBA FairlawnGig,US,8,8,0,8,0.0,100.0
41421,StarNet Telecom Sp. z o.o.,PL,8,8,0,8,0.0,100.0
327932,CONNECTIS-DATA ANGOLA LDA,AO,8,8,0,8,0.0,100.0
43623,Hessischer Rundfunk,DE,8,8,0,8,0.0,100.0
263087,Br Super / Rawnet Informatica LTDA,BR,7,8,0,8,0.0,100.0
24955,"JSC ""Ufanet""",RU,8,8,0,8,0.0,100.0
1741,CSC - Tieteen tietotekniikan keskus Oy,FI,8,8,8,0,100.0,0.0
28103,TECNOLOGIA EN ELECTRONICA E INFORMATICA SOCIEDAD ANONIMA (T.E.I.S.A),PY,8,8,0,8,0.0,100.0
27953,NODOSUD S.A,AR,8,8,1,7,12.5,87.5
57494,Adman LLC,RU,8,8,0,8,0.0,100.0
42000,Futruy s.r.o.,CZ,8,8,2,6,25.0,75.0
36992,Etisalat Egypt,EG,8,8,0,8,0.0,100.0
16724,WideOpenWest Finance LLC,US,8,8,0,8,0.0,100.0
198726,Wemaconnect GmbH,DE,8,8,0,8,0.0,100.0
13428,"Surf Air Wireless, LLC",US,8,8,7,1,87.5,12.5
13825,"Troy Cablevision, Inc.",US,8,8,0,8,0.0,100.0
9336,XYZ Telecom Pty Ltd,AU,8,8,0,8,0.0,100.0
8680,Sure (Guernsey) Limited,GB,8,8,0,8,0.0,100.0
209030,Kaspersky Lab AO,RU,8,8,0,8,0.0,100.0
16696,iTel Networks Inc,CA,8,8,0,8,0.0,100.0
401322,NetO Corp,US,8,8,2,6,25.0,75.0
3477,National Oceanic and Atmospheric Administration,US,8,8,0,8,0.0,100.0
17819,Equinix Asia Pacific,SG,8,8,0,8,0.0,100.0
34087,NTE TELEKOM AS,NO,8,8,0,8,0.0,100.0
49453,Global Layer B.V.,NL,8,8,0,8,0.0,100.0
1251,FUNDAÇÃO DE AMPARO À PESQUISA DO ESTADO SÃO PAULO,BR,10,8,0,8,0.0,100.0
266438,GNS FIBRA,BR,10,8,0,8,0.0,100.0
266201,VERO S.A,BR,10,8,0,8,0.0,100.0
263362,REDE SPEEDNET TELECOM LTDA,BR,7,8,0,8,0.0,100.0
262287,Latitude.sh LTDA,BR,8,8,3,5,37.5,62.5
262606,MICROTELL SCM LTDA,BR,8,8,0,8,0.0,100.0
201201,UAB Delska Lithuania,LT,8,8,0,8,0.0,100.0
14117,Telefonica del Sur S.A.,CL,8,8,0,8,0.0,100.0
197091,METROPORT Sp. z o.o.,PL,8,8,1,7,12.5,87.5
44407,Linkt SAS,FR,8,8,5,3,62.5,37.5
262352,NOVA TELECOM LTDA,BR,8,8,0,8,0.0,100.0
151210,NEXGENET COMPANY LIMITED,MM,8,8,2,6,25.0,75.0
262417,UltraTelecom Provedora de Internet,BR,8,8,2,6,25.0,75.0
17511,OPTAGE Inc.,JP,8,8,0,8,0.0,100.0
28840,"PJSC ""TATTELECOM""",RU,8,8,0,8,0.0,100.0
13045,htp GmbH,DE,8,8,8,0,100.0,0.0
262526,AVATO TECNOLOGIA S.A,BR,7,8,0,8,0.0,100.0
53107,EVEO Serviços de Internet Ltda.,BR,7,8,0,8,0.0,100.0
23969,TOT Public Company Limited,TH,8,8,3,5,37.5,62.5
38320,PT Maxindo Mitra Solusi,ID,8,8,0,8,0.0,100.0
149240,Megatel Networks Private Limited,IN,8,8,0,8,0.0,100.0
18616,"Natural Wireless, LLC",US,8,8,3,5,37.5,62.5
12676,HKN GmbH,DE,8,8,6,2,75.0,25.0
12778,"MEGA M, d.o.o.",SI,8,8,4,4,50.0,50.0
265393,FIRENET SERVIÇOS DE TELECOMUNICAÇÕES LTDA,BR,8,8,0,8,0.0,100.0
329109,Zoodlabs(SL) Limited,SL,8,8,8,0,100.0,0.0
45758,Triple T Broadband Public Company Limited,TH,8,8,1,7,12.5,87.5
36884,Wana Corporate,MA,8,8,8,0,100.0,0.0
51202,NUXOA GmbH,DE,8,8,0,8,0.0,100.0
215172,JIANYUELAB LTD,GB,7,8,0,8,0.0,100.0
266302,RENOVENET TELECOMUNICACOES LTDA - ME,BR,10,8,0,8,0.0,100.0
43440,Digitale Suisse AG,CH,9,8,2,6,25.0,75.0
7604,Zettagrid Pty Ltd,AU,9,8,0,8,0.0,100.0
269553,REDE ONLINE INTERNET LTDA,BR,9,8,0,8,0.0,100.0
43811,"Telia Lietuva, AB",LT,9,8,0,8,0.0,100.0
265175,Amplitude Telecom,BR,9,8,0,8,0.0,100.0
8323,Academic Computer Centre CYFRONET AGH,PL,9,8,0,8,0.0,100.0
29492,EIDSIVA DIGITAL AS,NO,9,8,0,8,0.0,100.0
24499,Telenor Pakistan,PK,9,8,0,8,0.0,100.0
38930,LeaseWeb (fiberring),NL,9,8,0,8,0.0,100.0
267121,ATPlus Telecom,BR,7,8,0,8,0.0,100.0
199020,AVANT Ltd.,RU,8,8,0,8,0.0,100.0
39572,DataWeb Global Group B.V.,NL,8,8,0,8,0.0,100.0
8560,IONOS SE,DE,8,8,5,3,62.5,37.5
10913,Unitas Global,US,8,8,0,8,0.0,100.0
6503,"Axtel, S.A.B. de C.V.",MX,8,8,2,6,25.0,75.0
140330,CHINATELECOM Fujian province Xiamen 5G network,CN,8,8,0,8,0.0,100.0
262505,N4 Telecomunicacoes LTDA - ME,BR,8,8,0,8,0.0,100.0
60439,SERVERNET INTERNET LIMITED,GB,8,8,0,8,0.0,100.0
34251,LLC IMC,UA,7,8,0,8,0.0,100.0
22335,Metropolitan Research and Education Network,US,8,8,2,6,25.0,75.0
6713,Maroc Telecom,MA,8,8,4,4,50.0,50.0
41722,Miran Ltd.,RU,8,8,0,8,0.0,100.0
5398,Internet one SRL,IT,8,8,1,7,12.5,87.5
5742,Fidium,US,8,8,0,8,0.0,100.0
5416,BEYON B.S.C.,BH,8,8,0,7,0.0,87.5
263553,GIGANET SERVIÇOS DE INTERNET -LTDA,BR,8,8,0,8,0.0,100.0
29014,ScaleUp Technologies GmbH & Co. KG,DE,8,8,0,8,0.0,100.0
24122,BDCOM Online Limited,BD,8,8,0,8,0.0,100.0
9293,NTT Com Asia Limited,HK,8,8,0,8,0.0,100.0
58243,TELE AG,DE,8,8,1,7,12.5,87.5
745,Air Force Systems Networking,US,8,8,0,8,0.0,100.0
5631,Telcom Networks Limited,GB,8,8,0,8,0.0,100.0
17917,Quadrant Televentures Limited,IN,8,8,0,8,0.0,100.0
271023,TERA SOLUCOES,BR,9,8,0,8,0.0,100.0
153870,XEONFIBER TECHNOLOGY PRIVATE LIMITED,IN,9,8,0,8,0.0,100.0
52941,SPACE NETWORK,BR,10,8,0,8,0.0,100.0
26073,"Cofractal, Inc.",US,8,8,0,8,0.0,100.0
16524,MetTel,US,8,8,0,8,0.0,100.0
34170,Aztelekom LLC,AZ,8,8,0,7,0.0,87.5
51722,PIXOOF TEKNOLOJI ANONIM SIRKETI,TR,8,8,0,8,0.0,100.0
50241,Unittel Ltd,RU,8,8,0,8,0.0,100.0
204490,Kontel LLC,RU,8,8,0,8,0.0,100.0
204457,Atlantis Telekomunikasyon Bilisim Hizmetleri San. ve Tic. Ltd. Sti.,TR,8,8,0,7,0.0,87.5
56030,Voyager Internet Ltd.,NZ,8,8,0,8,0.0,100.0
42910,PremierDC Veri Merkezi Anonim Sirketi,TR,8,8,0,8,0.0,100.0
19782,Indiana University (GigaPOP),US,8,8,0,8,0.0,100.0
12179,Unitas Global,US,8,8,0,8,0.0,100.0
51500,Servisnet Ltd.,UA,8,8,0,8,0.0,100.0
52579,TELLIUS & ALLNET TELECOMUNICAÇÕES DAS AMÉRICAS,BR,8,8,0,8,0.0,100.0
20912,Panservice s.a.s. di Cuseo Fabrizio & C.,IT,9,8,7,1,87.5,12.5
23889,Mauritius Telecom Ltd,MU,9,8,0,8,0.0,100.0
50973,Vodafone Albania Sh.A.,AL,9,8,5,3,62.5,37.5
48464,Futuro Exito Sp. z o.o.,PL,9,8,0,8,0.0,100.0
273133,CONEX TV E.I.R.L.,PE,9,8,0,8,0.0,100.0
269311,DNET BRASIL LTDA,BR,9,8,0,8,0.0,100.0
60501,Sirius Technology SRL,IT,9,8,0,8,0.0,100.0
13293,"Institute of Bioorganic Chemistry Polish Academy of Science, Poznan Supercomputing and Networking Center",PL,9,8,0,8,0.0,100.0
207187,"TKR Jasek, s.r.o.",CZ,8,8,8,0,100.0,0.0
48642,K TELECOM LLC,RU,8,8,0,8,0.0,100.0
263801,LINKEAR SRL,AR,8,8,0,8,0.0,100.0
14263,South Dakota State Government,US,8,8,3,5,37.5,62.5
2572,Missouri Research and Education Network (MOREnet),US,8,8,0,8,0.0,100.0
10733,"SBA EDGE BRASIL INTERNET, LTDA",BR,8,8,0,8,0.0,100.0
11090,"Matanuska Telecom Association, Incorporated",US,8,8,1,7,12.5,87.5
37440,Airtel Malawi Ltd,MW,8,8,0,8,0.0,100.0
31126,SODETEL S.A.L.,LB,8,8,0,8,0.0,100.0
6315,"XMission, L.C.",US,8,8,3,5,37.5,62.5
262300,SUPER CONNECT TELECOM LTDA,BR,7,8,0,8,0.0,100.0
198967,BITel Gesellschaft fuer Telekommunikation mbH,DE,7,8,0,8,0.0,100.0
48161,NEXTGEN COMMUNICATIONS SRL,RO,10,8,0,8,0.0,100.0
267708,SP SISTEMAS PALACIOS LTDA,CO,8,8,0,8,0.0,100.0
48408,Localitel bvba,BE,8,8,0,8,0.0,100.0
30764,PODA a.s.,CZ,8,8,8,0,100.0,0.0
23750,GERRYS INFORMATION TECHNOLOGY PVT LTD.,PK,8,8,0,8,0.0,100.0
21500,"Scientific Production Enterprise ""Technaukservice"" Ltd",UA,8,8,0,8,0.0,100.0
204844,NCSE NETWORK LTD,GB,8,8,0,8,0.0,100.0
200019,ALEXHOST SRL,MD,8,8,1,7,12.5,87.5
134555,Encoo Pty Ltd,AU,8,8,0,8,0.0,100.0
12180,Unitas Global,US,8,8,0,8,0.0,100.0
1321,Verizon Business,US,8,8,0,8,0.0,100.0
266214,UTIL PROVEDOR DE INTERNET LTDA - ME,BR,8,8,0,8,0.0,100.0
12360,KEVAG Telekom GmbH,DE,8,8,6,2,75.0,25.0
12332,PJSC Rostelecom,RU,8,8,0,8,0.0,100.0
50073,Webcraft Found LLC,UA,8,8,0,8,0.0,100.0
49102,Connected sp. z o. o.,PL,8,8,7,1,87.5,12.5
49028,D-LAKE SAS,FR,8,8,0,8,0.0,100.0
328605,MUYA FIBRE CONSTRUCTION LTD,SS,8,8,0,8,0.0,100.0
58807,China Mobile International Limited,HK,8,8,0,8,0.0,100.0
58923,InterCloud ltd,BD,8,8,0,8,0.0,100.0
29205,VERCOM S.A.,PL,8,8,0,8,0.0,100.0
22874,HIGH DATA CONNECTION LLC,US,8,8,0,8,0.0,100.0
6147,INTEGRATEL PERÚ S.A.A.,PE,8,8,6,2,75.0,25.0
3920,PUSHPKT OU,EE,5,7,0,7,0.0,100.0
266771,MAKRONET CONSULTING TECNOLOGIA E INFORMATICA LIMITADA,CL,14,7,0,7,0.0,100.0
395567,"dcBLOX, Inc.",US,8,7,0,7,0.0,100.0
266428,World Net Brasil,BR,8,7,0,7,0.0,100.0
8342,JSC RTComm.RU,RU,8,7,0,7,0.0,100.0
33654,"Comcast Cable Communications, LLC",US,8,7,1,6,14.285714285714285,85.71428571428571
267059,NETVIP MT,BR,8,7,0,7,0.0,100.0
264592,ENLACE TELECOM,BR,8,7,0,7,0.0,100.0
10798,The Standard Bank of South Africa (Proprietary) Limited,ZA,11,7,0,7,0.0,100.0
48326,DataNetworks s.r.o.,SK,8,7,2,5,28.57142857142857,71.42857142857143
215467,Skhron OU,EE,8,7,3,4,42.857142857142854,57.14285714285714
401753,BIXCE Inc,VG,12,7,1,6,14.285714285714285,85.71428571428571
8728,AS INFONET,EE,8,7,6,1,85.71428571428571,14.285714285714285
52564,Biazi Telecom,BR,5,7,0,7,0.0,100.0
22299,GCR Company/GCR Online,US,6,7,1,6,14.285714285714285,85.71428571428571
264329,ESTRATEGIA REDES DE TELECOMUNICACOES LTDA.,BR,6,7,0,7,0.0,100.0
263478,DUFIBRANET TELECOM LTDA,BR,6,7,1,6,14.285714285714285,85.71428571428571
138415,Yancy Limited,HK,6,7,0,7,0.0,100.0
19366,Fibertown Data Centers,US,7,7,0,7,0.0,100.0
2,University of Delaware,US,7,7,1,6,14.285714285714285,85.71428571428571
23486,Foremost Telecommunications,US,7,7,0,7,0.0,100.0
212683,Olilo UK & Ireland Ltd,GB,7,7,0,7,0.0,100.0
198279,Albanian Telecommunications Union SH. P.K.,AL,7,7,0,7,0.0,100.0
34547,TELESMART TELEKOM DOO,MK,7,7,0,7,0.0,100.0
208592,"LLC ""NET SOLUTIONS""",TJ,7,7,0,7,0.0,100.0
49612,DDOS-GUARD LTD,RU,7,7,0,7,0.0,100.0
17882,UNIVISION LLC,MN,7,7,0,7,0.0,100.0
266337,CLIC FÁCIL PROVEDOR,BR,7,7,0,7,0.0,100.0
34858,Telezon-Seti LLC,RU,7,7,0,7,0.0,100.0
18046,DongFong Technology Co. Ltd.,TW,7,7,0,7,0.0,100.0
29170,Kujtesa Net Sh.p.k.,AL,7,7,0,7,0.0,100.0
5693,"Latisys-Irvine, LLC",US,7,7,0,7,0.0,100.0
41435,UnderNet LLC,UA,8,7,0,7,0.0,100.0
60695,NETRONIK sp. z o.o.,PL,6,7,0,7,0.0,100.0
207594,Connectivia S.r.l,IT,6,7,5,2,71.42857142857143,28.57142857142857
263151,CONECT TELECOM,BR,6,7,0,7,0.0,100.0
5690,Vianet Inc.,CA,7,7,0,7,0.0,100.0
8636,MAXnet Systems Ltd.,RU,7,7,0,7,0.0,100.0
52657,GBS NET,BR,7,7,0,7,0.0,100.0
59589,LLC KA-2,RU,8,7,0,7,0.0,100.0
39216,AL-SARD FIBER Co.,IQ,7,7,0,7,0.0,100.0
22792,MOUNTAINET,US,7,7,0,7,0.0,100.0
131314,CBC Tech International Limited,HK,7,7,0,7,0.0,100.0
266166,GLOBALNET SERVICOS E INFORMATICA LTDA-ME,BR,7,7,0,7,0.0,100.0
8245,Video-Broadcast GmbH,AT,7,7,0,7,0.0,100.0
33353,Sony Interactive Entertainment LLC,US,7,7,0,7,0.0,100.0
64300,PT Jaringanku Sarana Nusantara,ID,6,7,0,7,0.0,100.0
142373,PT Multi Network Indonesia,ID,6,7,0,7,0.0,100.0
328333,Fixed Mobile Telecommunications (Pty) LTD,ZA,15,7,0,7,0.0,100.0
52862,Redenilf Serviços de Telecomunicações Ltda,BR,16,7,0,7,0.0,100.0
199829,Akronic Network LTDA,BR,5,7,0,7,0.0,100.0
58955,"Bangmod Enterprise Co., Ltd.",TH,7,7,0,7,0.0,100.0
141514,Sancfil Technologies Internet Services Pvt.Ltd,IN,7,7,0,7,0.0,100.0
16143,OOO NIIR-RadioNet,RU,7,7,0,7,0.0,100.0
45642,Jasmine International Tower,TH,11,7,0,7,0.0,100.0
38880,Micron21 Datacentre Pty Ltd,AU,7,7,0,7,0.0,100.0
45014,Nuco Technologies Ltd,GB,7,7,4,2,57.14285714285714,28.57142857142857
44050,Petersburg Internet Network ltd.,RU,7,7,0,7,0.0,100.0
6802,Bulgarian Research and Education Network Association (BREN),BG,7,7,0,7,0.0,100.0
134316,IAXN Telecom Pvt. Ltd.,IN,7,7,0,7,0.0,100.0
8285,Versija SIA,LV,7,7,0,7,0.0,100.0
15605,Connesi S.p.A.,IT,7,7,4,3,57.14285714285714,42.857142857142854
20255,Tecnowind S.A.,UY,7,7,7,0,100.0,0.0
61622,VIA MS SOLUCOES DIGITAIS,BR,6,7,0,7,0.0,100.0
53048,CTE TELECOM,BR,6,7,0,7,0.0,100.0
2018,TENET (The UNINET Project),ZA,6,7,5,2,71.42857142857143,28.57142857142857
52838,WN TELECOM LTDA - ME,BR,6,7,4,3,57.14285714285714,42.857142857142854
38511,PT Remala Abadi Tbk,ID,7,7,0,7,0.0,100.0
48159,Telecommunication Infrastructure Company,IR,7,7,0,7,0.0,100.0
13333,Fidium,US,7,7,0,7,0.0,100.0
13119,"Zachodniopomorski Uniwersytet Technologiczny w Szczecinie, Akademickie Centrum Informatyki",PL,8,7,0,7,0.0,100.0
25577,MAINFRAME & CYBERNETIC SYSTEMS LIMITED,GB,8,7,0,7,0.0,100.0
20847,Previder B.V.,NL,8,7,0,7,0.0,100.0
16284,Inq. Digital Nigeria,NG,8,7,0,7,0.0,100.0
38220,Amaze Intelligence,AU,7,7,0,7,0.0,100.0
46844,Sharktech,US,7,7,4,3,57.14285714285714,42.857142857142854
51559,Netinternet Bilisim Teknolojileri AS,TR,7,7,4,3,57.14285714285714,42.857142857142854
205112,PHILUNET GmbH,DE,7,7,1,6,14.285714285714285,85.71428571428571
34525,KOBA Sp. z o.o.,PL,7,7,0,7,0.0,100.0
34700,"Maxnet Telecom, LTD",UA,7,7,0,7,0.0,100.0
16552,Tiggee LLC,US,7,7,0,6,0.0,85.71428571428571
53486,Niagara Regional Broadband Networks Limited,CA,7,7,5,2,71.42857142857143,28.57142857142857
264778,TotalCom Venezuela C.A.,VE,7,7,0,7,0.0,100.0
45158,TASMANET,AU,7,7,0,7,0.0,100.0
59624,"National Research Center ""Kurchatov Institute""",RU,7,7,0,7,0.0,100.0
327727,C-Squared Limited,UG,7,7,1,6,14.285714285714285,85.71428571428571
7562,HCN Dongjak,KR,7,7,0,7,0.0,100.0
399989,ULTRA ONE,US,7,7,0,7,0.0,100.0
53169,Tche Turbo Provedor de Internet LTDA,BR,7,7,0,7,0.0,100.0
53153,CINTE Telecom Comercio e Servicos Ltda.,BR,7,7,1,6,14.285714285714285,85.71428571428571
17727,PT NAP Info Lintas Nusa,ID,7,7,0,7,0.0,100.0
48695,Etihad GO Company For communications,SA,7,7,0,7,0.0,100.0
138322,Afghan Wireless Communication Company,AF,7,7,0,7,0.0,100.0
11269,LinkBermuda LTD,BM,7,7,0,7,0.0,100.0
3243,MEO,PT,7,7,0,7,0.0,100.0
197394,CJSC Telecommunications 21,RU,7,7,0,7,0.0,100.0
3580,Planet Networks,US,7,7,1,6,14.285714285714285,85.71428571428571
50020,CETIN Bulgaria EAD,BG,7,7,0,7,0.0,100.0
139967,PT Yasmin Amanah Media,ID,7,7,0,7,0.0,100.0
5429,"Telecommunications center UMOS, LLC",RU,7,7,0,7,0.0,100.0
22302,"INOC, LLC",US,7,7,6,1,85.71428571428571,14.285714285714285
400304,Redoubt Networks (Crunchbits),US,8,7,4,3,57.14285714285714,42.857142857142854
262197,MILLICOM CABLE COSTA RICA S.A.,CR,7,7,0,7,0.0,100.0
17645,NTT Singapore Pte Ltd,SG,7,7,0,7,0.0,100.0
204028,Dolphin IT-Systeme e.K.,DE,7,7,0,7,0.0,100.0
200461,Ian David Klemm,DE,7,7,0,7,0.0,100.0
20900,IMS Networks SAS,FR,7,7,0,7,0.0,100.0
20932,Services Industriels de Geneve,CH,7,7,0,7,0.0,100.0
3855,Logic Communications Ltd,BM,7,7,1,6,14.285714285714285,85.71428571428571
23089,Hotwire Communications,US,7,7,0,7,0.0,100.0
394625,WhiteLabel IT Solutions Corp,US,7,7,1,6,14.285714285714285,85.71428571428571
50867,HOSTKEY B.V.,NL,7,7,0,7,0.0,100.0
3360,DXC US Latin America Corporation,US,7,7,0,7,0.0,100.0
142360,PT Internet Mulia Untuk Negeri,ID,7,7,3,4,42.857142857142854,57.14285714285714
203329,NTT Global Data Centers EMEA GmbH,DE,7,7,0,7,0.0,100.0
42689,Glide Student & Residential Limited,GB,7,7,1,6,14.285714285714285,85.71428571428571
51945,Enlink Ltd,GB,7,7,0,7,0.0,100.0
35467,DDFR IT Infra & Security B.V.,NL,7,7,6,1,85.71428571428571,14.285714285714285
57795,NG-BLU Networks B.V.,NL,7,7,7,0,100.0,0.0
37693,OOREDOO TUNISIE SA,TN,7,7,0,7,0.0,100.0
60757,Optinet LLP,KZ,7,7,0,7,0.0,100.0
13101,TNG Stadtnetz GmbH,DE,7,7,6,1,85.71428571428571,14.285714285714285
25106,Mobile TeleSystems JLLC,BY,7,7,6,1,85.71428571428571,14.285714285714285
61157,PlusServer GmbH,DE,7,7,0,7,0.0,100.0
37447,ORANGE RDC,CD,7,7,0,7,0.0,100.0
28849,JSC GLOBALONEBEL,BY,7,7,0,7,0.0,100.0
28773,Global Technologies of Ukraine LLC,UA,7,7,1,6,14.285714285714285,85.71428571428571
28685,Routit BV,NL,7,7,6,1,85.71428571428571,14.285714285714285
4725,SoftBank Corp.,JP,7,7,6,1,85.71428571428571,14.285714285714285
8369,Intersvyaz-2 JSC,RU,7,7,0,7,0.0,100.0
266757,SATELITAL TELECOMUNICACIONES S.A.C,PE,7,7,0,7,0.0,100.0
50245,Serverel Inc.,US,7,7,0,7,0.0,100.0
23991,Ranks ITT Ltd.,BD,7,7,0,7,0.0,100.0
269832,MDS TELECOM C.A.,VE,7,7,0,7,0.0,100.0
11081,United Telecommunication Services (UTS),CW,7,7,0,7,0.0,100.0
2544,King County Gov,US,7,7,0,7,0.0,100.0
37236,Reflex Solutions,ZA,7,7,0,7,0.0,100.0
62365,SachsenGigaBit GmbH,DE,7,7,0,7,0.0,100.0
27523,Kawaii Networks LLC,US,7,7,0,7,0.0,100.0
263625,NEW WORLD PONTO COM INFORMATICA LTDA - ME,BR,10,7,0,7,0.0,100.0
22442,"Phonoscope, Inc.",US,10,7,4,3,57.14285714285714,42.857142857142854
6739,"VODAFONE ONO, S.A.",ES,7,7,7,0,100.0,0.0
12993,Delska Latvia,LV,7,7,0,7,0.0,100.0
14016,Capcon Networks,US,7,7,0,7,0.0,100.0
57629,LLC IVI.RU,RU,7,7,0,7,0.0,100.0
41378,Kirino LLC,US,7,7,0,7,0.0,100.0
51043,Aspire Technology Solutions Ltd,GB,7,7,5,2,71.42857142857143,28.57142857142857
401661,"EMBNEX, LLC",US,5,7,0,7,0.0,100.0
34304,Teen Telecom SRL,RO,5,7,0,7,0.0,100.0
47957,Worldline IGSA SA,FR,7,7,0,7,0.0,100.0
48200,Opteamax GmbH,DE,7,7,3,4,42.857142857142854,57.14285714285714
9208,WIN S.A.,BE,7,7,0,7,0.0,100.0
11403,NYI,US,7,7,0,7,0.0,100.0
36926,Airtel Networks Kenya Limited,KE,7,7,0,7,0.0,100.0
136308,Deenet Networks Private Limited,IN,7,7,7,0,100.0,0.0
196714,Thueringer Netkom GmbH,DE,7,7,0,7,0.0,100.0
212635,Jurrian van Iersel,NL,7,7,0,7,0.0,100.0
19653,CTS Communications Corp,US,7,7,0,7,0.0,100.0
41692,OpenCarrier eG,DE,7,7,0,6,0.0,85.71428571428571
37133,Airtel Tanzania,TZ,7,7,0,7,0.0,100.0
31727,Node4 Limited,GB,7,7,0,7,0.0,100.0
152131,ILEAD NETWORK CORPORATION,PH,7,7,0,7,0.0,100.0
154410,Marshall Telecom Ltd,MH,7,7,0,7,0.0,100.0
42541,Fiberby ApS,DK,7,7,7,0,100.0,0.0
44327,DELTA COMM LLC,GE,7,7,0,7,0.0,100.0
53005,REDE CONNECT TELECOMUNICACOES LTDA,BR,7,7,0,7,0.0,100.0
42291,OOO Istranet,RU,7,7,0,7,0.0,100.0
56382,vServer.site LTD,GB,7,7,1,5,14.285714285714285,71.42857142857143
396993,Soraxus Networks Inc.,CA,7,7,5,2,71.42857142857143,28.57142857142857
43561,Vivacom Bulgaria EAD,BG,7,7,0,7,0.0,100.0
23248,Paducah Power System,US,7,7,0,7,0.0,100.0
23158,"ETEX COMMUNICATIONS, LLC",US,7,7,7,0,100.0,0.0
134196,"ANYUN INTERNET TECHNOLOGY (HK) CO.,LIMITED",HK,6,7,1,6,14.285714285714285,85.71428571428571
50124,EASIO-COM SASU,FR,6,7,2,5,28.57142857142857,71.42857142857143
9927,PhilCom Corporation,PH,6,7,0,7,0.0,100.0
52404,CABASE Camara Arg de Base de Datos y Serv en Linea,AR,5,7,0,7,0.0,100.0
265937,Alianca TecnoinfoLtda,BR,5,7,0,7,0.0,100.0
196922,Hofmeir Media GmbH,DE,5,7,0,6,0.0,85.71428571428571
11340,Red Universitaria Nacional,CL,5,6,0,6,0.0,100.0
22987,BrightRidge,US,5,6,0,6,0.0,100.0
15699,"Adam EcoTech, S.A",ES,5,6,0,6,0.0,100.0
265949,INFO TELECOM INTERNET LTDA,BR,5,6,0,6,0.0,100.0
6421,TATA COMMUNICATIONS (AMERICA) INC,US,5,6,1,5,16.666666666666664,83.33333333333334
28178,Nwi Telecom / Networld LTDA,BR,5,6,0,6,0.0,100.0
262317,ROS Telecom,BR,5,6,0,6,0.0,100.0
137967,Digicon Telecommunication Ltd,BD,5,6,0,6,0.0,100.0
137331,PT Cloud Teknologi Nusantara,ID,5,6,0,6,0.0,100.0
28294,GIGA MAIS FIBRA TELECOMUNICACOES S.A.,BR,5,6,0,6,0.0,100.0
28326,Total Telecom LTDA-ME,BR,5,6,0,6,0.0,100.0
265135,TC NET,BR,5,6,0,6,0.0,100.0
45582,D-Atum Vilcom Pvt Ltd,IN,5,6,0,6,0.0,100.0
139922,DISH MEDIA NETWORK PUBLIC LIMITED,NP,6,6,0,6,0.0,100.0
29863,"Latisys-Denver, LLC",US,6,6,0,6,0.0,100.0
37179,Africa Independent Network Exchange (Pty) LTD (AfricaINX),ZA,15,6,0,6,0.0,100.0
58965,ANJANI BROADBAND SOLUTIONS PVT.LTD.,IN,6,6,0,6,0.0,100.0
140481,PT Tonggak Teknologi Netikom,ID,6,6,0,6,0.0,100.0
263324,Net&Com Serviços de Informática e Telecomunicações,BR,6,6,0,6,0.0,100.0
5009,REV,US,6,6,0,6,0.0,100.0
264567,Loop Fibra,BR,6,6,0,6,0.0,100.0
58779,i4HK Limited,HK,6,6,0,6,0.0,100.0
39791,"Telco Pro Services, a. s.",CZ,6,6,4,2,66.66666666666666,33.33333333333333
43957,WNT Telecommunication GmbH,AT,6,6,6,0,100.0,0.0
44355,Colocation Ltd,GB,6,6,0,6,0.0,100.0
8648,dogado GmbH,DE,6,6,1,5,16.666666666666664,83.33333333333334
25818,cmcnetworks,ZA,6,6,0,6,0.0,100.0
399870,BYNARIUM LLC,US,6,6,0,6,0.0,100.0
212514,SpanningNetworks AS,NO,6,6,0,6,0.0,100.0
46562,Performive LLC,US,6,6,5,1,83.33333333333334,16.666666666666664
44383,"KP ""CIC"" Kharkov",UA,7,6,0,6,0.0,100.0
265192,Nova MNet,BR,7,6,0,6,0.0,100.0
137969,HONG KONG BRIDGE INFO-TECH LIMITED,HK,7,6,0,6,0.0,100.0
268042,Velonic / JET NET COMUNICACAO LTDA,BR,7,6,0,6,0.0,100.0
15626,GREEN FLOID LLC,US,5,6,0,6,0.0,100.0
6597,Coloblox Data Centers Inc,US,5,6,1,5,16.666666666666664,83.33333333333334
13189,Liden Data Internetwork AB,SE,5,6,0,6,0.0,100.0
52842,FUSAONET COMUNICAÇÃO E INFORMATICA LTDA,BR,5,6,0,6,0.0,100.0
207167,mapnet IT services s.r.o.,CZ,7,6,0,6,0.0,100.0
31208,PJSC MegaFon,RU,7,6,0,6,0.0,100.0
15702,euNetworks GmbH,DE,7,6,0,6,0.0,100.0
51519,Karabro AB,SE,7,6,3,3,50.0,50.0
268512,VOO TELECOM,BR,7,6,0,6,0.0,100.0
140224,Nebula Global LLC,US,5,6,0,6,0.0,100.0
35196,FIRST SERVER LIMITED,GB,7,6,0,6,0.0,100.0
50113,FIRST SERVER LIMITED,GB,7,6,1,5,16.666666666666664,83.33333333333334
33991,Igra-Service LLC,RU,7,6,0,6,0.0,100.0
153174,Aioni Digital and Data Solutions Inc.,PH,6,6,0,6,0.0,100.0
44381,ITsjefen AS,NO,6,6,0,6,0.0,100.0
57118,CommunityRack.org Verein,CH,6,6,0,6,0.0,100.0
271578,Linkmar Telecom,BR,6,6,0,6,0.0,100.0
43513,Sia Nano IT,LV,6,6,0,6,0.0,100.0
131642,"Pittqiao Network Information Co.,Ltd.",TW,6,6,0,6,0.0,100.0
34602,MEGASVYAZ LLC,RU,6,6,0,6,0.0,100.0
213220,Datacheap.ru (Delta Ltd),RU,6,6,0,6,0.0,100.0
29152,Decknet SARL,FR,6,6,4,2,66.66666666666666,33.33333333333333
264517,GM NETWORK TELECOMUNICACOES LTDA - ME,BR,6,6,0,6,0.0,100.0
45194,Syscon Infoway Pvt. Ltd.,IN,6,6,0,6,0.0,100.0
53163,CONID - Companhia Naciona para Inclusão Digital,BR,6,6,0,6,0.0,100.0
21150,Atos Information Technology GmbH,DE,6,6,0,6,0.0,100.0
14363,"MTC Communications, Inc.",US,7,6,1,5,16.666666666666664,83.33333333333334
28666,HostLocation Ltda,BR,8,6,2,4,33.33333333333333,66.66666666666666
262517,NIQTURBO PIMENTEL E MOREIRA LTDA,BR,7,6,0,6,0.0,100.0
20394,Rainier Connect,US,5,6,1,5,16.666666666666664,83.33333333333334
17675,"PacketFabric (Japan) Co., Ltd.",JP,5,6,0,6,0.0,100.0
262731,CTINET SOLUCOES EM CONECTIVIDADE E INFORMATICA LTD,BR,6,6,0,6,0.0,100.0
397373,H4Y Technologies LLC,US,6,6,3,3,50.0,50.0
20161,TeraGo Networks Inc.,CA,6,6,0,6,0.0,100.0
132148,HORIZON TELECOM INTERNATIONAL COMPANY LIMITED,MM,6,6,0,6,0.0,100.0
132072,Anycast Access,AU,6,6,0,6,0.0,100.0
47123,TI Sparkle Turkey Telekomunukasyon A.S,TR,6,6,0,6,0.0,100.0
12329,GLASFASER RUHR GmbH & Co. KG,DE,6,6,1,5,16.666666666666664,83.33333333333334
12480,ILK Internet Gmbh,DE,6,6,6,0,100.0,0.0
14615,"Comporium, Inc",US,6,6,6,0,100.0,0.0
26617,Navega.com S.A.,GT,6,6,0,6,0.0,100.0
141126,PT Cubiespot Pilar Data Nusantara,ID,6,6,0,6,0.0,100.0
137207,Joint Universities Computer Centre Limited,HK,6,6,0,6,0.0,100.0
395846,"Direct Communications Rockland, Inc",US,6,6,0,6,0.0,100.0
395662,"OzarksGo, LLC",US,6,6,0,6,0.0,100.0
265465,JJVA Provedor de Internet ME LTDA,BR,6,6,0,6,0.0,100.0
21472,ServerHouse Ltd,GB,6,6,0,6,0.0,100.0
1733,United States Department of Defense (DoD),US,6,6,0,6,0.0,100.0
44486,"Oliver Horscht is trading as ""SYNLINQ""",DE,6,6,4,2,66.66666666666666,33.33333333333333
264129,FLIP TELECOMUNICACOES LTDA,BR,6,6,0,6,0.0,100.0
18186,Nebula Global LLC,US,6,6,0,6,0.0,100.0
36866,Jamii Telecommunications Limited,KE,6,6,0,6,0.0,100.0
61851,Garra Telecom Ltda,BR,6,6,0,6,0.0,100.0
47887,AL-HADATHEH LIL-ITISALAT WA AL-TECHNOLOGIA CO.,JO,6,6,0,6,0.0,100.0
9158,Telenor A/S,DK,6,6,6,0,100.0,0.0
28191,Jupiter Telecomunicacoes e Informatica Ltda,BR,6,6,0,6,0.0,100.0
12732,GutCon GmbH,DE,6,6,0,6,0.0,100.0
61955,ColocationIX GmbH,DE,6,6,0,6,0.0,100.0
62443,Nicolas VUILLERMET,FR,6,6,0,6,0.0,100.0
12883,"PRIVATE JOINT-STOCK COMPANY ""FARLEP-INVEST""",UA,6,6,0,6,0.0,100.0
264159,Inexa Tecnologia LTDA.,BR,6,6,0,6,0.0,100.0
47440,"BUSINESS SYSTEM TELEHOUSE, OOO",RU,6,6,0,6,0.0,100.0
28545,Cablemas Telecomunicaciones SA de CV,MX,6,6,0,6,0.0,100.0
28760,Infotech EDV-Systeme GmbH,AT,6,6,1,5,16.666666666666664,83.33333333333334
138311,Limerick Technologies Pvt Ltd,IN,6,6,0,6,0.0,100.0
61591,WESTLINK TECNOLOGIA E COMUNICACAO LTDA. - ME,BR,6,6,0,6,0.0,100.0
263270,CONECTA FIBRA LTDA,BR,6,6,0,6,0.0,100.0
262434,WIIP TELECOM SERVIÇOS DE INTERNET LTDA,BR,6,6,0,6,0.0,100.0
262424,InterSoft Internet Software EIRELI,BR,6,6,0,6,0.0,100.0
28876,suec // dacor GmbH,DE,6,6,0,6,0.0,100.0
41564,Orion Network Limited,GB,6,6,0,6,0.0,100.0
44682,SIL-MIRO COM SRL,RO,6,6,0,6,0.0,100.0
264215,W FIBRA TELECOM LTDA,BR,6,6,0,6,0.0,100.0
48011,Turunc Smart Bilgisayar Teknoloji Ve Dis Ticaret Limited Sirketi,TR,6,6,0,6,0.0,100.0
47962,SECURE ON SECURITY SYSTEMS LTD,IL,6,6,0,6,0.0,100.0
25084,Politechnika Czestochowska,PL,6,6,0,6,0.0,100.0
265078,JHS TELECOMUNICAÇOES LTDA,BR,6,6,0,6,0.0,100.0
15589,Retelit Digital Services S.p.A.,IT,6,6,0,6,0.0,100.0
37075,Airtel Uganda Limited,UG,6,6,0,6,0.0,100.0
47526,handily networks GmbH,DE,6,6,5,1,83.33333333333334,16.666666666666664
62275,NHM - S.R.L.,IT,6,6,0,6,0.0,100.0
213622,Falcon FZE LLC,AE,6,6,0,6,0.0,100.0
199319,Voice-Net Sp. z o.o.,PL,6,6,0,6,0.0,100.0
56046,China Mobile Jiangsu Province Network,CN,6,6,3,3,50.0,50.0
9070,Cooolbox AD,BG,6,6,0,6,0.0,100.0
42772,Unitary enterprise A1,BY,6,6,6,0,100.0,0.0
42298,Ooredoo Q.S.C.,QA,6,6,0,6,0.0,100.0
21127,Joint Stock Company TransTeleCom,RU,6,6,0,6,0.0,100.0
21246,IPKO Telecommunications LLC,AL,6,6,0,6,0.0,100.0
393457,Hamilton Community Enterprises,CA,6,6,0,6,0.0,100.0
141324,Hightec Network Solutions (OPC) Private Limited,IN,6,6,0,6,0.0,100.0
54527,Astute Internet,CA,7,6,0,6,0.0,100.0
38442,Vodafone Fiji Limited,FJ,7,6,0,6,0.0,100.0
395383,Cologuard,US,5,6,0,6,0.0,100.0
210,Utah Education Network,US,6,6,0,6,0.0,100.0
39238,OKB PROGRESS LLC,RU,6,6,0,6,0.0,100.0
204861,Codisa Telco Solutions S.L.,ES,6,6,0,6,0.0,100.0
22646,"Hargray Communications Group, Inc.",US,6,6,0,6,0.0,100.0
205516,NLS ASTANA LLP,KZ,6,6,0,6,0.0,100.0
215114,Stevan Durand--L'Hours t/a SLBCLOUD,FR,6,6,0,6,0.0,100.0
34968,iunxi B.V.,NL,6,6,0,6,0.0,100.0
35236,UVT Internet s.r.o.,CZ,6,6,4,2,66.66666666666666,33.33333333333333
133680,SOFTECH INFOSOL PVT. LTD.,IN,6,6,0,6,0.0,100.0
133594,World Phone Infrastructure services private ltd,IN,6,6,0,6,0.0,100.0
265561,LANTOINTERNET SA DE CV,MX,6,6,1,5,16.666666666666664,83.33333333333334
8387,Deutsche Telekom Global Business Solutions GmbH,AT,6,6,0,6,0.0,100.0
61553,CABASE Camara Arg de Base de Datos y Serv en Linea,AR,5,6,3,3,50.0,50.0
3790,RADIOGRAFICA COSTARRICENSE,CR,5,6,1,5,16.666666666666664,83.33333333333334
64445,NetJoin S.r.l.,IT,7,6,0,6,0.0,100.0
269416,SEMEAR TELECOM EIRELI,BR,7,6,2,4,33.33333333333333,66.66666666666666
38524,PT Laxo Global Akses,ID,8,6,0,6,0.0,100.0
262459,Osirnet Info Telecom Ltda.,BR,5,6,0,6,0.0,100.0
267345,BOM JESUS NET LTDA,BR,6,6,0,6,0.0,100.0
211588,Innovation Harbor B.V.,NL,6,6,6,0,100.0,0.0
48424,GLOBITEL Sp. z o.o.,PL,6,6,0,6,0.0,100.0
202395,Fiberaccessbolaget i Sverige AB,SE,6,6,0,6,0.0,100.0
367,United States Department of Defense (DoD),US,6,6,0,6,0.0,100.0
9280,Servers Australia Pty Ltd,AU,6,6,0,6,0.0,100.0
41034,"Ltd. ""SPA""Impulse""",RU,6,6,0,6,0.0,100.0
40317,Peoples Communications Inc.,US,6,6,0,6,0.0,100.0
200899,INTERSPACE DOOEL Skopje,MK,6,6,2,4,33.33333333333333,66.66666666666666
199508,S1 Networks Oy,FI,6,6,1,5,16.666666666666664,83.33333333333334
13002,ISIX Communications LLP,GB,6,6,0,6,0.0,100.0
13000,Leon Sp. z o.o.,PL,6,6,0,6,0.0,100.0
15954,"Tecnocratica Centro de Datos, S.L.",ES,6,6,6,0,100.0,0.0
955,LSHIY LLC,US,5,6,2,4,33.33333333333333,66.66666666666666
265036,BMJnet Telecom,BR,6,6,0,6,0.0,100.0
199860,ATOMDATA JSC,RU,6,6,3,3,50.0,50.0
263470,WAY.COM PROVEDOR BANDA LARGA EIRELI,BR,6,6,0,6,0.0,100.0
28978,COIG S.A,PL,6,6,0,6,0.0,100.0
28952,"O2 Business Services, a.s",SK,6,6,0,6,0.0,100.0
264294,Ora Servicos de Telecomunicacoes Ltda,BR,6,6,0,6,0.0,100.0
149522,"OneCubit Co., Ltd.",KR,6,6,0,6,0.0,100.0
274614,VELOX NETWORK SOLUCOES TECNOLOGICAS LTDA,BR,6,6,0,6,0.0,100.0
327814,Ecoband Ltd,GH,6,6,0,6,0.0,100.0
149781,STACKBIT INTERNET SERVICES PRIVATE LIMITED,IN,6,6,0,6,0.0,100.0
28885,Oman Telecommunications Company (S.A.O.G),OM,6,6,0,6,0.0,100.0
135589,Internet Maekhong Network Company Limited,MM,6,6,0,6,0.0,100.0
3663,NetNet,US,6,6,2,4,33.33333333333333,66.66666666666666
35706,Net at Once Sweden AB,SE,6,6,0,6,0.0,100.0
11722,"Slic Network Solutions, Inc",US,6,6,0,6,0.0,100.0
9021,Is Net Elektonik Bilgi Uretim Dagitim Ticaret ve Iletisim Hizmetleri A.S.,TR,6,6,0,6,0.0,100.0
8990,4iG Telecommunications Holding Zrt,HU,6,6,6,0,100.0,0.0
55470,Cyfuture India Pvt. Ltd.,IN,6,6,0,6,0.0,100.0
15964,CAMTEL,CM,6,6,0,6,0.0,100.0
36874,Cybersmart,ZA,15,6,0,6,0.0,100.0
56038,RackCorp,AU,6,6,0,6,0.0,100.0
8860,Delta HighTech Ltd.,BG,6,6,0,6,0.0,100.0
8821,WWZ Telekom AG,CH,6,6,0,6,0.0,100.0
5385,Russmedia IT GmbH,AT,6,6,0,6,0.0,100.0
200449,Qrator Labs CZ s.r.o.,CZ,6,6,0,6,0.0,100.0
134707,RoyalCable Flash,PH,6,6,4,2,66.66666666666666,33.33333333333333
200154,IZONE LLC,AZ,6,6,0,6,0.0,100.0
209554,ISIF OU,EE,6,6,0,6,0.0,100.0
400511,Clearwave Fiber,US,7,6,0,6,0.0,100.0
26077,Nextlink Broadband,US,7,6,0,6,0.0,100.0
263320,Sansara Telecom,BR,8,6,0,6,0.0,100.0
37739,Abantu Cloud Africa (Pty) Ltd,ZA,8,6,4,2,66.66666666666666,33.33333333333333
15547,netplus.ch SA,CH,6,6,0,6,0.0,100.0
9260,Multinet Pakistan Pvt. Ltd.,PK,6,6,0,6,0.0,100.0
58321,Oxylion Sp. z o.o.,PL,6,6,0,6,0.0,100.0
58689,ICC Communication,BD,6,6,0,6,0.0,100.0
17356,"Vermont Telephone Company, Inc.",US,6,6,0,6,0.0,100.0
60388,"JSC ""Oil Transportation and Production Telecommunications""",RU,6,6,0,6,0.0,100.0
10021,"KVH Co.,Ltd",JP,6,6,5,1,83.33333333333334,16.666666666666664
38176,ABS - Agility Beyond Space,HK,6,6,1,5,16.666666666666664,83.33333333333334
33189,South Dakota Board of Regents,US,6,6,1,5,16.666666666666664,83.33333333333334
35332,DataWeb B.V.,NL,6,6,5,1,83.33333333333334,16.666666666666664
46962,HRCOM,PR,6,6,0,6,0.0,100.0
134375,Fusionnet Web Services Private Limited,IN,6,6,0,6,0.0,100.0
14773,Lancaster-Lebanon Intermediate Unit 13,US,6,6,5,1,83.33333333333334,16.666666666666664
249,Packet Star Networks Limited,EU,6,6,0,6,0.0,100.0
50533,I.T.E.N.O.S. International Telecom Network Operation Services GmbH,DE,6,6,0,6,0.0,100.0
8751,MEDIA SAT SRL,RO,6,6,0,6,0.0,100.0
58504,TECHMINDS NETWORKS PVT. LTD.,NP,6,6,0,6,0.0,100.0
12731,IPHH Internet Port Hamburg GmbH,DE,5,6,1,5,16.666666666666664,83.33333333333334
45090,Tencent Cloud,CN,5,6,0,6,0.0,100.0
18914,ETS TELECOM,US,5,5,0,5,0.0,100.0
215691,AP INTERACTIVE SOLUTIONS SL,ES,5,5,0,5,0.0,100.0
53292,ManagedWay,US,5,5,0,5,0.0,100.0
198150,SIACOM JSC,GE,5,5,1,4,20.0,80.0
198890,Albanian Fiber Telecommunications SHPK,AL,5,5,0,5,0.0,100.0
26496,"GoDaddy.com, LLC",US,5,5,0,5,0.0,100.0
401199,TenSpire Network,US,5,5,0,5,0.0,100.0
19331,Twin Lakes Telephone Cooperative Corporation,US,5,5,0,5,0.0,100.0
43404,Fastnet LLC,RU,5,5,0,5,0.0,100.0
23175,PogoZone,US,5,5,5,0,100.0,0.0
50187,BaikalWestCom,RU,5,5,0,5,0.0,100.0
265688,SINERGY SOLUCIONES INTEGRALES,CO,5,5,4,1,80.0,20.0
35807,SkyNet Ltd.,RU,5,5,0,5,0.0,100.0
19050,U.S. Department of Health & Human Services,US,5,5,0,5,0.0,100.0
33333,"objx.net, LLC",US,5,5,0,5,0.0,100.0
265622,WISTARIP S DE RL DE CV,MX,5,5,1,4,20.0,80.0
21100,GREEN FLOID LLC,US,5,5,2,3,40.0,60.0
35745,Provector Sp. z o.o,PL,5,5,3,2,60.0,40.0
11666,Nexicom Inc.,CA,5,5,0,5,0.0,100.0
24703,United Networks of Ukraine Ltd,UA,5,5,0,5,0.0,100.0
56111,Agarto Sdn Bhd,MY,5,5,0,5,0.0,100.0
27665,Columbus Communications Trinidad Limited.,TT,5,5,0,5,0.0,100.0
393954,CFN Services Inc.,US,5,5,0,5,0.0,100.0
213759,Tose'eh Lian Yas Ertebat PJSC,IR,5,5,0,5,0.0,100.0
213887,WAIcore Ltd,GB,5,5,0,5,0.0,100.0
29468,Infracom Managed Services AB,SE,6,5,0,5,0.0,100.0
52327,Summit S.A.,AR,6,5,1,4,20.0,80.0
931,Hyonix,SG,6,5,0,5,0.0,100.0
29124,Iskratelecom JSC,RU,6,5,0,5,0.0,100.0
8111,Dalhousie University,CA,6,5,0,5,0.0,100.0
9264,Academia Sinica,TW,6,5,1,4,20.0,80.0
263346,Fonte Informatica ltda,BR,6,5,0,5,0.0,100.0
8757,"NSFOCUS, Inc.",US,6,5,0,5,0.0,100.0
53407,UTOPIA Fiber,US,5,5,0,5,0.0,100.0
39521,TNGNET B.V.,NL,5,5,5,0,100.0,0.0
39545,Fluidone Ltd.,GB,5,5,0,5,0.0,100.0
266094,CONEXAO MB E TELECOMUNICACOES LTDA - ME,BR,6,5,5,0,100.0,0.0
263935,I5 TELECOM,BR,6,5,0,5,0.0,100.0
262821,PHS INTERNET E SUPRIMENTOS LTDA - ME,BR,6,5,0,5,0.0,100.0
42132,Digit One LLC,RU,6,5,0,5,0.0,100.0
9110,"""AMT GROUP TELECOM"" Limited Liability Company",RU,6,5,0,5,0.0,100.0
62523,"CIRBN, LLC",US,6,5,1,4,20.0,80.0
62425,Mailbox Internet Hizmetleri Ltd. Sti.,TR,6,5,0,5,0.0,100.0
41151,Digital IT Consulting SRL,RO,6,5,0,5,0.0,100.0
10954,SERVICO FEDERAL DE PROCESSAMENTO DE DADOS - SERPRO,BR,6,5,0,5,0.0,100.0
138466,"DataMossa Co., Ltd.",TH,6,5,4,1,80.0,20.0
264162,Turbi Ultra Fibra,BR,6,5,0,5,0.0,100.0
17705,InSPire Net Ltd,NZ,6,5,0,5,0.0,100.0
47895,"LTD ""Erline""",RU,6,5,0,5,0.0,100.0
18530,"Isomedia, Inc.",US,6,5,0,5,0.0,100.0
266131,LINKABR TELECOM SPE LTDA,BR,5,5,0,5,0.0,100.0
52041,"Scaleblade, Ltd.",GB,5,5,0,5,0.0,100.0
20766,"Association ""Gitoyen""",FR,26,5,0,5,0.0,100.0
34362,Terrakom d.o.o.,HR,5,5,0,5,0.0,100.0
34245,Magnet Networks Limited,IE,5,5,0,5,0.0,100.0
34244,Teleservice Bredband Skane AB,SE,5,5,1,4,20.0,80.0
48817,PRIZZ TELECOM SAS,FR,5,5,0,5,0.0,100.0
132296,Seven Star Digital Network Private Limited,IN,6,5,0,5,0.0,100.0
42555,OPTICCOM- BULGARIA Ltd.,BG,7,5,0,5,0.0,100.0
133115,HK Kwaifong Group Limited,HK,6,5,0,5,0.0,100.0
266247,ISPCORP Soluções Digitais Corporativas Ltda.,BR,12,5,0,5,0.0,100.0
212219,HOSTING DUNYAM BILISIM TEKNOLOJILERI TICARET LIMITED SIRKETI,TR,5,5,0,5,0.0,100.0
212221,INTERNET BROKER SRL,RO,5,5,0,5,0.0,100.0
15672,OOO Telecom TZ,RU,5,5,0,5,0.0,100.0
59877,VA TELECOM SAS,FR,5,5,0,5,0.0,100.0
9885,NKN INTERNET GATEWAY NETWORK,IN,5,5,0,5,0.0,100.0
43197,MegaFon Tajikistan,TJ,5,5,0,5,0.0,100.0
55195,CIRA Canadian Internet Registration Authority Autorit Canadienne pour les enregistrements Internet,CA,5,5,0,5,0.0,100.0
14744,Unitas Global,US,5,5,0,5,0.0,100.0
14745,Unitas Global,US,5,5,0,5,0.0,100.0
263684,Internet Services S.A.,AR,5,5,0,5,0.0,100.0
266192,LP PROVEDORA DE INTERNET E INSTALAÇÕES DE REDES TE,BR,5,5,0,5,0.0,100.0
266236,VELPRO TELECOMUNICACOES EIRELI,BR,5,5,4,1,80.0,20.0
11114,Wintek Corporation,US,5,5,0,5,0.0,100.0
6517,LAKENETWORKS ,US,5,5,0,5,0.0,100.0
11158,"NTT America, Inc.",US,5,5,0,5,0.0,100.0
36222,WindWave Communications,US,5,5,0,5,0.0,100.0
47478,MSTN CJSC,RU,5,5,0,5,0.0,100.0
32475,Internap Holding LLC,US,5,5,0,5,0.0,100.0
28142,DIGITAL DESIGN SERVIÇOS DE TELECOMUNICAÇÕES EIRELI,BR,5,5,0,5,0.0,100.0
42773,Nemerov Evgeniy Vladimirovish PE,RU,5,5,0,5,0.0,100.0
46261,"QuickPacket, LLC",US,5,5,0,5,0.0,100.0
45671,Servers Australia,AU,5,5,0,5,0.0,100.0
264112,CAMON PROVEDOR,BR,5,5,0,5,0.0,100.0
44512,KONVERTO SPA,IT,5,5,0,5,0.0,100.0
212085,Alexander Bruegmann,DE,5,5,0,5,0.0,100.0
19257,SUBRIGO CORPORATION,US,5,5,0,5,0.0,100.0
60404,The Infrastructure Group B.V.,NL,5,5,0,5,0.0,100.0
38661,abcle,KR,5,5,0,5,0.0,100.0
140096,"JINX CO., LIMITED",HK,5,5,0,5,0.0,100.0
264544,SUPER NOVA TELECOM LTDA,BR,5,5,0,5,0.0,100.0
39699,Lounea Palvelut Oy,FI,5,5,5,0,100.0,0.0
6621,"Hughes Network Systems, LLC",US,5,5,2,3,40.0,60.0
39199,Private Enterprise RadioNet,UA,5,5,0,5,0.0,100.0
8612,Tiscali Italia S.P.A.,IT,5,5,0,5,0.0,100.0
52688,TELENET TELECOMUNICAÇÃO RURAL,BR,5,5,0,5,0.0,100.0
44894,Ukrchermetavtomatika LLC,UA,5,5,0,5,0.0,100.0
52780,MAP Piumhi Ltda - ME,BR,5,5,0,5,0.0,100.0
24309,Atria Convergence Technologies,IN,5,5,4,1,80.0,20.0
30818,Advania Ísland ehf (Advania Transit),IS,5,5,1,4,20.0,80.0
1955,KIFU (Governmental Info Tech Development Agency),HU,5,5,0,5,0.0,100.0
140736,Edge Data Centres Pty Ltd,AU,5,5,0,5,0.0,100.0
48152,Digital Frankfurt GmbH,DE,5,5,0,5,0.0,100.0
268283,NET WORK FIBER COMERCIO E SERVICOS DE COMUNICACAO,BR,5,5,0,5,0.0,100.0
268404,DIGITAL VIRTUAL LTDA - ME,BR,5,5,0,5,0.0,100.0
204680,KIT Student,DE,5,5,2,3,40.0,60.0
29244,CETIN Bulgaria EAD,BG,5,5,0,5,0.0,100.0
147155,PT Gateway Internet Indonesia,ID,5,5,0,5,0.0,100.0
141968,PT Industri Kreatif Digital,ID,5,5,0,5,0.0,100.0
13247,Erdenreich Datentechnik GmbH,DE,5,5,0,5,0.0,100.0
13307,"""AS6723"" LIMITED LIABILITY COMPANY",UA,5,5,0,5,0.0,100.0
13693,Vexus Fiber,US,8,5,5,0,100.0,0.0
40065,CNSERVERS LLC,US,5,5,0,5,0.0,100.0
10352,Solarus,US,5,5,1,4,20.0,80.0
60679,Freedom Registry BV,NL,5,5,0,5,0.0,100.0
38712,TelNET Communication Ltd,BD,5,5,0,5,0.0,100.0
21737,SpringNet,US,5,5,0,5,0.0,100.0
207668,ITH sp. z o.o.,PL,5,5,0,5,0.0,100.0
20413,Chesconet,US,5,5,0,5,0.0,100.0
40128,Morristown Utility Systems,US,5,5,0,5,0.0,100.0
58898,Rainbow communications India Pvt Ltd,IN,5,5,0,5,0.0,100.0
48278,UKRDATAKOM LTD,UA,5,5,0,5,0.0,100.0
21641,"VIRTUASYS America, Inc.",US,5,5,0,5,0.0,100.0
23679,PT Media Antar Nusa,ID,5,5,0,5,0.0,100.0
43022,Seech-Infocom Ltd.,UA,7,5,4,1,80.0,20.0
9587,DTAC (True),TH,7,5,0,5,0.0,100.0
37619,Broadband Systems Corporation,RW,5,5,1,4,20.0,80.0
139089,MT Networks LLC,MN,5,5,0,5,0.0,100.0
31078,Alexej Senderkin,DE,5,5,0,5,0.0,100.0
31163,PJSC MegaFon,RU,5,5,0,5,0.0,100.0
11071,InfoWest,US,5,5,0,5,0.0,100.0
10437,Kentucky Regional Optical Network (KY-RON),US,5,5,2,3,40.0,60.0
263321,ILOGNET PROVEDOR,BR,5,5,0,5,0.0,100.0
3361,"Digital Fortress, Inc.",US,5,5,0,5,0.0,100.0
394968,"Quality Technology Services, LLC",US,5,5,0,5,0.0,100.0
48287,"JSC ""RU-CENTER""",RU,5,5,0,5,0.0,100.0
44587,MEGACOM-IT LLC,RU,5,5,0,5,0.0,100.0
262248,Metro MPLS,PA,5,5,0,5,0.0,100.0
36327,VINAKOM COMMUNICATIONS,US,8,5,5,0,100.0,0.0
14979,Aeronet Wireless,PR,5,5,0,5,0.0,100.0
263994,Fullnet Telecomunicações LTDA,BR,5,5,0,5,0.0,100.0
12709,Melita Limited,MT,5,5,0,5,0.0,100.0
31638,Lepida S.c.p.A.,IT,5,5,0,5,0.0,100.0
271145,Piauí Link LTDA,BR,5,5,0,5,0.0,100.0
42093,InterRacks B.V.,NL,5,5,0,5,0.0,100.0
28118,ALTICE DOMINICANA S.A.,DO,5,5,0,5,0.0,100.0
206446,Cloud Lease Ltd,IL,5,5,0,5,0.0,100.0
819,LARG*net London and Region Global Computer Network,CA,5,5,0,5,0.0,100.0
4842,Tianhai InfoTech,CN,5,5,0,5,0.0,100.0
12494,"OOO ""Post ltd""",RU,5,5,0,5,0.0,100.0
8820,tal.de GmbH,DE,5,5,2,3,40.0,60.0
8943,Jump Networks Ltd,GB,5,5,2,3,40.0,60.0
41009,Oleksandr Melnyk,UA,5,5,5,0,100.0,0.0
211526,Darjavna Agencia za Elektronno Upravlenie,BG,5,5,0,5,0.0,100.0
1097,Core Transit LLC,US,5,5,0,5,0.0,100.0
262493,Unknown,XX,5,5,0,5,0.0,100.0
151336,Verge,NZ,5,5,0,5,0.0,100.0
28292,ENGEPLUS INFORMATICA LTDA,BR,5,5,0,5,0.0,100.0
15735,GO p.l.c.,MT,5,5,4,1,80.0,20.0
29084,Comnet Bulgaria Holding Ltd.,BG,5,5,0,5,0.0,100.0
262182,TELEFONICA GLOBAL SOLUTIONS PERU S.A.C.,PE,5,5,0,5,0.0,100.0
37451,CONGO TELECOM,CG,5,5,0,5,0.0,100.0
37492,Orange Tunisie,TN,5,5,1,4,20.0,80.0
37529,Gestora de Infraestructuras de Telecomunicaciones de Guinea Ecuatorial,GQ,5,5,5,0,100.0,0.0
37558,LIBYAN INTERNATIONAL TELECOMMUNICATION COMPANY,LY,5,5,0,5,0.0,100.0
36040,Google (Global Cache),US,8,5,1,4,20.0,80.0
912,Hut 8 Mining Corp.,CA,5,5,0,5,0.0,100.0
263258,INTERLIG TELECOM,BR,5,5,0,5,0.0,100.0
24479,"Nexium, Ergon Energy Telecommunications.",AU,5,5,0,5,0.0,100.0
201434,CITYSTRADA S.A.,PL,5,5,0,5,0.0,100.0
60840,OJSC Telecom-Service,RU,5,5,0,5,0.0,100.0
60900,Adrian Trifonov trading as Ssmidge Technologies,CA,5,5,3,2,60.0,40.0
61010,IPNET OOO,KG,5,5,0,5,0.0,100.0
40387,University of Illinois,US,5,5,0,5,0.0,100.0
41033,D2CLOUD NETWORK SERVICES (PTY) LTD,ZA,5,5,0,5,0.0,100.0
40994,Alwyzon (Hohl IT),AT,5,5,2,3,40.0,60.0
29017,NTT Data Centers (Gyron),GB,5,5,0,5,0.0,100.0
12334,"R Cable y Telecable Telecomunicaciones, S.A.U.",ES,7,5,1,4,20.0,80.0
19711,SWAZILAND PTC,SZ,8,5,0,5,0.0,100.0
48014,Albanian Hosting SH.P.K.,AL,5,5,0,5,0.0,100.0
47702,Teleradiocompany Discovery Ltd.,UA,5,5,0,5,0.0,100.0
3128,University of Wisconsin System,US,5,5,4,1,80.0,20.0
3132,Red Cientifica Peruana,PE,5,5,4,1,80.0,20.0
41495,Faelix Limited,GB,5,5,0,5,0.0,100.0
8002,"Stealth Communications Services, LLC",US,5,5,0,5,0.0,100.0
4851,Host Networks,AU,5,5,0,5,0.0,100.0
31277,OOO New Line Telecom,RU,5,5,0,5,0.0,100.0
31655,Gamma Telecom Holdings Ltd,GB,5,5,4,1,80.0,20.0
137109,Grace Teleinfra Pvt Ltd,IN,5,5,0,5,0.0,100.0
137127,Navkar Supertech Pvt Ltd,IN,5,5,0,5,0.0,100.0
262632,Graja Fibra,BR,5,5,0,5,0.0,100.0
13739,"Datacenter IP, LLC",US,5,5,0,5,0.0,100.0
8487,Phibee Telecom SAS,FR,5,5,0,5,0.0,100.0
7539,National Center for High-performance Computing,TW,7,5,0,5,0.0,100.0
209810,Netcore services s.r.o.,CZ,5,5,0,5,0.0,100.0
61624,ISPSHIELD (InfNOC Tecnologia),BR,5,5,0,5,0.0,100.0
48479,KUBAN-TELECOM Ltd.,RU,5,5,0,5,0.0,100.0
18103,PT Prestasi Piranti Informasi,ID,5,5,0,5,0.0,100.0
41360,NEOCOM Ltd.,UA,5,5,5,0,100.0,0.0
151660,Neptune Internet,AU,5,5,3,2,60.0,40.0
45691,DODO K.K.,JP,5,5,0,5,0.0,100.0
45769,D-Vois Broadband Pvt Ltd,IN,5,5,0,5,0.0,100.0
52531,G6 Internet,BR,5,5,0,5,0.0,100.0
61922,CNX TELECOM,BR,5,5,0,5,0.0,100.0
31424,Netrics AG,CH,5,5,0,5,0.0,100.0
21430,WIA spol. s.r.o.,CZ,5,5,2,3,40.0,60.0
265311,Bezerra Speed Internet,BR,5,5,0,5,0.0,100.0
206065,Tose'h Fanavari Ertebabat Pasargad Arian Co. PJS,IR,5,5,0,5,0.0,100.0
56694,LLC Smart Ape,RU,5,5,0,5,0.0,100.0
47973,Digital Realty Netherlands B.V.,NL,5,5,0,5,0.0,100.0
25557,TAURON WYTWARZANIE SPOLKA AKCYJNA,PL,5,5,0,5,0.0,100.0
399646,Snaju Development,US,5,5,1,4,20.0,80.0
49909,Direct One SA,RO,5,5,0,5,0.0,100.0
25447,JM-DATA GmbH,AT,5,5,0,5,0.0,100.0
20773,Host Europe GmbH,DE,5,5,0,5,0.0,100.0
559,SWITCH,CH,5,5,4,1,80.0,20.0
266519,PROVERADIO TELECOM,BR,5,5,0,5,0.0,100.0
8282,Bink Group Ltd,GB,5,5,1,4,20.0,80.0
52073,I2SNETWORK SAS,FR,5,5,0,5,0.0,100.0
263077,RazaoInfo Internet Ltda,BR,5,5,0,5,0.0,100.0
54483,GeoLinks,US,5,5,0,5,0.0,100.0
48571,efectRO SRL,RO,5,5,0,5,0.0,100.0
16164,Sohonet Limited,GB,5,5,0,5,0.0,100.0
133648,MNR Broadband Services Pvt. Ltd.,IN,5,5,0,5,0.0,100.0
197133,MEDIACTIVE SAS,FR,5,5,0,5,0.0,100.0
197451,Brno University of Technology,CZ,5,5,5,0,100.0,0.0
52142,Polcom Sp. z o.o.,PL,5,5,0,5,0.0,100.0
35579,KELAG-Karntner Elektrizitats - Aktiengesellschaft,AT,5,5,0,5,0.0,100.0
263434,Akto Tecnologia - EIRELI - EPP,BR,5,5,0,5,0.0,100.0
266080,Nova Conexao Com Voce,BR,5,5,0,5,0.0,100.0
16205,DSI GmbH Daten Service Informationssysteme,DE,5,5,0,5,0.0,100.0
16247,Convergence Group (Wireless) Networks Limited,GB,5,5,1,4,20.0,80.0
976,CoreNET Inc.,US,5,5,0,5,0.0,100.0
47775,"JSC ""Ufanet""",RU,5,5,0,5,0.0,100.0
36734,Paxio Inc.,US,5,5,0,5,0.0,100.0
36890,MTN Rwandacell,RW,5,5,0,5,0.0,100.0
36920,KKON Technologies Ltd,NG,5,5,4,1,80.0,20.0
34540,mStart plus d.o.o.,HR,5,5,0,5,0.0,100.0
50338,GamerHost s.r.o.,CZ,5,5,4,1,80.0,20.0
15146,Cable Bahamas,BS,5,5,0,5,0.0,100.0
200187,CloudKleyer Frankfurt GmbH,DE,5,5,1,4,20.0,80.0
208258,Access2.IT Group B.V.,NL,5,5,0,5,0.0,100.0
35394,Cable Aireworld S.A.U.,ES,5,5,0,5,0.0,100.0
11996,"Lobo Internet Services, Ltd",US,5,5,0,5,0.0,100.0
5377,Marlink AS,NO,5,5,0,5,0.0,100.0
5394,UNIDATA S.p.A.,IT,5,5,0,5,0.0,100.0
202753,GLOBALGRID SASU,FR,5,5,1,4,20.0,80.0
23949,PT Comtronics Systems,ID,5,5,0,5,0.0,100.0
23884,Proen Corp Public Company Limited.,TH,5,5,0,5,0.0,100.0
42615,June Slater,US,5,5,0,5,0.0,100.0
59432,GINERNET S.L.,ES,5,5,0,5,0.0,100.0
24951,EveryWare AG,CH,5,5,0,5,0.0,100.0
131207,"SINET, Cambodia's specialist Internet and Telecom Service Provider.",KH,5,5,0,5,0.0,100.0
18233,Philippine Telegraph & Telephone Corporation,PH,5,5,0,5,0.0,100.0
265933,connectx serviços de telecomunicações ltda,BR,5,5,0,5,0.0,100.0
20746,Telecom Italia S.p.A.,IT,5,5,1,4,20.0,80.0
47165,Omskie kabelnye seti Ltd.,RU,5,5,0,5,0.0,100.0
135269,Fast 4 Technologies,IN,5,5,0,5,0.0,100.0
42673,Skyware Sp. z o.o.,PL,5,5,0,5,0.0,100.0
202550,"GLU TECHNOLOGIES, S.L.U",ES,5,5,0,5,0.0,100.0
50131,Spartan Host Ltd,GB,5,5,0,5,0.0,100.0
29550,Team Blue Carrier Limited,GB,5,5,5,0,100.0,0.0
29608,OVEA SAS,FR,5,5,3,2,60.0,40.0
29649,Limes sp. z o.o.,PL,5,5,0,5,0.0,100.0
34073,Ministry of Education and Science Republic of Latvia,LV,5,5,0,5,0.0,100.0
268707,4WNET ES TELECOMUNICAÇÕES EIRELE ME,BR,5,4,0,4,0.0,100.0
23855,Singapore Advanced Research and Education Network,SG,5,4,0,4,0.0,100.0
63798,Industrial Cyber Security Center of Excellence,JP,5,4,0,4,0.0,100.0
134326,Airdesign Broadcast Media Pvt Ltd,IN,5,4,0,4,0.0,100.0
263396,BK Telecomunicações LTDA,BR,5,4,0,4,0.0,100.0
30999,Emtel,MU,5,4,0,4,0.0,100.0
265330,Ponto a Ponto Telecomunicaçoes,BR,5,4,0,4,0.0,100.0
52409,COSEIDI S.A.,AR,5,4,0,4,0.0,100.0
266830,AIRPOINT TELECOMUNICACIONES LIMITADA,CL,8,4,0,4,0.0,100.0
263290,IMUNIDADE DIGITAL SERVICOS EM COMUNICACAO LTDA,BR,5,4,0,4,0.0,100.0
274685,Sernet,BR,5,4,0,4,0.0,100.0
10778,MCL Internet,CL,5,4,0,4,0.0,100.0
36493,FIBERNETICS CORPORATION,CA,5,4,0,4,0.0,100.0
20355,"DartPoints Operating Company, LLC",US,5,4,0,4,0.0,100.0
27715,Locaweb Serviços de Internet S/A,BR,5,4,4,0,100.0,0.0
36224,HCL AMERICA INC,US,5,4,0,4,0.0,100.0
23860,Alliance Broadband Services Pvt. Ltd.,IN,7,4,0,4,0.0,100.0
20080,Florida International University,US,5,4,1,3,25.0,75.0
9607,"BroadBand Tower, Inc.",JP,5,4,1,3,25.0,75.0
29196,Inzhenernye seti - Telecom LLC,RU,5,4,0,4,0.0,100.0
30988,IS InternetSolutions Limited,NG,5,4,0,4,0.0,100.0
42902,Clouvider Limited,GB,6,4,0,4,0.0,100.0
37154,Zambia Telecommunications Company Ltd aka ZAMTEL,ZM,6,4,0,4,0.0,100.0
18423,"RAID Networks Co., Ltd.",TW,5,4,0,4,0.0,100.0
131775,PT Jupiter Jala Arta,ID,5,4,0,4,0.0,100.0
7629,"Vitro, Inc.",PH,5,4,0,4,0.0,100.0
53132,Mega Grupo de Telecomunicações Ltda,BR,5,4,0,4,0.0,100.0
270867,Perto Network,BR,6,4,0,4,0.0,100.0
30893,No ACK Group Holding AB,SE,6,4,1,2,25.0,50.0
39505,VESTITEL BG,BG,6,4,0,4,0.0,100.0
28775,OOO TRANSTELECOM,RU,5,3,0,3,0.0,100.0
152394,PT Arta Teletama Teknologi,ID,5,3,0,3,0.0,100.0
142064,VergeTel,AU,5,3,0,3,0.0,100.0
28994,Sitel Ltd,UA,5,3,0,3,0.0,100.0
266602,ODATA S.A.,BR,5,3,0,3,0.0,100.0
134640,PT DCI Indonesia,ID,5,3,0,3,0.0,100.0
15085,"Immedion, LLC",US,5,3,2,1,66.66666666666666,33.33333333333333
266220,RFS Tecnologia LTDA,BR,5,3,0,3,0.0,100.0
8402,Vimpelcom OJSC (Beeline),RU,5,3,0,3,0.0,100.0
328888,ORCA TECHNOLOGIES (PTY) LTD,ZA,5,3,0,3,0.0,100.0
49432,Dominic Schallert trading as schallert.com e.U.,AT,12,3,0,3,0.0,100.0
140384,PT Bitniaga Cipta Gemilang,ID,5,3,0,3,0.0,100.0
22258,"Comcast Cable Communications, LLC",US,10,3,0,3,0.0,100.0
211288,Netassist International EOOD,BG,6,3,0,3,0.0,100.0
29169,GANDI SAS,FR,11,2,1,1,50.0,50.0
216458,"Hardcore Communication Co., Limited",HK,6,2,0,2,0.0,100.0
9270,National Infomation Society Agency,KR,10,2,0,2,0.0,100.0
30456,Cosmic Global Networks,US,5,2,2,0,100.0,0.0
208210,Sarah Rossius trading as Servperso Systems,BE,12,2,0,2,0.0,100.0
37358,BitCo,ZA,13,2,0,2,0.0,100.0
32437,Webdev CC T/A Cybertek,ZA,7,2,0,2,0.0,100.0
6509,CANARIE Inc,CA,5,2,0,2,0.0,100.0
56755,Securebit AG,CH,10,1,0,1,0.0,100.0
