asn,name,cc,cone_size,prov_rov_status,cone_avg_roa,cone_fully_signed_pct,cone_unsigned_pct,scenario
3356,Lumen (Level 3),US,69758,SECURE,49.060784426158946,44.44221451303076,47.09710714183319,SECURE (Transitioning)
1299,Arelion (fka. Telia Carrier),SE,68053,SECURE,50.82656165047829,46.09201651653858,45.263250701659004,SECURE (Transitioning)
6939,Hurricane Electric LLC,US,67373,SECURE,47.697032936042504,43.19534531637303,48.59068172710136,SECURE (Transitioning)
174,"Cogent Communications, LLC",US,67070,SECURE,50.26095273594744,45.45698523930222,45.735798419561654,SECURE (Transitioning)
3257,GTT Communications Inc.,US,61737,SECURE,51.70170562223622,46.97831122341545,44.40934933670246,SECURE (Transitioning)
2914,"NTT America, Inc.",US,59375,SECURE,52.076410947368316,47.38694736842105,44.06905263157895,SECURE (Transitioning)
6453,TATA Communications (America) Inc,US,56797,SECURE,51.372679895064806,46.79824638625279,44.88793422187792,SECURE (Transitioning)
6762,Telecom Italia Sparkle (Seabone),IT,55855,SECURE,53.804867961686384,49.19344731895086,42.46710231850327,SECURE (Transitioning)
6461,Zayo Bandwidth,US,55825,SECURE,50.593354231974885,45.92386923421406,45.53873712494402,SECURE (Transitioning)
5511,Orange S.A.,FR,54411,SECURE,53.68716987373858,49.07831137086251,42.598004080057336,SECURE (Transitioning)
701,Verizon Business,US,53334,SECURE,50.57474781565216,46.038174522818466,45.678179022762215,SECURE (Transitioning)
9002,RETN Limited,GB,52478,SECURE,53.55270780136422,48.96528068905065,42.76458706505583,SECURE (Transitioning)
3491,"PCCW Global, Inc.",US,52367,SECURE,52.95876983596526,48.400710371035196,43.3479099432849,SECURE (Transitioning)
4637,Telstra Global,HK,51225,SECURE,52.74862079062944,48.21278672523182,43.595900439238655,SECURE (Transitioning)
15412,Flag Telecom UK Limited,GB,50630,SECURE,53.14003160181695,48.58581868457436,43.18190795970768,SECURE (Transitioning)
1221,Telstra Limited,AU,50527,SECURE,53.16427652542189,48.605695964533815,43.15316563421537,SECURE (Transitioning)
4826,Vocus Connect International Backbone,AU,50527,SECURE,53.16395788390351,48.605695964533815,43.15316563421537,SECURE (Transitioning)
3320,Deutsche Telekom AG,DE,49864,SECURE,53.59769172148221,48.96919621370127,42.66605166051661,SECURE (Transitioning)
58453,China Mobile International,HK,48337,VULNERABLE,53.28226617291081,48.745267600388935,43.07259449283158,Unknown
7473,Singapore Telecommunications Ltd,SG,48114,SECURE,53.13887849690301,48.59500353327514,43.207798146069756,SECURE (Transitioning)
12956,Telxius (Telefonica Global),ES,48064,SECURE,51.07504161118496,46.425599201065246,45.11276631158455,SECURE (Transitioning)
9498,Bharti Airtel Ltd.,IN,46148,SECURE,53.4171426714048,48.881858368726704,42.942272687873796,SECURE (Transitioning)
4755,TATA Communications (formerly VSNL),IN,44931,SECURE,53.16292092319315,48.61899356791525,43.19957267810643,SECURE (Transitioning)
1273,Vodafone Group PLC,EU,44679,SECURE,53.15666196647186,48.61120436894291,43.21717137805233,SECURE (Transitioning)
58115,SwissIX Internet Exchange,CH,44312,VULNERABLE,52.09409415056861,47.47472467954504,44.13477161942589,Unknown
55836,Reliance Jio Infocomm Limited,IN,43162,SECURE,52.91311802048087,48.38051990176544,43.45025717065938,SECURE (Transitioning)
64049,Reliance Jio Infocomm Pte. Ltd.,SG,43162,VULNERABLE,52.9131041193641,48.38051990176544,43.45025717065938,VULNERABLE (Mixed)
9583,Sify Limited,IN,43162,VULNERABLE,52.9132755664704,48.38051990176544,43.45025717065938,Unknown
55410,Vodafone Idea Ltd,IN,43162,SECURE,52.91312265418645,48.38051990176544,43.45025717065938,SECURE (Transitioning)
7018,"AT&T Enterprises, LLC",US,41166,SECURE,48.31463586454835,43.8590098625079,47.94976436865374,SECURE (Transitioning)
33891,Core-Backbone GmbH,DE,41137,SECURE,51.33619612514276,46.782701704062035,44.978972700974786,SECURE (Transitioning)
24482,SG.GS,SG,41135,VULNERABLE,51.02486447064543,46.49325392001945,45.22669259754467,Unknown
7195,EdgeUno,CO,40146,SECURE,50.96951626563027,46.42056493797639,45.30712897922582,SECURE (Transitioning)
7474,SingTel Optus Pty Ltd,AU,39807,SECURE,50.92111437686825,46.361192755043085,45.37392920843068,SECURE (Transitioning)
132602,Bangladesh Submarine Cable Company Limited (BSCCL),BD,39121,VULNERABLE,51.29235448991584,46.821400270954214,45.05764167582628,Unknown
52320,V.tal (GlobeNet),CO,39100,SECURE,50.523705882352715,46.0076726342711,45.767263427109974,SECURE (Transitioning)
57463,NetIX Communications JSC,BG,39085,VULNERABLE,50.49016502494551,45.99974414737111,45.83088141230651,Unknown
4766,Korea Telecom,KR,38915,SECURE,50.01536168572523,45.558268020043684,46.331748683027115,SECURE (Transitioning)
9318,SK Broadband Co Ltd,KR,38757,SECURE,50.08280826689365,45.62272621719947,46.25745026704853,SECURE (Transitioning)
10429,Vivo (TELEFÔNICA BRASIL),BR,38605,SECURE,50.4074446315243,45.92410309545396,45.9137417432975,SECURE (Transitioning)
22356,Durand do Brasil Ltda,BR,38474,SECURE,50.51102562769644,46.01289182304934,45.7997608774757,SECURE (Transitioning)
8452,Telecom Egypt,EG,38469,VULNERABLE,50.46188359458257,45.96948192050742,45.85250461410486,Unknown
31500,Global Network Management Inc,AG,38451,VULNERABLE,50.54332527112422,46.0404150737302,45.764739538633584,Unknown
8359,MTS PJSC,RU,38409,SECURE,50.521481944335775,46.02306751021896,45.788747428987996,SECURE (Transitioning)
8966,Etisalat (ETC),AE,38409,VULNERABLE,50.51996407092079,46.02046395376084,45.788747428987996,Unknown
20485,TransTeleCom JSC,RU,38409,SECURE,50.5211148428753,46.02306751021896,45.788747428987996,SECURE (Transitioning)
20764,CJSC RASCOM,RU,38409,SECURE,50.51975318284769,46.02046395376084,45.788747428987996,SECURE (Transitioning)
31133,MegaFon PJSC,RU,38409,SECURE,50.51976880418642,46.02046395376084,45.788747428987996,SECURE (Transitioning)
16735,Algar Telecom,BR,38409,SECURE,50.5223567393057,46.02306751021896,45.78614387252988,SECURE (Transitioning)
3216,Vimpelcom PJSC,RU,38409,SECURE,50.52235153219289,46.02306751021896,45.78614387252988,SECURE (Transitioning)
139057,Legend Dynasty Pte. Ltd.,SG,38409,VULNERABLE,50.51977140774292,46.02046395376084,45.788747428987996,Unknown
32787,Akamai (Prolexic),US,38409,SECURE,50.52019318388912,46.02306751021896,45.788747428987996,SECURE (Transitioning)
202984,Team-Host (Chernyshov Aleksandr Aleksandrovich),RU,38409,VULNERABLE,50.520078627404956,46.02306751021896,45.788747428987996,Unknown
8167,V.tal,BR,38409,SECURE,50.52235673930568,46.02306751021896,45.78614387252988,SECURE (Transitioning)
62255,BiMajLink d.o.o.,SI,38409,VULNERABLE,50.522356739305785,46.02306751021896,45.78614387252988,Unknown
23764,China Telecom Global,HK,38409,VULNERABLE,50.51987555000117,46.02046395376084,45.788747428987996,Unknown
7713,PT Telkom Indonesia Tbk,ID,38409,SECURE,50.51984170376731,46.02046395376084,45.788747428987996,SECURE (Transitioning)
12389,Rostelecom PJSC,RU,38409,SECURE,50.51981046108978,46.02046395376084,45.788747428987996,SECURE (Transitioning)
52468,UFINET PANAMA S.A.,PA,38409,SECURE,50.51990939623507,46.02046395376084,45.788747428987996,SECURE (Transitioning)
37468,Angola Cables,AO,38409,SECURE,50.52009945585652,46.02306751021896,45.788747428987996,SECURE (Transitioning)
9304,HGC Global Communications Limited,HK,38409,SECURE,50.51993543179975,46.02046395376084,45.788747428987996,SECURE (Transitioning)
35598,INETCOM CARRIER LLC,RU,38409,VULNERABLE,50.5223567393058,46.02306751021896,45.78614387252988,Unknown
13786,"Seaborn (Seabras USA, LLC)",US,38409,SECURE,50.51975318284759,46.02046395376084,45.788747428987996,SECURE (Transitioning)
7738,V.tal,BR,38409,SECURE,50.5223567393057,46.02306751021896,45.78614387252988,SECURE (Transitioning)
7922,"Comcast Cable Communications, LLC",US,23901,SECURE,53.62197397598423,48.458223505292665,42.10702481067738,SECURE (Transitioning)
5405,Inter.link GmbH,DE,23119,SECURE,53.40088671655346,48.28063497556123,42.436956615770576,SECURE (Transitioning)
264409,Huge Networks,BR,21377,VULNERABLE,49.43455115310849,44.78645272956916,46.79796042475558,Unknown
26615,TIM S/A,BR,19908,SECURE,49.517379947759636,44.78601567209162,46.64958810528431,SECURE (Transitioning)
137409,GSL Networks Pty LTD,AU,19557,SECURE,53.417369739735136,48.20780283274531,42.38380119650253,SECURE (Transitioning)
262589,SAMM,BR,19524,SECURE,50.43762036467938,45.51321450522434,45.53882401147306,SECURE (Transitioning)
6663,Türk Telekom International,RO,19165,VULNERABLE,52.917813722932415,47.82154969997391,42.968953822071484,Unknown
22381,SAMM (Megatelecom),BR,19106,SECURE,50.36120590390451,45.483094315921704,45.68198471684288,SECURE (Transitioning)
9121,Turk Telekom,TR,18912,SECURE,54.032751692047434,49.00063451776649,41.89403553299492,SECURE (Transitioning)
8529,Zain Omantel International FZ-LLC,AE,18641,VULNERABLE,52.744643527707744,47.577919639504316,43.05563006276487,Unknown
34984,Superonline Iletisim Hizmetleri A.S.,TR,18580,SECURE,53.44519913885906,48.363832077502686,42.45425188374596,SECURE (Transitioning)
53062,ALT | GRUPO BRASIL TECPAR,BR,18358,SECURE,50.69055452663685,45.707593419762496,45.27181610197189,SECURE (Transitioning)
6830,Liberty Global Europe Holding B.V.,NL,18125,SECURE,59.22095999999997,53.362758620689654,36.25379310344828,SECURE (Transitioning)
14840,BR.DIGITAL ,BR,18107,SECURE,51.05248246534486,46.004307726293696,44.86662616667587,SECURE (Transitioning)
29049,Delta Telecom Ltd,AZ,18089,SECURE,52.60797169550555,47.48189507435458,43.2417491293051,SECURE (Transitioning)
267613,ELETRONET S.A.,BR,17918,SECURE,51.14367674963723,46.048666145775194,44.7259738810135,SECURE (Transitioning)
37662,West Indian Ocean Cable Company (WIOCC),MU,17717,VULNERABLE,51.22136930631599,46.07439182705876,44.58994186374669,Unknown
37100,SEACOM Limited,MU,17364,SECURE,51.45126698917302,46.27390002303617,44.344621055056436,SECURE (Transitioning)
30844,Liquid Intelligent Technologies ,GB,17364,VULNERABLE,51.450754434462155,46.27390002303617,44.344621055056436,Unknown
13335,"Cloudflare, Inc.",US,17364,SECURE,51.447051370651955,46.26814098134071,44.344621055056436,SECURE (Transitioning)
8220,COLT,GB,14278,SECURE,57.398634262501766,51.7299341644488,38.00252136153523,SECURE (Transitioning)
28917,"Fiord Networks, UAB",LT,12825,VULNERABLE,54.99244444444443,49.91812865497076,40.966861598440545,Unknown
8708,DIGI ROMANIA S.A.,RO,11063,SECURE,59.96143903100422,55.04835939618549,36.36445810358854,SECURE (Transitioning)
21215,UNITED GROUP NETWORK INFRASTRUCTURE d.o.o. Beograd,RS,10888,VULNERABLE,59.65567597354884,54.67487141807494,36.636664217487144,Unknown
39386,Saudi Telecom Company JSC,SA,10569,VULNERABLE,57.14464944649451,51.206358217428324,38.10199640457943,Unknown
3223,Voxility LLP,GB,10563,VULNERABLE,59.026280412761515,54.09448073463978,37.29054245952854,Unknown
3549,Lumen (fka. Global Crossing),US,10399,SECURE,55.05290893355138,49.38936436195788,40.38849889412444,SECURE (Transitioning)
23520,"Columbus Networks USA, Inc.",US,10367,VULNERABLE,57.50841130510278,51.403491849136685,37.66759911256873,Unknown
3741,Dimension Data,ZA,10232,VULNERABLE,55.22772673964041,49.50156372165754,40.2756059421423,Unknown
50384,W-IX Route Servers,RU,10219,VULNERABLE,56.88654467169003,51.53146100401214,38.87855954594383,Unknown
8218,Zayo Europe,FR,10071,SECURE,59.907814516929854,53.92711746599146,35.50789395293417,SECURE (Transitioning)
9049,"JSC ""ER-Telecom Holding""",RU,10000,VULNERABLE,55.72534000000004,50.39,40.07,Unknown
17494,Bangladesh Telegraph & Telephone Board,BD,9990,VULNERABLE,63.42120120120125,57.85785785785785,32.37237237237237,Unknown
2497,Internet Initiative Japan Inc.,JP,9778,SECURE,48.96708938433228,43.76150542033135,46.80916342810391,SECURE (Transitioning)
60171,AFR-IX TELECOM S.A.,ES,9720,VULNERABLE,55.978703703703765,50.20576131687243,39.50617283950617,Unknown
4788,TM Technology Services Sdn. Bhd.,MY,9633,SECURE,59.969033530572,53.991487594726465,35.45105366967715,SECURE (Transitioning)
16637,MTN SA (Bayobab),ZA,9603,VULNERABLE,56.22485681557853,50.45298344267416,39.25856503176091,Unknown
38193,Transworld Associates (Pvt.) Ltd.,PK,9215,VULNERABLE,59.480065111231745,53.55398806294086,35.952251763429196,Unknown
1031,PEER 1031 LLC,US,9208,VULNERABLE,42.295167245873195,38.46655082536925,54.7241529105126,Unknown
37271,Workonline Communications(Pty) Ltd,ZA,9204,VULNERABLE,57.2530856149501,51.34724033029118,38.13559322033898,Unknown
18678,INTERNEXA S.A. E.S.P,CO,9171,VULNERABLE,57.784047541162394,51.66285028895431,37.37869370842874,Unknown
15830,"Equinix, Inc.",NL,9097,SECURE,49.830955259975966,44.55314938990876,45.91623612179839,SECURE (Transitioning)
200612,Gulf Bridge International Inc.,VG,9037,VULNERABLE,57.43220095164332,51.333407104127474,37.77802368042492,Unknown
201706,SERVICEPIPE LLC,RU,9006,VULNERABLE,57.94123917388419,52.498334443704195,37.808127914723514,Unknown
13030,Init7 (Switzerland) Ltd.,CH,8984,SECURE,57.769067230632274,51.85886019590383,37.68922528940338,SECURE (Transitioning)
32098,Flō Networks (Transtelco Inc.),US,8943,SECURE,57.432863692273365,51.313876775131384,37.85083305378508,SECURE (Transitioning)
45430,SBN-IIG/AWN-IIG transit provider,TH,8870,VULNERABLE,59.043179255918886,53.11161217587374,36.36978579481398,Unknown
35280,F5 Networks SARL,FR,8830,VULNERABLE,53.87857304643273,48.57304643261608,42.083805209513024,Unknown
9505,Taiwan Internet Gateway,TW,8797,VULNERABLE,58.87264976696605,52.949869273616,36.56928498351711,Unknown
17557,Pakistan Telecommunication Company Limited,PK,8781,VULNERABLE,59.10093383441528,53.09190297232661,36.317048172189956,Unknown
4648,Spark New Zealand,NZ,8779,VULNERABLE,56.86143068686645,50.82583437749174,38.44401412461556,Unknown
136106,PT Mega Akses Persada,ID,8748,VULNERABLE,58.95869913123,53.05212620027435,36.522633744855966,Unknown
3462,HiNet (Chunghwa Telecom),TW,8729,SECURE,58.4187421239547,52.52606255012029,37.048917401764236,SECURE (Transitioning)
4657,StarHub Ltd,SG,8729,VULNERABLE,57.43499828159015,51.49501661129568,37.94249054874556,Unknown
9680,HiNet Service Center in U.S.A,TW,8729,VULNERABLE,58.41863901936082,52.52606255012029,37.048917401764236,Unknown
29076,Citytelecom LLC,RU,8673,VULNERABLE,55.9882624236136,50.674507090971986,39.778623313732275,Unknown
17408,AboveNet Communications Taiwan,TW,8666,SECURE,58.629229171474776,52.71174705746596,36.810523886452806,SECURE (Transitioning)
4800,PT Aplikanusa Lintasarta,ID,8632,VULNERABLE,58.57687673772018,52.5949953660797,36.80491195551436,Unknown
50263,A-Systems Sp. z o.o.,PL,8608,VULNERABLE,55.548001858736136,50.01161710037175,40.137081784386616,Unknown
135069,Feenix Communications Limited,NZ,8584,VULNERABLE,58.29260251630945,52.318266542404466,37.12721342031687,Unknown
702,Verizon Business - EMEA,US,8540,SECURE,57.11989461358319,51.112412177985945,38.17330210772833,SECURE (Transitioning)
1257,Tele2 Sverige AB,EU,8529,SECURE,57.9296283268848,51.94043850392778,37.46042912416461,SECURE (Transitioning)
1680,Cellcom Fixed Line Communication L.P,IL,8506,VULNERABLE,57.92506466023991,51.92805078767928,37.444157065600756,Unknown
8551,Bezeq International Ltd.,IL,8502,VULNERABLE,57.851082098329876,51.84662432368854,37.49705951540814,Unknown
4837,China Unicom Backbone,CN,8491,SECURE,57.34175008832882,51.4073725120716,38.063832293016134,SECURE (Transitioning)
9269,Hong Kong Broadband Network Ltd.,HK,8484,SECURE,58.39388260254601,52.42809995285243,37.02263083451202,SECURE (Transitioning)
18041,Taiwan Digital Streaming Co.,TW,8473,VULNERABLE,57.50363507612419,51.51658208426767,37.84964003304614,Unknown
703,Verizon Business - APAC,US,8399,VULNERABLE,57.704726753184936,51.696630551256106,37.63543278961781,Unknown
4775,Globe Telecoms,PH,8384,SECURE,57.90883826335885,51.94417938931297,37.48807251908397,SECURE (Transitioning)
135607,Infinivan Incorporated,PH,8380,VULNERABLE,58.40113365155139,52.434367541766115,37.01670644391408,Unknown
19551,Incapsula Inc,US,8301,VULNERABLE,58.13444163353819,52.13829659077219,37.26057101554029,Unknown
9930,TIME dotCom Bhd,MY,8301,VULNERABLE,58.1346825683653,52.13829659077219,37.26057101554029,Unknown
7552,Viettel Group,VN,8301,VULNERABLE,58.133730875798136,52.13829659077219,37.26057101554029,Unknown
45903,CMC Telecom Infrastructure Company,VN,8301,VULNERABLE,58.1404890976991,52.15034333212866,37.26057101554029,Unknown
10099,China Unicom Global,HK,8301,VULNERABLE,58.139404890977005,52.15034333212866,37.26057101554029,Unknown
45899,VNPT Corp,VN,8301,SECURE,58.13401999759069,52.13829659077219,37.26057101554029,SECURE (Transitioning)
18403,FPT Telecom Company,VN,8301,SECURE,58.13373087579815,52.13829659077219,37.26057101554029,SECURE (Transitioning)
4229,Zenlayer Inc,US,8301,SECURE,58.13974219973501,52.15034333212866,37.26057101554029,SECURE (Transitioning)
21859,Zenlayer Inc,US,8301,VULNERABLE,58.138802553909215,52.15034333212866,37.26057101554029,Unknown
9299,PLDT (Philippine Long Distance Telephone Company),PH,8301,SECURE,58.13383929647038,52.13829659077219,37.26057101554029,SECURE (Transitioning)
4635,HKIX Route Servers,HK,8301,VULNERABLE,58.145765570413246,52.15034333212866,37.24852427418383,Unknown
7545,TPG Telecom Limited,AU,8048,SECURE,52.66979373757463,47.365805168986086,43.290258449304176,SECURE (Transitioning)
2764,AAPT Limited,AU,8048,SECURE,52.66983101391657,47.365805168986086,43.290258449304176,SECURE (Transitioning)
51219,K2 Integration JSC,RU,7214,VULNERABLE,58.621375103964546,53.16052120876075,37.16384807319102,Unknown
199599,"Telecom-Birzha, LLC",RU,7214,VULNERABLE,58.62364846132523,53.16052120876075,37.149986138064875,Unknown
20473,"The Constant Company, LLC",US,7060,SECURE,52.44881019830037,47.25212464589235,43.654390934844194,SECURE (Transitioning)
59796,StormWall s.r.o.,SK,6970,VULNERABLE,59.274691535150716,53.81635581061693,36.55667144906743,Unknown
43298,Storm Networks LLC,RU,6970,VULNERABLE,59.27469153515069,53.81635581061693,36.55667144906743,Unknown
22927,Telefonica de Argentina,AR,6889,SECURE,56.450007257947426,50.3846712149804,39.00420960952243,SECURE (Transitioning)
7303,Telecom Argentina S.A.,AR,6521,SECURE,55.887103205029895,49.77764146603282,39.59515411746665,SECURE (Transitioning)
10075,Fiber@Home Global Limited,BD,6409,VULNERABLE,60.33880480574197,55.063192385707595,35.76220939304103,Unknown
6204,INTERKVM HOST SRL,RO,6388,VULNERABLE,53.92528177833438,48.60676268002504,42.1571696931747,Unknown
17762,Tata Teleservices Maharashtra Ltd,IN,6377,VULNERABLE,57.442355339501404,51.56029480947154,38.10569233181747,VULNERABLE (Mixed)
45820,Tata Teleservices ISP,IN,6307,VULNERABLE,57.193530997304656,51.33978119549707,38.33835420960837,VULNERABLE (Mixed)
50673,Serverius Holding B.V.,NL,6264,SECURE,56.23307790549176,50.38314176245211,39.30395913154534,SECURE (Transitioning)
41798,JSC Transtelecom,KZ,6137,SECURE,51.25527130519802,45.413068274401176,44.142088968551406,SECURE (Transitioning)
60299,Mezhdugorodnyaya Mezhdunarodnaya Telefonnaya Stanciya Ltd.,RU,6137,VULNERABLE,51.27071859214606,45.42936288088642,44.12579436206616,Unknown
35168,TNS-Plus LLP,KZ,6137,VULNERABLE,51.26975721036343,45.42936288088642,44.12579436206616,Unknown
43727,JSC KVANT-TELEKOM,RU,6137,VULNERABLE,51.27071859214606,45.42936288088642,44.12579436206616,Unknown
9198,JSC Kazakhtelecom,KZ,6137,VULNERABLE,51.25522242137857,45.413068274401176,44.142088968551406,Unknown
50509,Transroute.Net,RU,6137,VULNERABLE,51.26257128890343,45.42936288088642,44.142088968551406,Unknown
59692,IQWeb FZ-LLC,AE,6003,VULNERABLE,56.30584707646179,49.77511244377811,38.4807596201899,Unknown
5617,Orange Polska Spolka Akcyjna,PL,5921,SECURE,54.2087823002872,47.96487079885154,40.88836345211958,SECURE (Transitioning)
133296,Web Werks India Pvt. Ltd.,IN,5842,VULNERABLE,55.352173913043494,49.48647723382403,40.14036288942143,Unknown
8447,A1 Telekom Austria AG,AT,5669,SECURE,55.05189627800322,49.620744399364966,40.88904568707003,SECURE (Transitioning)
8717,A1 Bulgaria EAD,BG,5180,VULNERABLE,55.78361003861008,50.27027027027027,40.115830115830114,Unknown
53013,WIXNET DO BRASIL LTDA - ME,BR,5115,SECURE,37.95020527859236,35.83577712609971,60.547409579667644,SECURE (Transitioning)
44901,Belcloud LTD,BG,5083,VULNERABLE,55.32563446783401,49.81310249852449,40.54692110958096,Unknown
56534,Comfortel Ltd.,RU,5057,VULNERABLE,58.680937314613395,52.04666798497133,36.16768835277833,Unknown
207168,Business Trade Ltd,RU,4980,VULNERABLE,58.73337349397594,52.108433734939766,36.12449799196787,VULNERABLE (Mixed)
8732,JSC Comcor,RU,4979,VULNERABLE,58.74516971279374,52.11889937738502,36.111669009841336,Unknown
42861,Foton Telecom CJSC,RU,4979,VULNERABLE,58.74516971279377,52.11889937738502,36.111669009841336,Unknown
34927,iFog GmbH,CH,4977,SECURE,51.125396825396805,45.77054450472172,44.90657022302592,SECURE (Transitioning)
138840,PT Parsaoran Global Datatrans,ID,4891,VULNERABLE,53.29611531384175,47.65896544673891,42.52709057452464,Unknown
39392,SH.cz s.r.o.,CZ,4807,VULNERABLE,56.51562304971915,49.82317453713335,38.61035989182442,Unknown
32097,"WholeSale Internet, Inc.",US,4789,VULNERABLE,50.36840676550425,44.53956984756734,45.145124243057005,Unknown
4230,Claro (Embratel),BR,4667,SECURE,39.53884722519817,36.85451039211485,58.174416113134775,SECURE (Transitioning)
9507,NextHop Pty Ltd,AU,4621,VULNERABLE,56.04133304479546,48.97208396450984,38.77948495996538,Unknown
7843,Charter Communications Inc,US,4583,SECURE,41.00159284311585,34.6279729434868,53.37115426576479,SECURE (Transitioning)
20115,Charter Communications LLC,US,4583,SECURE,41.0021165175649,34.6279729434868,53.37115426576479,SECURE (Transitioning)
208972,GIBIRNet Iletisim,TR,4558,SECURE,52.39945151382187,46.84071961386573,43.50592365072401,SECURE (Transitioning)
199524,Gcore S.A.,LU,4308,SECURE,50.18270659238626,44.475394614670385,45.61281337047354,SECURE (Transitioning)
46887,Crown Castle Fiber LLC,US,4297,SECURE,41.46141494065625,35.257156155457295,53.246451012334184,SECURE (Transitioning)
1828,Unitas Global,US,4265,VULNERABLE,42.068933177022245,35.84994138335287,52.942555685814774,Unknown
61649,CONECT TELECOMUNICACOES COMUNICACOES E MULTIMIDIA,BR,4253,VULNERABLE,39.000517281918654,36.84458029626146,59.487420644251124,VULNERABLE (Mixed)
61568,ALOO TELECOM - FSF TECNOLOGIA SA,BR,4218,SECURE,45.62273589378854,40.564248458985304,50.4741583688952,SECURE (Transitioning)
64289,Macarne.com,US,4139,VULNERABLE,49.392631070306855,43.706209229282436,46.412176854312634,Unknown
60068,Datacamp Limited (CDN77 / DataPacket),GB,4138,SECURE,56.23748187530204,49.27501208313195,38.69018849685838,SECURE (Transitioning)
44530,HOPUS SAS,FR,4095,SECURE,60.96742368742368,54.35897435897436,33.894993894993895,SECURE (Transitioning)
23911,China Next Generation Internet Beijing IX,CN,3987,VULNERABLE,0.07883120140456484,0.05016302984700275,99.84951091045899,Unknown
577,Bell Canada,CA,3977,SECURE,45.58574302237866,38.34548654764898,48.62962031682173,SECURE (Transitioning)
1820,WNET TELECOM USA Corp.,US,3971,VULNERABLE,57.58010576680937,51.32208511709897,37.69831276756484,Unknown
3303,Swisscom (Schweiz) AG,CH,3970,SECURE,55.886095717884146,48.942065491183875,38.91687657430731,SECURE (Transitioning)
53427,TGLOBAL NETWORKS,US,3954,VULNERABLE,49.13829033889734,43.29792615073343,46.48457258472433,Unknown
38255,China Education and Research Network (CERNET),CN,3941,VULNERABLE,0.0,0.0,100.0,Unknown
20562,Open Peering (Broadband Hosting B.V.),NL,3889,VULNERABLE,60.0344047312934,52.60992543070198,34.48187194651581,Unknown
47734,Telecom IT Solutions SRL,RO,3792,VULNERABLE,58.26112869198313,50.9493670886076,36.366033755274266,Unknown
13004,Serbian Open Exchange DOO,RS,3744,VULNERABLE,55.7470352564103,48.717948717948715,38.91559829059829,Unknown
35320,Eurotranstelecom Ltd,UA,3714,SECURE,54.979859989229936,48.411416262789444,40.199246095853525,SECURE (Transitioning)
52873,Softdados Telecomunicações,BR,3709,SECURE,46.089592882178486,40.52305203558911,49.71690482609868,SECURE (Transitioning)
38757,PT Indonesia Comnets Plus,ID,3513,VULNERABLE,58.64358098491319,51.77910617705665,36.3222317107885,Unknown
6327,Shaw Communications,CA,3510,SECURE,47.701452991452996,40.34188034188034,46.58119658119658,SECURE (Transitioning)
28329,SAMM  (G8/Megatelecom),BR,3506,SECURE,50.54945807187677,44.381061038220196,44.66628636622932,SECURE (Transitioning)
57344,Telehouse EAD,BG,3469,VULNERABLE,58.552320553473656,51.02334966849236,35.86047852407034,Unknown
136557,Host Universal Pty Ltd,AU,3432,VULNERABLE,56.24930069930069,48.892773892773896,38.4032634032634,Unknown
209,Lumen (ex. Qwest),US,3410,SECURE,45.591524926686226,38.7683284457478,48.82697947214076,SECURE (Transitioning)
29226,MasterTel,RU,3405,VULNERABLE,52.581321585903105,45.43318649045521,41.61527165932452,Unknown
13237,euNetworks GmbH,DE,3383,VULNERABLE,54.748861956843065,47.29530002955956,39.49157552468223,Unknown
4761,PT Indosat Tbk,ID,3350,VULNERABLE,58.82668656716417,51.910447761194035,36.179104477611936,Unknown
31216,BSO Network Solutions SAS,FR,3347,VULNERABLE,58.561726919629535,52.046608903495674,36.450552733791454,Unknown
20804,Exatel S.A.,PL,3343,VULNERABLE,52.116512114866886,44.989530361950344,42.20759796589889,Unknown
22773,Cox Communications Inc.,US,3334,SECURE,48.101199760048,41.03179364127175,45.95080983803239,SECURE (Transitioning)
11404,Wave Broadband,US,3327,SECURE,54.1307484220018,47.00931770363691,40.4268109407875,SECURE (Transitioning)
4455,IX Reach Ltd,GB,3314,VULNERABLE,58.41128545564275,51.87085093542547,36.572118286059144,Unknown
23947,PT Mora Telematika Indonesia Tbk,ID,3288,SECURE,58.71468978102189,51.70316301703163,36.10097323600973,SECURE (Transitioning)
3292,TDC Holding A/S,DK,3283,SECURE,55.9245811757539,48.522692659153215,38.53183064270485,SECURE (Transitioning)
38040,TOT Public Company Limited,TH,3277,VULNERABLE,57.91031431187062,50.74763503204151,36.6188587122368,Unknown
6057,Administracion Nacional de Telecomunicaciones,UY,3276,VULNERABLE,53.289652014652006,46.275946275946275,41.269841269841265,Unknown
50581,Ukrainian Telecommunication Group LLC,UA,3260,VULNERABLE,53.64981595092024,46.99386503067485,41.34969325153374,Unknown
396998,"Path Network, Inc.",US,3250,VULNERABLE,55.27636923076922,47.93846153846154,39.26153846153846,Unknown
197563,"""GLOBALNET UA"" LLC",UA,3241,VULNERABLE,54.06414686825054,47.42363468065412,40.94415303918544,VULNERABLE (Mixed)
58717,Summit Communications Ltd,BD,3239,VULNERABLE,64.50679221982094,58.13522692188947,30.873726458783572,Unknown
36994,Vodacom,ZA,3218,VULNERABLE,49.06848974518338,42.728402734617774,46.1466749533872,Unknown
199995,Omega Telecom LLC,UA,3215,VULNERABLE,53.79838258164852,47.1850699844479,41.21306376360809,Unknown
2603,NORDUnet,DK,3201,VULNERABLE,53.214745392064984,46.11059044048735,41.362074351765074,Unknown
39737,Prime Telecom srl,RO,3188,VULNERABLE,58.742346298619815,51.97616060225847,36.166875784190715,Unknown
5713,Telkom SA Ltd.,ZA,3175,VULNERABLE,49.49319685039373,43.1496062992126,45.70078740157481,Unknown
37282,Mainone Cable Company,NG,3165,VULNERABLE,53.61633491311216,46.25592417061611,40.78988941548183,Unknown
6730,Sunrise GmbH,CH,3164,SECURE,55.50815423514537,48.419721871049305,39.06447534766119,SECURE (Transitioning)
9009,M247 Europe SRL,RO,3158,SECURE,55.946896770107706,48.38505383153895,38.410386320455984,SECURE (Transitioning)
57724,DDOS-GUARD LTD,RU,3158,VULNERABLE,54.60265991133629,47.18176060797973,39.48701709943002,Unknown
8262,Evolink EAD,BG,3151,VULNERABLE,58.31847032688036,51.634401777213576,36.6232941923199,Unknown
812,Rogers Communications Canada Inc.,CA,3123,SECURE,48.130643611911616,40.89016970861351,46.20557156580211,SECURE (Transitioning)
36236,"NetActuate, Inc",US,3119,SECURE,53.548637383776864,46.32895158704713,40.84642513626162,SECURE (Transitioning)
9141,P4 Sp. z o.o.,PL,3098,SECURE,51.4139767591995,44.415752098127825,43.156875403486126,SECURE (Transitioning)
41095,IPTP LTD,GB,3098,VULNERABLE,56.1411233053583,48.80568108457069,38.44415752098128,Unknown
47147,Anexia Cloud Solutions GmbH,AT,3088,SECURE,55.63552461139899,48.380829015544045,38.924870466321245,SECURE (Transitioning)
7029,Windstream Communications LLC,US,3084,SECURE,47.025551232166,40.01297016861219,47.47081712062256,SECURE (Transitioning)
38158,PT Cyberindo Aditama,ID,3078,VULNERABLE,57.88313840155945,51.137102014294996,37.03703703703704,Unknown
9730,Bharti Telesonic Ltd,IN,3075,VULNERABLE,61.02692682926827,54.04878048780488,33.951219512195124,VULNERABLE (Mixed)
49800,GNC-Alfa CJSC,AM,3069,SECURE,56.00697295536006,48.615184099055064,38.15575105897687,SECURE (Transitioning)
17676,SoftBank Corp.,JP,3056,SECURE,53.507951570680625,46.138743455497384,40.83769633507853,SECURE (Transitioning)
31253,Jusan Mobile JSC,KZ,3047,VULNERABLE,54.76219232031506,47.09550377420413,39.28454217262882,VULNERABLE (Mixed)
35104,Jusan Mobile JSC,KZ,3047,VULNERABLE,54.73052182474565,47.062684607810965,39.317361339021986,Unknown
9116,Partner Communications Ltd.,IL,3040,VULNERABLE,50.22789473684213,42.828947368421055,44.046052631578945,VULNERABLE (Mixed)
12400,Partner Communications Ltd.,IL,3039,VULNERABLE,50.213425468904276,42.810134912800265,44.060546232313264,Unknown
63927,RISE,HK,3031,SECURE,56.559551303200244,49.22467832398548,37.94127350709337,SECURE (Transitioning)
39801,France-IX L3 Services,FR,3030,VULNERABLE,53.90244224422438,46.930693069306926,40.95709570957096,Unknown
7049,Silica Networks Argentina S.A.,AR,3030,VULNERABLE,57.309834983498334,50.132013201320134,37.16171617161716,Unknown
35133,Eranium B.V.,NL,3024,VULNERABLE,52.688194444444406,45.767195767195766,42.294973544973544,Unknown
21299,Kar-Tel LLC,KZ,3023,VULNERABLE,54.7312934171353,47.20476347998677,39.39794905722792,Unknown
35566,Kar-Tel LLC,KZ,3023,VULNERABLE,54.731326496857434,47.20476347998677,39.39794905722792,VULNERABLE (Mixed)
141013,GetaFIX Content Network,PH,3017,SECURE,56.49260855154125,49.15478952601923,38.01789857474312,SECURE (Transitioning)
21320,GEANT Vereniging,NL,3016,VULNERABLE,52.652453580901884,45.55702917771883,41.94297082228117,Unknown
34549,meerfarbig GmbH & Co. KG,DE,3016,SECURE,51.23720159151191,44.33023872679045,43.79973474801061,SECURE (Transitioning)
37358,BitCo,ZA,3002,VULNERABLE,49.7290473017988,43.204530313124586,45.36975349766822,Unknown
205516,NLS ASTANA LLP,KZ,2997,VULNERABLE,54.77307307307308,47.180513847180514,39.30597263930598,Unknown
15549,National Information Technologies Joint-Stock Company,KZ,2997,VULNERABLE,54.80570570570571,47.21388054721388,39.2726059392726,VULNERABLE (Mixed)
34224,Neterra Ltd.,BG,2993,VULNERABLE,58.17129969929836,51.31974607417307,36.652188439692615,Unknown
197453,Biz Telecom LLC,RU,2988,VULNERABLE,55.01579651941098,47.52342704149933,39.2904953145917,Unknown
55002,"F5, Inc.",US,2988,SECURE,55.94682061579652,48.99598393574297,38.82195448460509,SECURE (Transitioning)
31713,Gateway Communications,BE,2985,VULNERABLE,49.75520938023451,43.21608040201005,45.32663316582914,VULNERABLE (Mixed)
37497,Network Platforms (PTY) LTD,ZA,2984,SECURE,49.74034852546917,43.1970509383378,45.34182305630027,SECURE (Transitioning)
200590,NLS Kazakhstan LLC,KZ,2984,SECURE,54.69115281501341,47.1514745308311,39.41018766756032,SECURE (Transitioning)
39134,EDINAYA SET LIMITED LIABILITY COMPANY,RU,2982,VULNERABLE,55.00385647216635,47.48490945674044,39.10127431254192,Unknown
37613,DOLPHIN TELECOMMUNICATION LIMITED,GH,2981,VULNERABLE,47.364877557866464,40.858772224085875,47.735659174773566,Unknown
39561,"""Domain names registrar REG.RU"", Ltd",RU,2980,VULNERABLE,55.00721476510069,47.48322147651007,39.09395973154363,VULNERABLE (Mixed)
15576,NTS workspace AG,CH,2977,SECURE,56.698253275109195,49.34497816593886,37.756130332549546,SECURE (Transitioning)
1764,Next Layer Telecommunications,AT,2976,SECURE,52.075604838709666,45.127688172043015,42.74193548387097,SECURE (Transitioning)
25478,iHome LLC,RU,2972,VULNERABLE,49.334724091520854,42.59757738896366,45.423956931359356,Unknown
12555,Data-center IMAQLIQ Ltd.,RU,2971,VULNERABLE,54.81730057219793,47.29047458768091,39.24604510265904,Unknown
28840,"PJSC ""TATTELECOM""",RU,2968,VULNERABLE,54.66718328840971,47.16981132075472,39.42048517520216,Unknown
50629,LWLcom GmbH,DE,2966,SECURE,53.759069453809815,46.79703304113284,41.20026972353338,SECURE (Transitioning)
59900,B-IX Route Servers,BG,2965,VULNERABLE,58.05824620573356,51.06239460370995,36.62731871838111,Unknown
50867,HOSTKEY B.V.,NL,2964,VULNERABLE,54.808029689608645,47.30094466936573,39.27125506072874,Unknown
7632,PT Link Net Tbk,ID,2960,VULNERABLE,57.50422297297296,50.43918918918919,37.33108108108108,Unknown
15702,euNetworks GmbH,DE,2960,VULNERABLE,55.39699324324327,48.00675675675676,39.054054054054056,Unknown
205952,"LLC ""ASTRA CLOUD""",RU,2960,VULNERABLE,54.814932432432435,47.2972972972973,39.25675675675676,VULNERABLE (Mixed)
49505,JSC Selectel,RU,2959,SECURE,54.80189253126058,47.27948631294356,39.27002365664076,SECURE (Transitioning)
57304,RETN Russia,RU,2959,VULNERABLE,54.7996620479892,47.27948631294356,39.27002365664076,Unknown
197068,High Load Lab (Qrator),RU,2959,VULNERABLE,54.79966204798917,47.27948631294356,39.27002365664076,Unknown
200449,Qrator Labs CZ s.r.o.,CZ,2959,VULNERABLE,54.79966204798917,47.27948631294356,39.27002365664076,Unknown
50340,Selectel - Moscow,RU,2959,SECURE,54.80077728962489,47.27948631294356,39.27002365664076,SECURE (Transitioning)
34309,Link11 GmbH,DE,2957,VULNERABLE,53.93709841055124,46.53364896854921,40.514034494420024,Unknown
56630,Melbikomas UAB,LT,2956,VULNERABLE,55.18897158322057,47.6319350473613,39.073071718538564,Unknown
8849,Melbikomas UAB,LT,2956,VULNERABLE,55.19079837618404,47.6319350473613,39.073071718538564,Unknown
8412,T-Mobile Austria GmbH,AT,2950,SECURE,55.38616949152545,48.0,39.05084745762712,SECURE (Transitioning)
8245,Video-Broadcast GmbH,AT,2950,VULNERABLE,55.38589830508477,48.0,39.05084745762712,Unknown
37195,NAPAfrica,ZA,2945,VULNERABLE,48.77096774193547,42.13921901528014,46.28183361629881,VULNERABLE (Mixed)
45474,NEXUSGUARD LIMITED,HK,2940,VULNERABLE,55.993129251700694,48.80952380952381,38.50340136054422,Unknown
17665,ONEOTT INTERTAINMENT LIMITED,IN,2940,VULNERABLE,60.28030612244897,53.163265306122454,34.48979591836735,Unknown
16397,Equinix Brasil,BR,2938,VULNERABLE,51.931926480599074,44.89448604492852,42.68209666439755,VULNERABLE (Mixed)
58682,Level3 Carrier Ltd.,BD,2938,VULNERABLE,61.46892443839347,54.86725663716814,33.662355343771274,Unknown
31027,GlobalConnect A/S,DK,2937,SECURE,53.106673476336425,45.89717398706163,41.50493701055499,SECURE (Transitioning)
12552,GlobalConnect (IP-Only),SE,2937,VULNERABLE,53.118113721484534,45.89717398706163,41.50493701055499,Unknown
139009,Windstream Communication Limited,BD,2936,VULNERABLE,61.43538828337875,54.938692098092645,33.787465940054496,Unknown
4134,China Telecom Backbone,CN,2935,SECURE,46.26500851788756,39.420783645655874,48.24531516183986,SECURE (Transitioning)
30990,Djibouti Telecom SA,DJ,2922,VULNERABLE,49.3062970568104,42.539356605065024,45.65366187542779,Unknown
55655,PT Sarana Insan Muda Selaras,ID,2921,VULNERABLE,57.8307771311195,51.04416295789114,37.213283122218414,Unknown
62000,SERVERD SAS,FR,2920,VULNERABLE,52.740513698630124,45.71917808219178,42.08904109589041,Unknown
5639,Telecommunication Services of Trinidad and Tobago,TT,2916,VULNERABLE,52.35116598079563,45.23319615912209,42.21536351165981,VULNERABLE (Mixed)
27924,AMPLIA COMMUNICATIONS LTD.,TT,2914,SECURE,52.324776938915605,45.2299245024022,42.244337680164726,SECURE (Transitioning)
266830,AIRPOINT TELECOMUNICACIONES LIMITADA,CL,2913,SECURE,52.31125986955031,45.21112255406797,42.25883968417439,SECURE (Transitioning)
264806,TNA Solutions SpA,CL,2913,SECURE,52.308410573292164,45.21112255406797,42.25883968417439,SECURE (Transitioning)
24961,WIIT AG (fka. myLoc Managed IT AG),DE,2913,VULNERABLE,55.053347064881564,48.129076553381395,39.890147614143494,Unknown
263237,PowerHost Telecom SPA,CL,2913,VULNERABLE,52.31071060762104,45.21112255406797,42.25883968417439,Unknown
27986,ENTEL CHILE S.A.,CL,2913,SECURE,52.33803638860284,45.24545142464813,42.25883968417439,SECURE (Transitioning)
6128,Cablevision Systems Corp.,US,2911,SECURE,50.955719683957376,43.31844726897973,42.665750601167986,SECURE (Transitioning)
54004,Optimum WiFi,US,2911,SECURE,50.96104431466847,43.352799725180354,42.665750601167986,SECURE (Transitioning)
8758,Iway AG,CH,2905,VULNERABLE,55.89487091222032,48.46815834767642,38.48537005163511,Unknown
51028,Zummer LLC,RU,2902,VULNERABLE,48.39913852515505,41.69538249483115,46.55410062026189,Unknown
132884,Summit Communications Limited,BD,2896,VULNERABLE,61.00918508287295,54.31629834254144,34.11602209944751,Unknown
150178,EXABYTE LTD,BD,2895,VULNERABLE,60.93734024179619,54.30051813471503,34.16234887737478,Unknown
6866,Cyprus Telecommunications Authority,CY,2891,SECURE,55.47070217917676,47.94188861985472,38.81010031131096,SECURE (Transitioning)
16019,Vodafone Czech Republic a.s.,CZ,2880,SECURE,52.693124999999995,45.69444444444444,42.15277777777778,SECURE (Transitioning)
55818,Matrix Cable Internet Exchange,ID,2878,VULNERABLE,56.8207783182766,49.79152189020153,38.04725503822099,Unknown
45147,PT NAP Info Lintas Nusa,ID,2878,SECURE,56.816990965948605,49.75677553856845,38.04725503822099,SECURE (Transitioning)
29691,Nine Internet Solutions AG,CH,2878,SECURE,55.55347463516332,48.054204308547604,38.77692842251564,SECURE (Transitioning)
61049,Exascale Ltd,GB,2876,VULNERABLE,51.162413073713495,44.1933240611961,43.70653685674548,Unknown
18229,CtrlS,IN,2874,VULNERABLE,59.743945720250544,52.71398747390397,35.142658315935975,Unknown
139901,Apple Communication Ltd.,BD,2868,VULNERABLE,60.46373779637378,53.835425383542535,34.62343096234309,Unknown
38195,Superloop,AU,2864,SECURE,56.174022346368744,48.847765363128495,38.30307262569833,SECURE (Transitioning)
30619,Telecomunicacoes de Mocambique (TDM),MZ,2863,VULNERABLE,48.804505763185446,42.19350331819769,46.245197345441845,VULNERABLE (Mixed)
198949,Radware,IL,2862,VULNERABLE,49.94930118798041,42.662473794549264,44.409503843466105,Unknown
199803,ComSource s.r.o.,CZ,2858,VULNERABLE,53.21343596920923,46.186144156752974,41.56752974107768,Unknown
20459,Telecom Namibia,,2856,VULNERABLE,48.92296918767505,42.26190476190476,46.07843137254902,Unknown
57169,EDIS GmbH,AT,2854,VULNERABLE,55.31986685353888,47.75753328661528,38.96285914505956,Unknown
37697,"WEBMASTERS, LDA.",MZ,2854,SECURE,48.923756131744895,42.29152067274001,46.11072179397337,SECURE (Transitioning)
58715,EARTH TELECOMMUNICATION (Pvt) LTD.,BD,2852,VULNERABLE,60.33695652173913,53.681626928471246,34.747545582047685,Unknown
5580,GTT Communications (APAC),NL,2852,VULNERABLE,55.35262973352033,47.791023842917255,38.955119214586254,Unknown
53121,Infornet Consultoria e Assessoria Ltda,BR,2849,VULNERABLE,48.907511407511386,42.26044226044226,46.12144612144612,Unknown
33765,Tanzania Telecommunications Corporation,TZ,2846,VULNERABLE,48.78338018271255,42.1293042867182,46.240337315530574,Unknown
137491,Peerex Networks Ltd,BD,2846,VULNERABLE,60.30797610681658,53.61911454673226,34.750527055516514,Unknown
19711,SWAZILAND PTC,SZ,2845,VULNERABLE,48.83567662565902,42.1792618629174,46.18629173989455,Unknown
50293,Interfiber Networks LDA,PT,2844,VULNERABLE,48.888009845288295,42.22925457102672,46.132208157524616,Unknown
58389,PT Sumber Data Indonesia,ID,2842,VULNERABLE,56.49964813511614,49.26108374384236,38.17733990147783,Unknown
58552,PT Multidata Rancana Prima,ID,2842,VULNERABLE,56.504785362420854,49.26108374384236,38.17733990147783,VULNERABLE (Mixed)
327708,Airtel Rwanda Ltd,RW,2842,VULNERABLE,48.88722730471496,42.223786066150595,46.12948627726953,Unknown
205996,Interfiber Ltd,GB,2842,VULNERABLE,48.88722730471496,42.223786066150595,46.12948627726953,Unknown
42521,ARCTIC TELECOM Limited Liability Company,RU,2840,VULNERABLE,48.8864436619718,42.21830985915493,46.12676056338028,VULNERABLE (Mixed)
201717,"""66 Parallel"" LLC",RU,2839,SECURE,48.90366326171184,42.23318069742867,46.10778443113773,SECURE (Transitioning)
37616,Airtel Gabon S.A,GA,2839,VULNERABLE,48.90366326171184,42.23318069742867,46.10778443113773,VULNERABLE (Mixed)
150245,PT Sakti Media Telekomunikasi,ID,2839,VULNERABLE,48.90366326171184,42.23318069742867,46.10778443113773,VULNERABLE (Mixed)
48527,Uralskaya energosbytovaya kompaniya Ltd.,RU,2839,VULNERABLE,48.90366326171184,42.23318069742867,46.10778443113773,VULNERABLE (Mixed)
3744,Unknown,XX,2838,VULNERABLE,48.92089499647636,42.248062015503876,46.088794926004226,VULNERABLE (Mixed)
10,CSNET Coordination and Information Center (CSNET-CIC),US,2838,VULNERABLE,48.92089499647636,42.248062015503876,46.088794926004226,Unknown
327707,Airtel Rwanda Ltd,RW,2838,VULNERABLE,48.92089499647636,42.248062015503876,46.088794926004226,VULNERABLE (Mixed)
33763,Paratus Telecommunications Limited,MU,2838,VULNERABLE,48.892635658914706,42.248062015503876,46.12403100775194,Unknown
37447,ORANGE RDC,CD,2838,VULNERABLE,48.92089499647636,42.248062015503876,46.088794926004226,Unknown
37451,CONGO TELECOM,CG,2838,VULNERABLE,48.92089499647636,42.248062015503876,46.088794926004226,Unknown
37273,Bandwidth and Cloud Services Group Ltd,UG,2838,VULNERABLE,48.92089499647636,42.248062015503876,46.088794926004226,Unknown
37133,Airtel Tanzania,TZ,2838,VULNERABLE,48.92089499647636,42.248062015503876,46.088794926004226,Unknown
37440,Airtel Malawi Ltd,MW,2838,VULNERABLE,48.92089499647636,42.248062015503876,46.088794926004226,VULNERABLE (Mixed)
37020,CELTEL DRC,CD,2838,VULNERABLE,48.92089499647636,42.248062015503876,46.088794926004226,Unknown
37075,Airtel Uganda Limited,UG,2838,VULNERABLE,48.92089499647636,42.248062015503876,46.088794926004226,Unknown
37184,Powertel Communications,ZW,2838,VULNERABLE,48.92089499647636,42.248062015503876,46.088794926004226,VULNERABLE (Mixed)
36926,Airtel Networks Kenya Limited,KE,2838,VULNERABLE,48.92089499647636,42.248062015503876,46.088794926004226,Unknown
43668,"""AS43668"" LLC",UA,2833,VULNERABLE,53.69174020472996,46.66431344864102,41.01659018708083,Unknown
13094,"JSC ""ER-Telecom Holding""",RU,2832,VULNERABLE,51.70956920903955,44.456214689265536,42.79661016949153,Unknown
4651,The Communications Authority of Thailand (CAT),TH,2831,VULNERABLE,55.748145531614284,48.25150123631226,38.60826563051925,Unknown
58778,Mango Teleservices Limited for ITC,BD,2826,VULNERABLE,60.07031139419675,53.397027600849256,34.996461429582446,VULNERABLE (Mixed)
17806,Mango Teleservices,BD,2825,VULNERABLE,60.056955752212396,53.38053097345132,35.008849557522126,Unknown
24785,Joint Transit (Broadband Hosting B.V.),NL,2823,VULNERABLE,55.188133191640134,47.67977329082536,39.319872476089266,Unknown
135709,Lightstorm Telecom Connectivity Private Limited,IN,2819,VULNERABLE,59.163533167790014,52.07520397304008,35.68641362185172,VULNERABLE (Mixed)
152144,LIGHTSTORM ASIA PTE. LTD.,SG,2819,VULNERABLE,59.15172046825118,52.03973040085137,35.68641362185172,VULNERABLE (Mixed)
58655,SkyTel Communications Limited,BD,2817,VULNERABLE,59.902981895633665,53.21263755768548,35.10827121050763,Unknown
2516,KDDI Corporation,JP,2807,VULNERABLE,51.30085500534377,44.03277520484503,43.24902030637692,Unknown
6774,BICS (Belgacom),BE,2806,VULNERABLE,52.85566642908054,45.54526015680685,41.696364932287956,Unknown
835,GoCodeIT Inc,CA,2805,VULNERABLE,51.75051693404635,44.70588235294118,42.99465240641711,Unknown
35753,Etihad Salam Telecom CJSC,SA,2805,SECURE,53.463600713012475,46.20320855614973,40.855614973262036,SECURE (Transitioning)
7642,DHIVEHI RAAJJEYGE GULHUN PLC,MV,2800,SECURE,54.41039285714286,46.92857142857143,40.10714285714286,SECURE (Transitioning)
18001,Dialog Axiata PLC.,LK,2800,SECURE,54.41567857142858,46.964285714285715,40.10714285714286,SECURE (Transitioning)
45489,Sri Lanka Telecom PLC,LK,2800,VULNERABLE,54.41039285714286,46.92857142857143,40.10714285714286,Unknown
12578,SIA Tet,LV,2796,SECURE,55.83390557939916,48.855507868383405,38.8412017167382,SECURE (Transitioning)
10217,PT NTT Indonesia,ID,2792,VULNERABLE,55.510386819484275,48.173352435530084,39.11174785100287,Unknown
58800,ACE IT Networks Limited,BD,2787,VULNERABLE,59.53118048080374,52.78076785073556,35.4503049874417,VULNERABLE (Mixed)
17469,Access Telecom (BD) Ltd.,BD,2785,VULNERABLE,59.49044883303412,52.74685816876122,35.511669658886895,VULNERABLE (Mixed)
58704,Intraglobe Communications Ltd.,BD,2785,VULNERABLE,59.49044883303412,52.74685816876122,35.511669658886895,VULNERABLE (Mixed)
23923,Agni Systems Limited,BD,2785,VULNERABLE,59.50240574506285,52.74685816876122,35.47576301615799,VULNERABLE (Mixed)
64018,Md. Abdul Awual t/a Cyber Way Technology,BD,2782,VULNERABLE,59.48271028037384,52.731847591660674,35.51401869158878,VULNERABLE (Mixed)
58599,Cybergate Limited,BD,2781,VULNERABLE,59.46814095649049,52.71485077310321,35.526788924847175,VULNERABLE (Mixed)
135654,Internet @ Home Limited,BD,2781,VULNERABLE,59.46814095649049,52.71485077310321,35.526788924847175,VULNERABLE (Mixed)
59378,ADN International Gateway Limited,BD,2781,VULNERABLE,59.46814095649049,52.71485077310321,35.526788924847175,VULNERABLE (Mixed)
132436,Tahoe Communication Limited,BD,2780,VULNERABLE,59.45356115107914,52.69784172661871,35.539568345323744,VULNERABLE (Mixed)
23688,Link3 Technologies Ltd.,BD,2780,VULNERABLE,59.45370503597123,52.69784172661871,35.539568345323744,VULNERABLE (Mixed)
24323,aamra networks limited,BD,2780,VULNERABLE,59.45428057553956,52.69784172661871,35.539568345323744,VULNERABLE (Mixed)
38562,Innovative Online Limited,BD,2780,VULNERABLE,59.45356115107914,52.69784172661871,35.539568345323744,VULNERABLE (Mixed)
24122,BDCOM Online Limited,BD,2780,VULNERABLE,59.45356115107914,52.69784172661871,35.539568345323744,VULNERABLE (Mixed)
58656,bdHUB Limited,BD,2780,VULNERABLE,59.48079136690648,52.73381294964029,35.539568345323744,VULNERABLE (Mixed)
138640,HelloTech Limited,BD,2780,VULNERABLE,59.45356115107916,52.69784172661871,35.539568345323744,VULNERABLE (Mixed)
38203,ADN Telecom Ltd.,BD,2780,VULNERABLE,59.45356115107916,52.69784172661871,35.539568345323744,VULNERABLE (Mixed)
138536,Premium Connectivity Limited,BD,2780,VULNERABLE,59.45356115107914,52.69784172661871,35.539568345323744,VULNERABLE (Mixed)
132608,Mango Teleservices Limited (ISP),BD,2780,VULNERABLE,59.453561151079164,52.69784172661871,35.539568345323744,VULNERABLE (Mixed)
9441,Next Online Limited.,BD,2780,VULNERABLE,59.458309352518,52.73381294964029,35.539568345323744,VULNERABLE (Mixed)
149765,Coronet Corporation Limited,BD,2780,VULNERABLE,59.45356115107916,52.69784172661871,35.539568345323744,Unknown
58945,Virgo Communication Ltd,BD,2780,VULNERABLE,59.45356115107916,52.69784172661871,35.539568345323744,Unknown
140684,Bangladesh Internet Exchange Trust,BD,2780,VULNERABLE,59.489532374100726,52.73381294964029,35.50359712230216,Unknown
55685,PT Jala Lintas Media,ID,2779,VULNERABLE,55.818459877653844,48.54264123785534,38.71896365599136,Unknown
24534,PT Trans Hybrid Communication,ID,2778,SECURE,54.97246220302376,47.6601871850252,39.48884089272858,SECURE (Transitioning)
137085,ANO Broadband Service Pvt Ltd,IN,2770,VULNERABLE,58.56812274368234,51.371841155234655,36.13718411552346,Unknown
132116,Ani Network Pvt Ltd,IN,2770,VULNERABLE,58.57227436823107,51.371841155234655,36.13718411552346,Unknown
133680,SOFTECH INFOSOL PVT. LTD.,IN,2770,VULNERABLE,58.56285198555959,51.335740072202164,36.13718411552346,VULNERABLE (Mixed)
12735,TurkNet Iletisim Hizmetleri A.S.,TR,2769,SECURE,57.35146262188518,50.23474178403756,37.30588660166125,SECURE (Transitioning)
5391,Hrvatski Telekom d.d.,HR,2768,VULNERABLE,54.34118497109827,47.43497109826589,40.46242774566474,Unknown
27843,WIN Empresas S.A.C,PE,2767,SECURE,53.10542103361039,45.6089627755692,41.16371521503434,SECURE (Transitioning)
22548,Núcleo de Informação e Coordenação do Ponto BR - NIC.BR,BR,2766,SECURE,53.27129428778019,45.806218365871295,40.96167751265365,SECURE (Transitioning)
6079,RCN,US,2758,SECURE,52.367911530094275,45.25018129079042,42.13197969543147,SECURE (Transitioning)
212815,Dyjix SAS,FR,2757,SECURE,51.71915125136018,44.613710554951034,43.01777294160319,SECURE (Transitioning)
17378,"TierPoint, LLC",US,2756,VULNERABLE,51.68668359941942,44.666182873730044,42.88824383164006,Unknown
3786,LG DACOM Corporation,KR,2755,VULNERABLE,45.40577132486387,38.8021778584392,49.61887477313975,Unknown
3132,Red Cientifica Peruana,PE,2750,SECURE,53.26698181818181,45.78181818181818,40.98181818181818,SECURE (Transitioning)
262253,Fiberlux,PE,2750,SECURE,53.261818181818185,45.78181818181818,41.01818181818182,SECURE (Transitioning)
400587,"Ryamer, LLC",US,2743,VULNERABLE,51.492344148742255,44.33102442581116,43.20087495442946,Unknown
48070,DSM (GB) Limited,GB,2740,SECURE,51.530474452554735,44.37956204379562,43.175182481751825,SECURE (Transitioning)
12912,T-Mobile Polska S.A.,PL,2739,VULNERABLE,52.175392479006916,45.089448703906534,42.278203723986856,Unknown
60144,3W Infra B.V.,NL,2738,VULNERABLE,52.586596055514974,45.47114682249818,42.184075967859755,Unknown
52025,ParadoxNetworks Limited,GB,2736,VULNERABLE,51.496162280701746,44.33479532163743,43.20175438596491,Unknown
25369,Hydra Communications Ltd,GB,2736,SECURE,51.498757309941524,44.33479532163743,43.20175438596491,SECURE (Transitioning)
134922,R G TECHNOSOLUTIONS PVT LTD,IN,2735,VULNERABLE,58.180329067641715,50.968921389396705,36.56307129798903,VULNERABLE (Mixed)
3214,xTom GmbH,DE,2733,SECURE,52.552286864251734,45.44456641053787,42.22466154409074,SECURE (Transitioning)
137557,"International gateway co., Ltd",TH,2725,VULNERABLE,55.75625688073393,48.366972477064216,38.53211009174312,Unknown
136255,Mytel Myanmar,MM,2725,VULNERABLE,55.75625688073394,48.366972477064216,38.53211009174312,Unknown
45629,JasTel Network International Gateway,TH,2725,VULNERABLE,55.75790825688073,48.366972477064216,38.53211009174312,Unknown
132876,Symphony Communication (Thailand) PCL.,TH,2725,VULNERABLE,55.75625688073394,48.366972477064216,38.53211009174312,Unknown
42632,MnogoByte LLC,RU,2719,VULNERABLE,51.71309304891504,44.46487679293858,42.73630011033468,VULNERABLE (Mixed)
6697,Beltelecom,BY,2717,SECURE,51.715200588884805,44.4608023555392,42.73095325726904,SECURE (Transitioning)
24029,NIXI is an IXP in India,IN,2715,VULNERABLE,57.841620626151034,50.57090239410681,36.83241252302026,VULNERABLE (Mixed)
55644,Vodafone Idea Ltd,IN,2714,VULNERABLE,57.82829771554903,50.552689756816505,36.84598378776713,Unknown
35000,"JSC ""Severen-Telecom""",RU,2707,VULNERABLE,51.378315478389354,44.25563354266716,43.221278167713336,Unknown
9829,BSNL (Bharat Sanchar Nigam Ltd),IN,2704,SECURE,55.04752218934911,47.44822485207101,39.38609467455622,SECURE (Transitioning)
17439,NTT Communications India Pvt. Ltd.,IN,2703,VULNERABLE,57.325453200148,49.98150203477618,37.254901960784316,Unknown
30058,FDCservers.net,US,2703,VULNERABLE,52.462153163152045,45.172031076581575,42.06437291897892,Unknown
58511,Swoop (Anycast Global Backbone),AU,2697,VULNERABLE,54.041898405635884,46.75565443084909,40.60066740823137,Unknown
5650,Frontier Communications,US,2691,SECURE,50.25139353400221,43.25529542920847,44.3701226309922,SECURE (Transitioning)
150593,Dataexpress Pvt Ltd,IN,2689,VULNERABLE,57.72350316102641,50.539233915953886,36.965414652287095,Unknown
13194,"UAB ""Bite Lietuva""",LT,2687,VULNERABLE,54.96430963900261,47.82285076293264,39.56084852995907,Unknown
8400,Telekom Srbija a.d.,RS,2686,SECURE,52.75945644080416,45.56962025316456,41.77215189873418,SECURE (Transitioning)
29075,IELO-LIAZO SERVICES SAS,FR,2686,SECURE,54.6265450483991,47.244973938942664,39.68726731198808,SECURE (Transitioning)
133255,Elxer Communications Private Limited,IN,2685,VULNERABLE,57.63735567970207,50.391061452513966,37.05772811918063,Unknown
132296,Seven Star Digital Network Private Limited,IN,2684,VULNERABLE,57.65883010432192,50.409836065573764,37.034277198211626,Unknown
48858,"JSC ""ER-Telecom Holding""",RU,2683,SECURE,52.70286992172938,45.35967200894521,41.744316064107345,SECURE (Transitioning)
136342,Winux Communications Pvt. Ltd.,IN,2680,VULNERABLE,57.55832089552237,50.29850746268657,37.12686567164179,Unknown
151690,FAB FIVE NETWORK PRIVATE LIMITED,IN,2678,VULNERABLE,57.56396564600447,50.29873039581777,37.11725168035848,Unknown
20001,Charter Communications Inc,US,2673,SECURE,50.7597081930415,43.69622147399925,43.69622147399925,SECURE (Transitioning)
202,"Level 3 Parent, LLC",US,2668,SECURE,51.319040479760105,44.11544227886057,43.25337331334333,SECURE (Transitioning)
45796,UIH / BB Connect,TH,2662,VULNERABLE,54.09748309541698,46.656649135987976,40.19534184823441,Unknown
45117,Ishan's Network,IN,2657,VULNERABLE,56.797741814076026,49.416635302973276,37.86225065863756,VULNERABLE (Mixed)
134654,PT Data Utama Dinamika,ID,2649,VULNERABLE,55.49546998867496,48.09362023405058,38.995847489618725,Unknown
27988,Servicios y Telecomunicaciones S.A.,AR,2647,VULNERABLE,54.112731394030966,46.65659236871931,40.23422742727616,Unknown
4780,Digital United Inc.,TW,2646,VULNERABLE,54.94017384731671,47.241118669690096,39.229024943310655,Unknown
28283,Adyl Telecom,BR,2644,VULNERABLE,38.34791981845689,36.11951588502269,59.87140695915279,Unknown
15024,Packetworks Inc.,CA,2640,VULNERABLE,52.81799242424239,45.416666666666664,41.70454545454545,Unknown
49915,Megaport (UK) Limited,GB,2640,VULNERABLE,55.017083333333325,47.46212121212121,39.31818181818182,Unknown
4628,Pacific Internet Pte Ltd,SG,2640,VULNERABLE,54.83359848484848,47.27272727272727,39.58333333333333,Unknown
6424,EDGOO NETWORKS,PT,2639,VULNERABLE,54.29503599848425,46.83592269799166,40.318302387267906,Unknown
327782,Metrofibre Networx,ZA,2636,VULNERABLE,53.19749620637327,46.16843702579666,41.5402124430956,Unknown
210756,EdgeCenter LLC,RU,2636,VULNERABLE,52.052314112291334,44.764795144157816,42.45068285280728,Unknown
202629,Inmarsoft LLC,RU,2636,VULNERABLE,52.052314112291334,44.764795144157816,42.45068285280728,VULNERABLE (Mixed)
12874,Fastweb SpA,IT,2633,SECURE,52.68928978351686,45.423471325484236,41.92935814660083,SECURE (Transitioning)
134078,NETPLUZ HOLDINGS PRIVATE LIMITED,SG,2631,VULNERABLE,54.726985936906125,47.16837704294945,39.68072976054732,VULNERABLE (Mixed)
2711,Spirit Communications,US,2623,SECURE,50.17872664887528,42.85169653069005,43.995425085779644,SECURE (Transitioning)
205103,Telegraph42 Management GmbH,DE,2621,VULNERABLE,54.80186951545211,47.27203357497138,39.67951163677986,VULNERABLE (Mixed)
2119,Telenor Norge AS,NO,2621,SECURE,53.69633727584888,46.31819916062572,40.78595955742083,SECURE (Transitioning)
28910,"""Uzbektelekom"" Joint Stock Company",UZ,2618,VULNERABLE,54.756455309396465,47.249809014514895,39.72498090145149,Unknown
19122,eStruxture Data Centers Inc.,CA,2617,VULNERABLE,53.11207489491782,46.006878104700036,41.459686664119225,Unknown
53486,Niagara Regional Broadband Networks Limited,CA,2614,SECURE,53.18726090283088,45.83014537107881,41.35424636572303,SECURE (Transitioning)
33597,atlantic.net,US,2612,VULNERABLE,53.20895865237363,46.094946401225116,41.38591117917304,VULNERABLE (Mixed)
40028,1651884 Ontario Inc.,CA,2612,VULNERABLE,53.237787136293996,45.903522205206734,41.3093415007657,Unknown
9790,Two Degrees Networks Limited,NZ,2612,SECURE,53.577756508422645,45.94180704441042,40.849923430321596,SECURE (Transitioning)
394367,System Lifeline Inc.,CA,2612,VULNERABLE,53.24073506891267,45.903522205206734,41.3093415007657,Unknown
29838,"Atlantic Metro Communications II, Inc.",US,2611,VULNERABLE,53.22837993106087,46.11260053619303,41.363462274990425,Unknown
53334,"Total Uptime Technologies, LLC",US,2611,VULNERABLE,53.200612792033674,46.11260053619303,41.401761777096894,Unknown
40633,LOS ANGELES INTERNET EXCHANGE,US,2611,VULNERABLE,53.22933741861354,46.11260053619303,41.363462274990425,Unknown
48237,"Etihad Etisalat, a joint stock company",SA,2610,VULNERABLE,52.61287356321837,45.21072796934866,41.7624521072797,VULNERABLE (Mixed)
28458,IENTC S DE RL DE CV,MX,2609,VULNERABLE,53.46044461479492,45.84131851284017,40.743579915676506,Unknown
395127,Sunwire Inc.,CA,2609,VULNERABLE,53.263625910310424,45.91797623610579,41.28018397853584,VULNERABLE (Mixed)
15924,Vodafone Turkey,TR,2609,SECURE,55.51908777309315,48.217707934074355,39.05711000383288,SECURE (Transitioning)
11670,Toronto Internet Exchange Community,CA,2608,VULNERABLE,53.28404907975456,45.93558282208589,41.25766871165644,VULNERABLE (Mixed)
135133,PI DATA CENTERS PRIVATE LIMITED,IN,2608,VULNERABLE,54.19536042944782,46.47239263803681,40.1840490797546,VULNERABLE (Mixed)
140641,YOTTA NETWORK SERVICES PRIVATE LIMITED,IN,2608,VULNERABLE,54.19313650306746,46.47239263803681,40.1840490797546,Unknown
13767,"DataBank Holdings, Ltd.",US,2596,VULNERABLE,51.12850539291213,43.99075500770416,43.335901386748844,Unknown
38082,"True International Gateway Co., Ltd.",TH,2592,VULNERABLE,54.37978395061726,46.79783950617284,39.73765432098765,Unknown
58463,PT PGAS Telekomunikasi Nusantara,ID,2591,VULNERABLE,54.3373986877653,47.0860671555384,40.216132767271326,Unknown
4809,China Telecom Next Generation Carrier Network,CN,2589,SECURE,50.06427191966008,42.71919660100425,44.26419466975666,SECURE (Transitioning)
21574,Century Telecom Ltda,BR,2584,VULNERABLE,51.51865325077395,44.54334365325077,43.188854489164086,Unknown
3269,TIM S.p.A. (fka. Telecom Italia S.p.A.),IT,2583,SECURE,51.92082849399918,44.599303135888505,42.7022841656988,SECURE (Transitioning)
25892,VTX Telecom,US,2581,SECURE,55.16152654010071,47.655947307245256,39.24835335141418,SECURE (Transitioning)
150000,Data-Beam Business Solution,PH,2580,SECURE,55.14414728682168,47.63565891472869,39.263565891472865,SECURE (Transitioning)
18187,Ignite Telecommunications Inc,PH,2580,VULNERABLE,55.148992248061994,47.674418604651166,39.263565891472865,Unknown
34872,Servperso Systems,BE,2575,VULNERABLE,52.54858252427182,45.359223300970875,42.09708737864077,Unknown
63023,GTHost,US,2574,SECURE,53.54638694638691,45.95959595959596,40.753690753690755,SECURE (Transitioning)
41327,Fiber Telecom S.p.A.,IT,2572,SECURE,55.26228615863138,47.783825816485226,39.19129082426128,SECURE (Transitioning)
133647,ELXIRE DATA SERVICES PVT. LTD.,IN,2570,VULNERABLE,56.125953307392976,48.715953307392994,38.44357976653697,Unknown
33991,Igra-Service LLC,RU,2569,VULNERABLE,53.1518878941222,45.65978980147917,41.183339820942,Unknown
7725,"Comcast Cable Communications, LLC",US,2568,SECURE,52.247196261682205,44.93769470404985,42.05607476635514,SECURE (Transitioning)
45352,IP ServerOne Solutions Sdn. Bhd.,MY,2565,VULNERABLE,54.23773879142298,46.666666666666664,40.07797270955166,Unknown
133936,X86 Network Sdn Bhd,MY,2565,VULNERABLE,54.23399610136449,46.666666666666664,40.07797270955166,VULNERABLE (Mixed)
9381,HKBN Enterprise Solutions HK Limited,HK,2564,VULNERABLE,53.780070202808105,46.48985959438377,40.71762870514821,Unknown
12297,Telecom Armenia OJSC,AM,2564,VULNERABLE,54.6170826833073,47.34789391575663,39.93759750390016,Unknown
6421,TATA COMMUNICATIONS (AMERICA) INC,US,2563,VULNERABLE,53.25302380023407,45.727662895044865,41.045649629340616,Unknown
10103,HK Broadband Network Ltd.,HK,2559,VULNERABLE,53.24095349745991,45.68190699491989,41.07073075420086,Unknown
8455,atom86 BV,NL,2559,VULNERABLE,55.08046111762405,47.75302852676827,39.546697928878466,Unknown
55850,Mercury NZ Limited,NZ,2558,SECURE,53.90770132916338,46.32525410476936,40.578577013291635,SECURE (Transitioning)
21277,Allay Nawroz Telecom Company for Communication/Ltd.,IQ,2557,VULNERABLE,54.74149393820882,47.28197105983574,39.69495502542041,Unknown
4787,PT Cyberindo Aditama,ID,2557,SECURE,54.41239734063352,47.04732107938991,40.12514665623778,SECURE (Transitioning)
213642,Coretech Bilisim Hizmetleri Sanayi Ticaret Limited Sirketi,TR,2554,VULNERABLE,54.706147220046965,47.25920125293657,39.74158183241973,VULNERABLE (Mixed)
56258,PT PGAS Telekomunikasi Nusantara,ID,2553,VULNERABLE,53.91903642773205,46.611829220524875,40.57971014492754,Unknown
134026,Ultranet services private limited,IN,2553,VULNERABLE,55.86028202115156,48.413631022326676,38.69956913435174,VULNERABLE (Mixed)
209372,WS Telecom Inc,US,2553,VULNERABLE,53.25914610262434,45.750097924010966,41.049745397571485,VULNERABLE (Mixed)
262287,Latitude.sh LTDA,BR,2553,SECURE,53.27030943987464,45.750097924010966,41.049745397571485,SECURE (Transitioning)
396356,Latitude.sh,US,2553,VULNERABLE,53.2601645123384,45.750097924010966,41.049745397571485,Unknown
136946,Weebo networks Pvt Ltd,IN,2551,VULNERABLE,55.832693061544475,48.41238729909839,38.72990983927871,VULNERABLE (Mixed)
210021,DIL Technology Limited,IQ,2551,VULNERABLE,54.69208153665227,47.23637789102313,39.749117992943944,Unknown
44592,SkyLink Data Center BV,NL,2551,VULNERABLE,53.889259114072864,46.60917287338299,40.768326146609176,Unknown
18059,PT Dwi Tunggal Putra,ID,2549,VULNERABLE,53.86473126716355,46.410357002746174,40.5256963515104,Unknown
16276,OVH SAS,FR,2548,SECURE,53.709419152276254,46.42857142857143,40.934065934065934,SECURE (Transitioning)
63956,5G NETWORK OPERATIONS PTY LTD,AU,2548,VULNERABLE,54.5322998430141,47.135007849293565,40.031397174254316,Unknown
6300,Fidium,US,2548,VULNERABLE,49.925784929356325,42.700156985871274,44.623233908948194,Unknown
995,SM Tech Solutions Corp,US,2546,VULNERABLE,52.809112333071454,45.16889238020424,41.63393558523173,VULNERABLE (Mixed)
140171,Reisnet Broadband Pvt Ltd,IN,2546,VULNERABLE,55.750864100549855,48.3503534956795,38.80597014925373,Unknown
9957,KINX,KR,2546,VULNERABLE,52.809112333071454,45.16889238020424,41.63393558523173,Unknown
41427,Datacenter d.o.o.,SI,2541,VULNERABLE,53.426367571822105,46.320346320346324,41.20425029515938,VULNERABLE (Mixed)
45735,PT Uninet Media Sakti,ID,2541,VULNERABLE,53.65891381345924,46.24163715072806,40.85005903187721,Unknown
9119,SOFTNET d.o.o.,SI,2540,VULNERABLE,53.408031496062975,46.2992125984252,41.22047244094488,Unknown
208293,AlSalam State Company,IQ,2537,SECURE,54.52089081592428,47.024044146629876,39.889633425305476,SECURE (Transitioning)
24115,Equinix IX,SG,2536,VULNERABLE,53.696253943217656,46.253943217665615,40.77287066246057,Unknown
136749,KS IT SOLUTIONS SDN BHD,MY,2532,VULNERABLE,54.05892575039494,46.44549763033176,40.24486571879937,Unknown
45296,PT Rabik Bangun Nusantara,ID,2532,VULNERABLE,55.07065560821485,47.70932069510268,39.41548183254344,Unknown
140866,TRUE PACKET SDN BHD,MY,2529,SECURE,54.004428627916155,46.38196915776987,40.29260577303282,SECURE (Transitioning)
5056,Aureon Network Services,US,2529,VULNERABLE,50.47410043495449,43.100039541320676,43.77224199288256,Unknown
142412,NEXWORKS COMMUNICATIONS SDN. BHD.,MY,2529,SECURE,54.00442862791616,46.38196915776987,40.29260577303282,SECURE (Transitioning)
3327,CITIC Telecom CPC Netherlands B.V.,NL,2529,VULNERABLE,51.64634242783704,44.286279161724,42.86279161724001,Unknown
56111,Agarto Sdn Bhd,MY,2529,VULNERABLE,54.004428627916155,46.38196915776987,40.29260577303282,Unknown
136978,JNI SYSTEM SDN BHD,MY,2529,VULNERABLE,54.01759588770264,46.42151047844998,40.29260577303282,VULNERABLE (Mixed)
140586,Velo Technologies SDN BHD,MY,2529,VULNERABLE,54.00442862791616,46.38196915776987,40.29260577303282,VULNERABLE (Mixed)
198507,IELO-LIAZO SERVICES SAS,FR,2527,SECURE,53.38187574198651,45.904234269885244,40.957657301147606,SECURE (Transitioning)
200020,Stichting NBIP-NaWas,NL,2526,VULNERABLE,53.98562945368168,46.67458432304038,40.53840063341251,Unknown
7470,"TRUE INTERNET Co.,Ltd.",TH,2526,SECURE,53.967300079176525,46.43705463182898,40.22169437846397,SECURE (Transitioning)
37739,Abantu Cloud Africa (Pty) Ltd,ZA,2525,SECURE,52.872316831683136,45.42574257425743,41.62376237623762,SECURE (Transitioning)
64200,VIVID-HOSTING LLC,US,2524,VULNERABLE,52.61465927099838,45.364500792393024,41.83835182250396,VULNERABLE (Mixed)
9924,"Taiwan Fixed Network, Telco and Network Service Provider.",TW,2522,SECURE,54.22168913560665,46.669310071371925,40.1665344964314,SECURE (Transitioning)
37054,Telecom Malagasy,MG,2520,VULNERABLE,50.95015873015869,43.80952380952381,43.73015873015873,Unknown
35625,Eurofiber France SAS,FR,2519,VULNERABLE,53.53870583564903,45.970623263199684,40.8495434696308,Unknown
64313,PT NAP Info Lintas Nusa,ID,2518,SECURE,53.53129467831611,46.18745035742653,40.98490865766482,SECURE (Transitioning)
140570,Hong Kong Beecloud System Technology Services Limited,HK,2516,VULNERABLE,54.33942766295708,47.05882352941176,40.26232114467408,Unknown
44486,"Oliver Horscht is trading as ""SYNLINQ""",DE,2515,VULNERABLE,52.72986083499003,45.288270377733596,41.74950298210736,Unknown
28198,SEMPRE TELECOMUNICACOES LTDA,BR,2511,VULNERABLE,51.597610513739504,44.44444444444444,43.050577459179614,Unknown
44355,Colocation Ltd,GB,2510,VULNERABLE,51.462868525896376,44.223107569721115,43.147410358565736,Unknown
207841,Inferno Communications Ltd,GB,2510,SECURE,51.462868525896376,44.223107569721115,43.147410358565736,SECURE (Transitioning)
211995,A2Z Technologies CJSC,AZ,2509,SECURE,53.80585890793142,46.47269828616979,40.6935033878039,SECURE (Transitioning)
34876,"""SMART SISTEMZ TECHNOLOJI"" MMM",AZ,2507,VULNERABLE,53.848783406461884,46.50977263661747,40.64619066613482,VULNERABLE (Mixed)
132770,Gazon Communications India Limited,IN,2507,VULNERABLE,55.14152373354605,47.82608695652174,39.4096529716793,Unknown
196925,AZERTELECOM LLC,AZ,2506,VULNERABLE,53.83036711891458,46.48842777334398,40.66241021548284,Unknown
3258,xTom Japan,JP,2506,VULNERABLE,52.32861133280125,44.852354349561054,42.13886671987231,Unknown
200154,IZONE LLC,AZ,2506,VULNERABLE,53.83367916999199,46.48842777334398,40.66241021548284,Unknown
59605,Zain Global,AE,2505,VULNERABLE,53.05069860279438,45.46906187624751,41.237524950099804,VULNERABLE (Mixed)
52000,MIRhosting B.V.,NL,2505,VULNERABLE,53.046906187624714,45.46906187624751,41.35728542914172,Unknown
23352,DEFT.COM,US,2502,VULNERABLE,53.33357314148678,45.84332533972822,40.96722621902478,Unknown
20119,Arrow Group Inc.,CA,2502,VULNERABLE,52.72853717026375,45.52358113509193,41.84652278177458,Unknown
58299,Openfactory GmbH,CH,2501,VULNERABLE,51.58120751699316,44.342263094762096,43.06277489004398,Unknown
49127,Asimo Networks B.V.,NL,2500,VULNERABLE,53.44931999999996,46.160000000000004,41.120000000000005,Unknown
13768,Aptum Technologies,CA,2499,VULNERABLE,52.80904361744694,45.53821528611445,41.65666266506602,Unknown
23136,OnX Enterprise Solutions Inc.,CA,2499,VULNERABLE,52.81764705882349,45.53821528611445,41.61664665866346,VULNERABLE (Mixed)
20326,TeraSwitch Networks Inc.,US,2499,VULNERABLE,53.0411764705882,45.418167266906764,41.376550620248096,Unknown
31261,PJSC MegaFon,RU,2497,SECURE,51.89927913496191,44.533440128153785,42.61113336003204,SECURE (Transitioning)
8798,Powszechna Agencja Informacyjna S.A.,PL,2492,VULNERABLE,52.942897271268,45.6661316211878,41.53290529695024,VULNERABLE (Mixed)
9891,CS LOXINFO Public Company Limited.,TH,2492,SECURE,53.65288924558584,46.107544141252006,40.48956661316212,SECURE (Transitioning)
7568,CS LOXINFO Public Company Limited.,TH,2492,VULNERABLE,53.67564205457461,46.14767255216694,40.48956661316212,Unknown
140475,PT Citra Celebas Multimedia,ID,2492,VULNERABLE,53.23134028892452,45.86677367576244,41.25200642054575,Unknown
53667,FranTech Solutions,US,2492,SECURE,51.73210272873192,44.422150882825036,42.81701444622793,SECURE (Transitioning)
56655,Gigahost AS,NO,2490,SECURE,52.57959839357425,45.34136546184739,42.00803212851405,SECURE (Transitioning)
27552,"TowardEX Technologies International, Inc.",US,2489,VULNERABLE,51.443431096826004,44.07392527119325,42.74809160305343,Unknown
140437,PT Media Manakarra Net,ID,2489,VULNERABLE,53.1749698674166,45.80152671755725,41.301727601446366,VULNERABLE (Mixed)
24748,THINX WAW Route Servers,PL,2489,VULNERABLE,52.926355966251464,45.64081960626758,41.542788268380875,Unknown
24207,PT NettoCyber Indonesia,ID,2489,VULNERABLE,53.13479308959418,45.761349939734835,41.34190437926878,Unknown
152029,PT Andromega Data Nusantara,ID,2489,VULNERABLE,53.1749698674166,45.80152671755725,41.301727601446366,VULNERABLE (Mixed)
131219,Indosat Singapore Pte. Ltd.,SG,2489,VULNERABLE,53.13479308959418,45.761349939734835,41.34190437926878,Unknown
2420724207,Unknown,XX,2489,VULNERABLE,53.1740859783045,45.80152671755725,41.301727601446366,VULNERABLE (Mixed)
33083,AxcelX Technologies LLC,US,2489,SECURE,51.43740458015264,44.03374849337084,42.74809160305343,SECURE (Transitioning)
141907,PT Metrosolusi Teknologi Indonesia,ID,2488,VULNERABLE,53.15614951768485,45.77974276527331,41.31832797427653,VULNERABLE (Mixed)
209533,iFog GmbH - BGPTunnel,CH,2487,VULNERABLE,51.331162042621585,44.0691596300764,43.30518697225573,Unknown
142360,PT Internet Mulia Untuk Negeri,ID,2487,SECURE,53.13731403297142,45.7579412947326,41.33494169682348,SECURE (Transitioning)
149746,PT Blip Integrator Provider,ID,2487,VULNERABLE,53.13731403297142,45.7579412947326,41.33494169682348,VULNERABLE (Mixed)
7717,OpenIXP Route Servers,ID,2487,VULNERABLE,53.17752312022514,45.79815038198633,41.29473260956976,Unknown
55666,PT Media Sarana Data,ID,2487,SECURE,53.14491355046237,45.79815038198633,41.33494169682348,SECURE (Transitioning)
9905,PT Link Net Tbk,ID,2487,VULNERABLE,53.17080820265376,45.79815038198633,41.33494169682348,VULNERABLE (Mixed)
17727,PT NAP Info Lintas Nusa,ID,2487,VULNERABLE,53.13731403297142,45.7579412947326,41.33494169682348,Unknown
17922,PT Indosat Tbk,ID,2487,VULNERABLE,53.17752312022514,45.79815038198633,41.29473260956976,Unknown
906,DMIT Cloud Services,US,2486,VULNERABLE,52.76226870474656,45.172968624296054,41.5929203539823,Unknown
29632,Netassist International EOOD,DE,2485,SECURE,51.311187122736364,44.02414486921529,43.21931589537223,SECURE (Transitioning)
8772,NetAssist LLC,UA,2485,VULNERABLE,51.27094567404421,43.98390342052314,43.25955734406438,Unknown
29357,OOredOO Kuwait NMTC,KW,2485,VULNERABLE,53.048571428571385,45.43259557344064,41.20724346076459,VULNERABLE (Mixed)
8781,Ooredoo Q.S.C.,QA,2485,VULNERABLE,53.04841046277662,45.43259557344064,41.20724346076459,Unknown
3225,Bonline aka GULF communications,KW,2485,VULNERABLE,53.05452716297782,45.47283702213279,41.20724346076459,Unknown
42649,Baffin Bay Networks AB,SE,2484,VULNERABLE,53.12230273752009,45.65217391304348,41.18357487922705,Unknown
209735,Lagrange Cloud Technologies Limited,GB,2484,SECURE,51.558695652173874,44.24315619967794,42.99516908212561,SECURE (Transitioning)
57578,"Misaka Network, Inc.",US,2483,VULNERABLE,52.813330648409156,45.26782118405155,41.602899718082966,Unknown
47160,MOJI SAS,FR,2483,SECURE,53.65130890052353,46.234393878372934,40.83769633507853,SECURE (Transitioning)
25091,IP-Max SA,CH,2482,SECURE,53.95185334407732,46.53505237711523,40.531829170024174,SECURE (Transitioning)
38794,UIH,TH,2482,SECURE,53.34754230459305,45.9709911361805,41.136180499597096,SECURE (Transitioning)
212330,"Civilisation Information Technology, communication and internet services Co., LTD",IQ,2482,VULNERABLE,54.0132151490733,46.61563255439162,40.451248992747786,VULNERABLE (Mixed)
213122,Krixe Pte. Ltd.,SG,2481,VULNERABLE,52.78831116485285,45.2640064490125,41.63643692059653,VULNERABLE (Mixed)
58313,"Misaka Network, Inc.",US,2481,SECURE,52.77529222087865,45.223700120918984,41.63643692059653,SECURE (Transitioning)
134823,"Sky Digital Co., Ltd.",TW,2481,VULNERABLE,52.792140266021725,45.2640064490125,41.63643692059653,Unknown
931,Hyonix,SG,2481,VULNERABLE,52.79020556227325,45.2640064490125,41.63643692059653,Unknown
12213,Centersquare,US,2481,VULNERABLE,53.03248690044334,45.58645707376058,41.27367996775494,Unknown
35487,"Misaka Network, Inc.",US,2481,SECURE,52.80278113663842,45.2640064490125,41.63643692059653,SECURE (Transitioning)
23961,"Misaka Network, Inc.",US,2481,SECURE,52.78262797259167,45.2640064490125,41.63643692059653,SECURE (Transitioning)
917,"Misaka Network, Inc.",US,2481,VULNERABLE,52.789963724304684,45.2640064490125,41.63643692059653,Unknown
57695,"Misaka Network, Inc.",US,2481,SECURE,52.77529222087865,45.223700120918984,41.63643692059653,SECURE (Transitioning)
142616,"Misaka Network, Inc.",US,2481,SECURE,52.77529222087865,45.223700120918984,41.63643692059653,SECURE (Transitioning)
12713,Ote SA (Hellenic Telecommunications Organisation),GR,2481,VULNERABLE,53.87545344619103,46.51350261991133,40.628778718258765,VULNERABLE (Mixed)
63213,Astute Internet,CA,2480,SECURE,52.85931451612899,45.60483870967742,41.693548387096776,SECURE (Transitioning)
34565,TurkIX Communications Ltd.,BG,2480,VULNERABLE,54.86620967741935,47.58064516129033,39.71774193548387,Unknown
57866,Fusix Networks B.V.,NL,2480,SECURE,53.6446774193548,46.25,40.806451612903224,SECURE (Transitioning)
49600,"NEAR IP, S.L.",ES,2480,VULNERABLE,53.1695967741935,45.766129032258064,41.37096774193548,Unknown
47872,Sofia Connect EAD,BG,2480,VULNERABLE,53.515362903225764,46.12903225806452,40.92741935483871,Unknown
4750,CS LOXINFO PUBLIC COMPANY LIMITED,TH,2478,VULNERABLE,53.70193704600481,46.246973365617436,40.63761097659403,Unknown
38753,PT Solusindo Bintang Pratama,ID,2477,VULNERABLE,53.79184497375854,46.184901090028255,40.53290270488495,VULNERABLE (Mixed)
138128,PT Solnet Indonesia,ID,2475,VULNERABLE,53.76795959595955,46.18181818181818,40.56565656565657,Unknown
18106,Viewqwest Pte Ltd,SG,2475,SECURE,53.791797979797934,46.22222222222222,40.56565656565657,SECURE (Transitioning)
394256,Tech Futures Interactive Inc.,CA,2473,SECURE,52.958552365547874,45.7339264051759,41.60938131823696,SECURE (Transitioning)
54527,Astute Internet,CA,2473,VULNERABLE,52.979822078447185,45.7339264051759,41.56894460169834,Unknown
35819,"Etihad Etisalat, a joint stock company",SA,2472,SECURE,52.36897249190934,44.94336569579288,42.07119741100323,SECURE (Transitioning)
39351,31173 Services AB,SE,2472,SECURE,51.19316343042067,43.932038834951456,43.40614886731392,SECURE (Transitioning)
203214,Hulum Almustakbal Company,IQ,2470,SECURE,53.3648582995951,45.74898785425101,40.931174089068826,SECURE (Transitioning)
212895,Johannes Ernst,DE,2470,VULNERABLE,51.12072874493923,43.88663967611336,43.48178137651822,Unknown
209030,Kaspersky Lab AO,RU,2469,VULNERABLE,51.900567031186675,44.4309437019036,42.527339003645196,Unknown
37035,MIC TANZANIA LTD,TZ,2469,VULNERABLE,51.35135682462531,44.106925880923455,43.256379100850545,Unknown
201201,UAB Delska Lithuania,LT,2465,VULNERABLE,53.538336713995896,46.08519269776876,40.77079107505071,Unknown
133372,Interaptus Limited,HK,2465,VULNERABLE,54.686693711967514,47.42393509127789,39.918864097363084,VULNERABLE (Mixed)
45274,WorldLink International Transit Services,NP,2464,VULNERABLE,54.70888798701296,47.44318181818182,39.89448051948052,Unknown
263702,GRUPO ZGH SPA,CL,2464,SECURE,53.501948051948,46.02272727272727,40.94967532467532,SECURE (Transitioning)
45558,Myanmar Posts and Telecommunications ,MM,2463,SECURE,54.248883475436415,46.81282988225741,40.235485180673976,SECURE (Transitioning)
31229,Beyond.pl sp. z o.o.,PL,2463,VULNERABLE,53.686682907023915,46.16321559074299,40.56029232643118,Unknown
11426,Charter Communications Inc,US,2462,VULNERABLE,51.76458164094228,44.31356620633631,42.56701868399675,Unknown
47605,FNE-Finland Oy,FI,2461,VULNERABLE,53.066151970743555,45.6318569687119,41.40593254774482,Unknown
39582,Vaultr Veri Merkezi Hizmetleri Anonim Sirketi,TR,2461,VULNERABLE,54.54055262088579,47.21657862657456,40.02438033319789,Unknown
60388,"JSC ""Oil Transportation and Production Telecommunications""",RU,2459,VULNERABLE,51.96929646197637,44.4896299308662,42.45628304188694,Unknown
58470,Jazz Pakistan,PK,2459,VULNERABLE,54.10732004880031,46.76697844652298,40.42293615290768,Unknown
43859,"JSC ""Oil Transportation and Production Telecommunications""",RU,2459,VULNERABLE,52.009963399755954,44.53029686864579,42.415616104107364,VULNERABLE (Mixed)
12879,"JSC ""Oil Transportation and Production Telecommunications""",RU,2459,VULNERABLE,52.009963399755954,44.53029686864579,42.415616104107364,VULNERABLE (Mixed)
44113,"JSC ""Oil Transportation and Production Telecommunications""",RU,2459,VULNERABLE,52.009963399755954,44.53029686864579,42.415616104107364,VULNERABLE (Mixed)
3399,Obenet AB,SE,2458,SECURE,53.04283970707888,45.606183889340926,41.37510170870626,SECURE (Transitioning)
34797,System Net Ltd,GE,2458,SECURE,53.439218877135836,46.053702196908056,41.04963384865744,SECURE (Transitioning)
30176,Priority Colo Inc,CA,2457,VULNERABLE,53.51717541717537,46.07244607244607,40.78144078144078,Unknown
9808,China Mobile Backbone,CN,2456,SECURE,50.86364006514654,43.52605863192183,43.60749185667753,SECURE (Transitioning)
51375,STC BAHRAIN B.S.C CLOSED,BH,2456,VULNERABLE,52.888355048859886,45.35830618892508,41.40879478827362,Unknown
39273,Kalaam Telecom Bahrain B.S.C.,BH,2456,VULNERABLE,52.888355048859886,45.35830618892508,41.40879478827362,Unknown
132857,FULL FLAVOUR LIMITED,NZ,2456,VULNERABLE,53.563884364820794,46.17263843648208,40.960912052117266,Unknown
45177,Devoli,NZ,2456,SECURE,53.56942182410419,46.21335504885993,40.960912052117266,SECURE (Transitioning)
5416,BEYON B.S.C.,BH,2456,VULNERABLE,52.888355048859886,45.35830618892508,41.40879478827362,Unknown
31452,ZAIN BAHRAIN B.S.C.,BH,2456,VULNERABLE,52.929071661237735,45.39902280130293,41.36807817589577,Unknown
51095,"EdgeUno, Inc.",US,2456,VULNERABLE,53.51551302931592,46.009771986970684,40.75732899022802,Unknown
16010,Magticom Ltd.,GE,2455,VULNERABLE,53.382321792260655,45.98778004073319,41.09979633401222,Unknown
57814,Cloud 9 Ltd.,GE,2455,SECURE,53.383788187372666,45.98778004073319,41.09979633401222,SECURE (Transitioning)
38001,NewMedia Express Pte. Ltd.,SG,2455,SECURE,53.188431771894045,45.621181262729124,41.01832993890021,SECURE (Transitioning)
49628,LLC Skytel,GE,2455,VULNERABLE,53.382321792260655,45.98778004073319,41.09979633401222,VULNERABLE (Mixed)
20771,Caucasus Online Ltd.,GE,2455,SECURE,53.382321792260655,45.98778004073319,41.09979633401222,SECURE (Transitioning)
35805,"JSC ""Silknet""",GE,2455,SECURE,53.39022403258651,46.02851323828921,41.09979633401222,SECURE (Transitioning)
133219,NewMedia Express Pte Ltd,CN,2455,VULNERABLE,53.18028513238284,45.580448065173115,41.01832993890021,VULNERABLE (Mixed)
44327,DELTA COMM LLC,GE,2455,VULNERABLE,53.382321792260655,45.98778004073319,41.09979633401222,Unknown
132132,MyRepublic Ltd.,SG,2454,VULNERABLE,54.14808475957615,46.61776691116544,40.30154849225754,Unknown
12993,Delska Latvia,LV,2454,VULNERABLE,53.52986960065194,46.04726976365118,40.790546047269764,Unknown
16509,"Amazon.com, Inc.",US,2453,SECURE,53.8220953933958,46.473705666530776,40.644109253974726,SECURE (Transitioning)
8582,GTT Communications Netherlands B.V.,NL,2453,VULNERABLE,53.50921320831631,46.025275173257235,40.766408479412966,VULNERABLE (Mixed)
133385,Atom Myanmar Limited,MM,2452,VULNERABLE,54.308156606851504,46.85970636215334,40.17128874388254,Unknown
33302,Data102,US,2452,SECURE,53.451590538336006,45.96247960848287,40.823817292006524,SECURE (Transitioning)
60011,Mythic Beasts Ltd,GB,2451,VULNERABLE,52.968829049367564,45.65483476132191,41.53406772745818,Unknown
42708,Glesys AB,SE,2450,VULNERABLE,53.02253061224486,45.46938775510204,41.3469387755102,Unknown
16260,GTT Australia,GB,2450,VULNERABLE,53.50469387755097,46.0,40.775510204081634,VULNERABLE (Mixed)
17148,First Rand Bank Limited,ZA,2450,VULNERABLE,53.71869387755097,46.20408163265306,40.6530612244898,VULNERABLE (Mixed)
15802,Emirates Integrated Telecommunications Company PJSC,AE,2450,VULNERABLE,52.848571428571375,45.224489795918366,41.42857142857143,Unknown
14178,"Megacable Comunicaciones de Mexico, S.A. de C.V.",MX,2449,VULNERABLE,53.73666802776639,46.222948142098815,40.62882809309922,Unknown
30081,CacheFly,US,2449,VULNERABLE,53.451082074316,45.97795018374847,40.83299305839118,Unknown
60280,National Traffic Exchange Center (Belarus),BY,2448,VULNERABLE,52.08329248366009,44.56699346405229,42.3202614379085,Unknown
58952,Frontiir Co. Ltd,MM,2446,VULNERABLE,54.19607522485686,46.729354047424366,40.26982829108749,Unknown
49581,Ferdinand Zink trading as Tube-Hosting,DE,2446,VULNERABLE,53.67309893704002,46.23875715453802,40.883074407195416,Unknown
141480,Haash Media,IN,2446,VULNERABLE,54.10020441537198,46.64758789860998,40.35159443990188,VULNERABLE (Mixed)
41051,Freetransit Project (Openfactory GmbH),CH,2446,VULNERABLE,51.210384300899385,43.908421913327885,43.336058871627145,Unknown
10089,Total Access Communication PLC.,TH,2445,VULNERABLE,53.227484662576636,45.68507157464213,41.02249488752556,VULNERABLE (Mixed)
29802,"HIVELOCITY, Inc.",US,2444,SECURE,53.48465630114561,46.03109656301146,40.83469721767594,SECURE (Transitioning)
203446,SMARTNET LIMITED,GB,2444,VULNERABLE,53.063584288052326,45.62193126022913,41.44844517184943,Unknown
9902,NTC Neocom,KH,2444,VULNERABLE,54.15405073649751,46.76759410801964,40.34369885433715,Unknown
135795,Zeroshell Networks Private Limited,IN,2444,VULNERABLE,54.06264320785591,46.60392798690671,40.38461538461539,VULNERABLE (Mixed)
36103,"Central Utah Telephone, Inc.",US,2443,SECURE,52.55165779778957,45.06753990994679,41.874744167007776,SECURE (Transitioning)
136168,Campana MYTHIC Co. Ltd.,MM,2442,VULNERABLE,54.12104832104828,46.64209664209664,40.335790335790335,Unknown
9929,CHINA UNICOM Industrial Internet Backbone,CN,2441,SECURE,51.27853338795571,43.91642769356821,43.138058172879965,SECURE (Transitioning)
4741,"Samart Infonet Co., Ltd.",TH,2440,VULNERABLE,53.134631147540944,45.57377049180328,41.10655737704918,Unknown
7594,On Q,AU,2440,VULNERABLE,53.840327868852405,46.4344262295082,40.69672131147541,Unknown
141243,Walsepatil Enterprises,IN,2440,VULNERABLE,54.028319672131104,46.557377049180324,40.40983606557377,VULNERABLE (Mixed)
134375,Fusionnet Web Services Private Limited,IN,2439,VULNERABLE,54.00992209922094,46.535465354653546,40.426404264042645,VULNERABLE (Mixed)
12186,GVVME,US,2438,VULNERABLE,52.80713699753892,45.44708777686628,41.67350287120591,VULNERABLE (Mixed)
7004,CTC Transmisiones Regionales S.A.,CL,2436,SECURE,52.99129720853854,45.44334975369458,41.37931034482759,SECURE (Transitioning)
23884,Proen Corp Public Company Limited.,TH,2436,VULNERABLE,53.09215927750406,45.52545155993432,41.174055829228244,Unknown
33554,Neutral Data Centers Corp.,CA,2436,VULNERABLE,52.766748768472866,45.44334975369458,41.748768472906406,Unknown
7418,TELEFÓNICA CHILE S.A.,CL,2436,VULNERABLE,52.9860426929392,45.40229885057471,41.37931034482759,Unknown
58955,"Bangmod Enterprise Co., Ltd.",TH,2436,VULNERABLE,53.1742610837438,45.60755336617406,41.09195402298851,Unknown
205552,LOTS OF BITS LTD,GB,2435,SECURE,52.78295687885006,45.42094455852156,41.68377823408625,SECURE (Transitioning)
8764,"Telia Lietuva, AB",LT,2435,VULNERABLE,53.30505133470222,45.87268993839836,41.190965092402465,Unknown
42549,"UAB ""Baltnetos komunikacijos""",LT,2435,VULNERABLE,53.303203285420906,45.87268993839836,41.190965092402465,VULNERABLE (Mixed)
15440,"UAB ""Baltnetos komunikacijos""",LT,2435,VULNERABLE,53.30550308008208,45.87268993839836,41.190965092402465,Unknown
135063,POP NIX COMPANY LIMITED,TH,2434,VULNERABLE,53.069679539852046,45.480690221857024,41.125718981101066,VULNERABLE (Mixed)
807,FORK SYSTEMS,US,2434,VULNERABLE,52.769022185702504,45.43960558751027,41.74198849630238,Unknown
54133,UnmeteredInternet.com,CA,2434,SECURE,52.79642563681178,45.43960558751027,41.70090386195563,SECURE (Transitioning)
262206,COMCEL GUATEMALA S.A.,GT,2433,SECURE,53.75988491574183,46.362515413070284,40.731607069461575,SECURE (Transitioning)
11183,Mount Horeb Telephone Co,US,2432,VULNERABLE,51.63856907894733,44.32565789473684,42.80427631578947,VULNERABLE (Mixed)
25747,Epic Systems Corporation,US,2432,VULNERABLE,51.63856907894733,44.32565789473684,42.80427631578947,VULNERABLE (Mixed)
131330,irix,MY,2432,VULNERABLE,53.52475328947364,46.17598684210527,40.995065789473685,Unknown
10135,EASPNET Inc.,TW,2432,VULNERABLE,53.205139802631535,45.76480263157895,41.28289473684211,VULNERABLE (Mixed)
140951,IPTP Networks,HK,2432,VULNERABLE,53.205139802631535,45.76480263157895,41.28289473684211,Unknown
11796,"Airstream Communications, LLC",US,2432,VULNERABLE,51.606784539473644,44.32565789473684,42.84539473684211,Unknown
45265,CSLOXINFO Transit AS with Domestic (National Internet Exchange),TH,2432,VULNERABLE,53.09724506578943,45.51809210526316,41.15953947368421,VULNERABLE (Mixed)
59238,"Innovative Extremist Co., Ltd.",TH,2431,VULNERABLE,53.08617852735495,45.53681612505142,41.17647058823529,Unknown
45458,SBN-ISP/AWN-ISP and SBN-NIX/AWN-NIX,TH,2431,SECURE,53.079062114356184,45.495680789798435,41.17647058823529,SECURE (Transitioning)
263229,NAP Peru,PE,2431,SECURE,53.313862607980205,45.78362813656931,40.97079391197038,SECURE (Transitioning)
24203,PT XL Axiata Tbk,ID,2430,VULNERABLE,53.52765432098761,46.17283950617284,40.98765432098765,Unknown
53356,Free Range Cloud Hosting Inc.,CA,2430,VULNERABLE,52.77938271604934,45.47325102880658,41.7283950617284,Unknown
6696,VERIXI SA,BE,2429,SECURE,53.1994648003293,45.73898723754631,41.251543845203784,SECURE (Transitioning)
262210,VIETTEL PERÚ S.A.C.,PE,2429,VULNERABLE,53.27542198435565,45.73898723754631,41.00452861259778,VULNERABLE (Mixed)
24198,PT Datakom Padma Jaya,ID,2428,VULNERABLE,53.80761943986815,46.33443163097199,40.609555189456344,Unknown
141047,Nepal Digital Service Pvt. Ltd.,NP,2425,VULNERABLE,54.062969072164904,46.680412371134025,40.45360824742268,Unknown
50917,Diederik Focko de Zee,NL,2425,VULNERABLE,52.79373195876284,45.4020618556701,41.7319587628866,Unknown
141767,C G Communications Pvt. Ltd,NP,2425,VULNERABLE,54.062969072164904,46.680412371134025,40.45360824742268,VULNERABLE (Mixed)
394437,PS Lightwave,US,2423,SECURE,52.04465538588522,44.4903012794057,42.13784564589352,SECURE (Transitioning)
8932,Ucom CJSC,AM,2423,VULNERABLE,53.91956252579442,46.512587701196864,40.52827073875361,Unknown
207810,"""Virus Net"" LLC",AM,2423,VULNERABLE,53.91956252579442,46.512587701196864,40.52827073875361,VULNERABLE (Mixed)
26042,"FiberState, LLC",US,2422,VULNERABLE,52.515070189925645,45.00412881915772,41.90751445086705,Unknown
9038,Batelco Jordan,JO,2422,VULNERABLE,52.76073492981003,45.33443435177539,41.6597853014038,Unknown
16086,DNA Oyj,FI,2422,SECURE,52.891948802642396,45.45829892650702,41.535920726672174,SECURE (Transitioning)
47887,AL-HADATHEH LIL-ITISALAT WA AL-TECHNOLOGIA CO.,JO,2422,SECURE,52.71944673823282,45.293146160198184,41.701073492981,SECURE (Transitioning)
8697,Jordan Telecommunications PSC,JO,2422,VULNERABLE,52.71944673823282,45.293146160198184,41.701073492981,Unknown
28725,CETIN a.s.,CZ,2420,SECURE,52.69475206611566,45.0,41.611570247933884,SECURE (Transitioning)
131310,CX2 Computer Exchange,MY,2419,VULNERABLE,53.22840016535758,45.4733360892931,40.926002480363785,Unknown
207594,Connectivia S.r.l,IT,2419,SECURE,53.56357999173207,45.92806945018603,40.84332368747417,SECURE (Transitioning)
19108,Optimum,US,2418,SECURE,52.36691480562443,44.995864350703066,42.14226633581472,SECURE (Transitioning)
37179,Africa Independent Network Exchange (Pty) LTD (AfricaINX),ZA,2418,SECURE,52.54855252274603,45.03722084367246,41.894127377998345,SECURE (Transitioning)
45250,Vocom International Telecommunications AP Area,TW,2417,VULNERABLE,53.2577989242863,45.51096400496483,40.91849400082747,Unknown
55888,Nintatsu Global Telecommunications Corporation,JP,2417,VULNERABLE,53.25693007860984,45.51096400496483,40.91849400082747,VULNERABLE (Mixed)
63897,vocom international telecom,TW,2417,VULNERABLE,53.23798096814231,45.51096400496483,40.91849400082747,VULNERABLE (Mixed)
393577,Tritan Development,US,2415,SECURE,52.034741200828115,44.59627329192546,42.40165631469979,SECURE (Transitioning)
8888,xTom Pty Ltd,AU,2414,SECURE,51.76400165700079,44.32477216238608,42.66777133388567,SECURE (Transitioning)
201833,Cellact Communication Ltd.,IL,2414,SECURE,53.09908864954428,45.31897265948633,41.09362054681027,SECURE (Transitioning)
138997,Eons Data Communications Limited,HK,2413,VULNERABLE,52.334935764608325,44.799005387484456,42.0638209697472,Unknown
5585,Israel Internet Association,IL,2413,VULNERABLE,53.07965188561951,45.296311645254875,41.11065064235392,VULNERABLE (Mixed)
6233,xTom,US,2412,VULNERABLE,51.836898839137596,44.36152570480928,42.5787728026534,Unknown
208905,Exelera Telecom Ltd,IL,2412,SECURE,53.06019900497507,45.27363184079602,41.127694859038144,SECURE (Transitioning)
20860,IOMART CLOUD SERVICES LIMITED,GB,2412,VULNERABLE,52.88967661691539,45.398009950248756,41.500829187396356,Unknown
13789,Unitas Global,US,2412,VULNERABLE,52.05041459369813,44.56882255389718,42.28855721393035,Unknown
14744,Unitas Global,US,2409,VULNERABLE,52.55238688252383,45.08094645080946,41.84308841843089,Unknown
9312,xTom,HK,2409,SECURE,51.8322540473225,44.3752594437526,42.59028642590286,SECURE (Transitioning)
24187,KIRZ Service Provider,TH,2407,VULNERABLE,52.973452430411264,45.326132114665555,41.29621936019942,VULNERABLE (Mixed)
47272,HYEHOST LLC,US,2407,VULNERABLE,52.621769837972536,45.11840465309514,41.83631076028251,Unknown
3204,xTom OU,EE,2407,VULNERABLE,51.83377648525131,44.37058579144163,42.584129621936015,Unknown
51847,Nearoute Limited,HK,2405,VULNERABLE,52.26241164241164,44.6985446985447,42.03742203742204,Unknown
22981,Raidenlink Limited,HK,2405,VULNERABLE,52.28220374220374,44.6985446985447,41.995841995842,VULNERABLE (Mixed)
58815,PT Telekomunikasi Indonesia International,ID,2405,VULNERABLE,52.86648648648644,45.32224532224532,41.53846153846154,VULNERABLE (Mixed)
50597,"ScopeSky for communications, internet and technology services LLC",IQ,2405,VULNERABLE,52.60794178794174,45.07276507276507,41.70478170478171,Unknown
59139,PT Wifiku Indonesia,ID,2405,VULNERABLE,52.8249064449064,45.28066528066528,41.58004158004158,Unknown
137083,TAJ BROADBAND PRIVATE LIMITED,IN,2405,VULNERABLE,53.768856548856505,46.32016632016632,40.70686070686071,VULNERABLE (Mixed)
9931,National Telecom Public Company Limited,TH,2404,SECURE,52.968219633943384,45.38269550748752,41.3477537437604,SECURE (Transitioning)
394177,Shift Hosting LLC,US,2404,SECURE,52.78103161397666,45.38269550748752,41.68053244592346,SECURE (Transitioning)
48266,Catixs Ltd,GB,2403,VULNERABLE,52.27378277153552,44.735746982938,42.11402413649605,Unknown
64073,Vetta Online Ltd,NZ,2403,SECURE,53.083895131086095,45.56803995006242,41.364960466084064,SECURE (Transitioning)
212477,RoyaleHosting B.V.,NL,2403,SECURE,53.61052850603408,46.192259675405744,40.8655846858094,SECURE (Transitioning)
24186,RailTel Corporation of India Ltd,IN,2402,VULNERABLE,53.57993338884259,46.086594504579516,40.84096586178185,Unknown
38790,XYZ Telecom Pty Ltd,AU,2400,VULNERABLE,53.53966666666662,46.041666666666664,40.91666666666667,VULNERABLE (Mixed)
49434,FBW NETWORKS SAS,FR,2399,VULNERABLE,53.04781158816169,45.64401834097541,41.43393080450188,Unknown
17451,Biznet Networks,ID,2399,SECURE,52.8998332638599,45.39391413088787,41.47561483951647,SECURE (Transitioning)
9336,XYZ Telecom Pty Ltd,AU,2399,SECURE,53.527261358899494,46.0608586911213,40.933722384326806,SECURE (Transitioning)
399077,Tcloudnet,US,2398,VULNERABLE,52.22522935779811,44.70391993327773,42.16013344453711,Unknown
38565,Ncell Pvt. Ltd.,NP,2398,VULNERABLE,53.60275229357793,46.121768140116764,40.825688073394495,VULNERABLE (Mixed)
47288,FIXNET Telekomunikasyon Limited Sirketi,TR,2398,VULNERABLE,53.61451209341112,46.121768140116764,40.825688073394495,VULNERABLE (Mixed)
8280,SYNAPSECOM S.A. Provider of Telecommunications and Internet Services,GR,2398,SECURE,53.11893244370304,45.7047539616347,41.32610508757298,SECURE (Transitioning)
37153,Xneelo (Pty) Ltd,ZA,2397,SECURE,52.73909052982891,45.223195661243224,41.71881518564873,SECURE (Transitioning)
6205,HizliNet Teknoloji A.S.,TR,2396,VULNERABLE,53.57579298831381,46.07679465776294,40.85976627712854,Unknown
57152,TEKNET VERI MERKEZI HIZMETLERI A.S.,TR,2396,VULNERABLE,53.57579298831381,46.07679465776294,40.85976627712854,VULNERABLE (Mixed)
132167,Nine Communications Company Limited,MM,2396,SECURE,53.29778797996657,45.742904841402336,41.110183639399,SECURE (Transitioning)
10111,Zeofast Network,CN,2395,VULNERABLE,52.26050104384128,44.75991649269311,42.1294363256785,Unknown
55330,Afghan Telecom,AF,2395,VULNERABLE,53.28810020876822,45.8455114822547,41.127348643006265,Unknown
42831,UK Dedicated Servers Limited,GB,2394,SECURE,53.11424394319127,45.69757727652464,41.31161236424394,SECURE (Transitioning)
19024,Unitas Global,US,2394,VULNERABLE,52.295906432748495,44.8203842940685,42.10526315789473,VULNERABLE (Mixed)
132799,DISH MEDIA NETWORK PUBLIC LIMITED,NP,2394,VULNERABLE,53.55309106098575,46.07351712614871,40.89390142021721,VULNERABLE (Mixed)
1241,Nova Telecommunications & Media Single Member S.A,GR,2394,SECURE,52.6711361737677,45.196324143692564,41.77109440267335,SECURE (Transitioning)
12406,Business Network Ltd,BY,2394,VULNERABLE,52.54720133667498,45.02923976608187,41.812865497076025,Unknown
57588,Hayat for Internet & communication LLC,IQ,2393,VULNERABLE,52.483117425825284,44.96447973255328,41.830338487254494,VULNERABLE (Mixed)
27446,ERC Broadband,US,2392,SECURE,52.85568561872905,45.23411371237458,41.429765886287626,SECURE (Transitioning)
29467,LUXNETWORK S.A.,LU,2392,VULNERABLE,53.4283444816053,45.9866220735786,41.01170568561873,Unknown
5009,REV,US,2392,SECURE,52.816722408026706,45.23411371237458,41.55518394648829,SECURE (Transitioning)
249,Packet Star Networks Limited,EU,2392,SECURE,52.233110367892934,44.69063545150502,42.09866220735786,SECURE (Transitioning)
64213,ERC Broadband,US,2392,SECURE,52.8524665551839,45.23411371237458,41.429765886287626,SECURE (Transitioning)
215828,"Tizian Maxime Weigt trading as ""TMW Global Networks""",DE,2392,VULNERABLE,52.8644648829431,45.40133779264214,41.59698996655518,Unknown
266757,SATELITAL TELECOMUNICACIONES S.A.C,PE,2391,VULNERABLE,53.20602258469255,45.71309075700544,41.19615223755751,Unknown
135905,Vietnam P&T,VN,2391,VULNERABLE,53.26721037222915,45.629443747386034,41.0706817231284,Unknown
38235,ANGKOR DATA COMMUNICATION,KH,2390,VULNERABLE,53.439163179916285,45.89958158995816,40.962343096234314,Unknown
7720,Skywolf Technology LLC,US,2390,SECURE,52.160627615062715,44.64435146443515,42.21757322175732,SECURE (Transitioning)
9155,Quality Net General Trading & Contracting Company,KW,2390,VULNERABLE,52.458075313807484,44.93723849372385,41.88284518828452,Unknown
47589,VIVA Kuwait (STC),KW,2390,VULNERABLE,52.42589958158991,44.895397489539754,41.88284518828452,VULNERABLE (Mixed)
42689,Glide Student & Residential Limited,GB,2390,VULNERABLE,52.96150627615059,45.39748953974895,41.38075313807531,Unknown
13287,FALBOX S.L. trading as NIXVAL,ES,2389,VULNERABLE,52.976391795730386,45.24905818334031,41.3143574717455,Unknown
55329,Telcotech Ltd.,KH,2389,VULNERABLE,53.42130598576806,45.87693595646714,40.979489326077854,Unknown
52263,Telecable Economico S.A.,CR,2389,VULNERABLE,53.14880703223102,45.62578484721641,41.272498953537045,Unknown
55805,MobiCom Corporation,MN,2388,SECURE,53.58835845896143,46.10552763819096,40.871021775544385,SECURE (Transitioning)
56308,Telekomunikasi Indonesia International Pte. Ltd.,SG,2388,VULNERABLE,52.98324958123949,45.519262981574535,41.415410385259634,Unknown
29405,VNET a.s.,SK,2387,SECURE,52.84562211981562,45.41265186426477,41.600335148722245,SECURE (Transitioning)
62240,Clouvider Limited,GB,2387,VULNERABLE,53.233095936321696,45.78969417679095,41.223292836196066,Unknown
12179,Unitas Global,US,2387,VULNERABLE,52.38663594470042,44.90992878089652,42.01927105152912,VULNERABLE (Mixed)
401322,NetO Corp,US,2387,SECURE,52.81784666945952,45.245077503142014,41.55844155844156,SECURE (Transitioning)
19366,Fibertown Data Centers,US,2385,SECURE,52.47761006289305,44.94758909853249,41.88679245283019,SECURE (Transitioning)
149855,"AGB Communication Co., Ltd",MM,2385,VULNERABLE,53.22737945492658,45.70230607966457,41.17400419287212,VULNERABLE (Mixed)
58678,Intech Online Private Limited,IN,2385,VULNERABLE,53.42716981132071,45.911949685534594,41.0062893081761,Unknown
58430,"TCC Technology Co., Ltd.",TH,2385,VULNERABLE,53.489433962264094,45.9958071278826,40.9643605870021,Unknown
35847,Ezee Fiber,US,2385,VULNERABLE,52.442557651991585,44.905660377358494,41.88679245283019,Unknown
204044,PACKET STAR NETWORKS LIMITED,GB,2385,VULNERABLE,52.228050314465364,44.696016771488466,42.138364779874216,VULNERABLE (Mixed)
267685,SIRIO TELECOMUNICACIONES S.R.L,BO,2384,SECURE,53.20285234899323,45.72147651006711,41.191275167785236,SECURE (Transitioning)
207176,OPENFIBER B.V.,NL,2384,SECURE,53.28808724832211,45.76342281879195,41.10738255033557,SECURE (Transitioning)
270013,J AND J SPA (INFOFRACTAL),CL,2383,VULNERABLE,52.87897608057066,45.321023919429294,41.544271926143516,VULNERABLE (Mixed)
6799,Ote SA (Hellenic Telecommunications Organisation),GR,2383,VULNERABLE,52.854595048258446,45.40495174150231,41.544271926143516,Unknown
23470,ReliableSite.Net LLC,US,2383,VULNERABLE,53.18921527486357,45.65673520772136,41.20856063785145,Unknown
398447,"OHANACRAFT, LLC",US,2383,VULNERABLE,52.87897608057066,45.321023919429294,41.544271926143516,VULNERABLE (Mixed)
263681,IPTP NETWORKS S.A.C.,PE,2383,SECURE,53.18321443558534,45.698699118757865,41.20856063785145,SECURE (Transitioning)
51088,A2B IP B.V.,NL,2383,SECURE,53.27742341586231,45.78262694083088,41.124632815778426,SECURE (Transitioning)
133840,PT Jala Lintas Media,ID,2383,VULNERABLE,53.38443138900541,45.908518673940414,41.04070499370541,Unknown
18450,"WebNX, Inc.",US,2383,VULNERABLE,52.57494754511116,45.06924045321024,41.83801930339908,Unknown
25019,Saudi Telecom Company JSC,SA,2382,VULNERABLE,52.5866918555835,45.130142737195634,41.81360201511335,Unknown
924,Cloudie Networks LLC,US,2382,VULNERABLE,52.8591939546599,45.29806884970613,41.56171284634761,Unknown
61138,Zappie Host LLC,US,2382,VULNERABLE,52.8591939546599,45.29806884970613,41.56171284634761,Unknown
214439,"Zhuhai Xiyun Cloud Technology Co., Ltd.",CN,2382,SECURE,52.25184718723757,44.7103274559194,42.10747271200672,SECURE (Transitioning)
44324,MoeDove LLC,US,2381,VULNERABLE,52.242293154136874,44.72910541789164,42.125157496850065,Unknown
33185,Hive Data Center Inc.,CA,2381,SECURE,52.97492650146992,45.52708945821083,41.453170936581266,SECURE (Transitioning)
30818,Advania Ísland ehf (Advania Transit),IS,2381,SECURE,52.830281394372065,45.35909281814364,41.62116757664847,SECURE (Transitioning)
53808,MoeDove,US,2381,VULNERABLE,52.23179336413267,44.687106257874845,42.125157496850065,Unknown
206652,Ioannis Roditis trading as Greekstream Networks,GR,2381,SECURE,52.831751364972654,45.40109197816044,41.57916841663167,SECURE (Transitioning)
20355,REV,US,2380,SECURE,52.902352941176424,45.33613445378151,41.47058823529412,SECURE (Transitioning)
35432,Cablenet Communication Systems plc,CY,2380,SECURE,52.84592436974785,45.33613445378151,41.5546218487395,SECURE (Transitioning)
9457,DREAMLINE CO.,KR,2380,VULNERABLE,52.109537815126004,44.66386554621849,42.3109243697479,Unknown
17501,WorldLink Communications Pvt Ltd,NP,2379,VULNERABLE,53.391719209751955,45.94367381252627,41.06767549390501,Unknown
57324,Al Lawn Al Akhdar International Company for Communications and Information Technology Ltd.,IQ,2379,VULNERABLE,53.31769651113909,45.90163934426229,41.151744430432956,Unknown
21127,Joint Stock Company TransTeleCom,RU,2379,SECURE,52.246279949558584,44.80874316939891,42.20260613703237,SECURE (Transitioning)
3329,Vodafone Greece,GR,2378,SECURE,52.81492851135403,45.37426408746846,41.58957106812448,SECURE (Transitioning)
43426,Netassist International EOOD,BG,2378,VULNERABLE,52.52056349873839,45.07989907485282,41.92598822539949,Unknown
45758,Triple T Broadband Public Company Limited,TH,2377,VULNERABLE,52.91855279764405,45.393352965923434,41.48085822465292,Unknown
140736,Edge Data Centres Pty Ltd,AU,2376,VULNERABLE,52.56477272727268,45.11784511784512,41.87710437710438,Unknown
199081,Lancom Ltd.,GR,2376,SECURE,53.07542087542082,45.58080808080808,41.37205387205387,SECURE (Transitioning)
57717,FiberXpress BV,NL,2376,VULNERABLE,52.878956228956184,45.28619528619529,41.41414141414141,Unknown
39249,Netassist International EOOD,BG,2375,VULNERABLE,52.48164210526311,45.05263157894737,41.97894736842105,VULNERABLE (Mixed)
44066,firstcolo GmbH,DE,2375,VULNERABLE,52.90147368421049,45.43157894736842,41.473684210526315,Unknown
6677,Míla hf,IS,2375,SECURE,52.7658526315789,45.305263157894736,41.68421052631579,SECURE (Transitioning)
209141,"China Mobile International (Russia), LLC",RU,2375,VULNERABLE,53.1448842105263,45.68421052631579,41.26315789473684,VULNERABLE (Mixed)
62403,PLETX LTD,GB,2374,SECURE,53.20358045492834,45.703454085930915,41.23841617523168,SECURE (Transitioning)
39324,Mediam Group Oy,FI,2374,VULNERABLE,52.80695029486095,45.324347093513055,41.575400168492,VULNERABLE (Mixed)
151755,L&T Network Services Private Limited,IN,2374,VULNERABLE,53.162047177759014,45.5770850884583,41.196293176074136,VULNERABLE (Mixed)
45437,Real World - The Core,AU,2374,VULNERABLE,52.93736310025269,45.366470092670596,41.44903117101938,Unknown
214809,Jere Kiitola trading as Stocade,FI,2373,VULNERABLE,52.53291192583223,45.04846186262115,41.88790560471977,Unknown
265691,WI-NET TELECOM S.A.C.,PE,2373,VULNERABLE,53.06106194690261,45.554150863885376,41.340075853350186,Unknown
15085,"Immedion, LLC",US,2372,SECURE,52.95392074198984,45.362563237774026,41.39966273187184,SECURE (Transitioning)
47122,CYBERFIRST LLC,RU,2372,VULNERABLE,52.548608768971285,45.067453625632375,41.863406408094434,Unknown
41720,Revolution Provider S.r.l.,IT,2372,SECURE,52.618296795952745,45.15177065767285,41.8212478920742,SECURE (Transitioning)
208453,Johan Karlsson (SweHosting),SE,2372,SECURE,52.517580101180386,45.02529510961214,41.90556492411467,SECURE (Transitioning)
9260,Multinet Pakistan Pvt. Ltd.,PK,2372,VULNERABLE,52.96977234401344,45.48903878583474,41.44182124789207,VULNERABLE (Mixed)
203217,Horizon Scope Mobile Telecom WLL,IQ,2372,VULNERABLE,53.22255480607079,45.784148397976395,41.231028667790895,Unknown
14745,Unitas Global,US,2372,VULNERABLE,52.543549747048864,45.067453625632375,41.863406408094434,VULNERABLE (Mixed)
142064,VERGETEL,AU,2372,SECURE,52.48478077571665,45.02529510961214,41.94772344013491,SECURE (Transitioning)
5408,National Infrastructures for Research and Technology S.A.,GR,2371,SECURE,53.20282581189367,45.7612821594264,41.24841838886546,SECURE (Transitioning)
7381,"BroadbandONE, LLC",US,2371,VULNERABLE,52.258161113454186,44.79122733024041,42.134120624209196,Unknown
23655,2degrees Networks Limited,NZ,2371,SECURE,52.66891606916908,45.12863770560945,41.71235765499789,SECURE (Transitioning)
21738,Rozint,US,2371,SECURE,52.67562210037954,45.21299029945171,41.75453395191902,SECURE (Transitioning)
13213,UK-2 Limited,GB,2371,SECURE,52.7452129902994,45.25516659637284,41.62800506115563,SECURE (Transitioning)
39120,Convergenze S.p.A.,IT,2371,SECURE,53.012399831294765,45.42387178405736,41.37494727962885,SECURE (Transitioning)
206230,Team Host LLC,AM,2370,VULNERABLE,53.09751054852316,45.48523206751055,41.265822784810126,VULNERABLE (Mixed)
55470,Cyfuture India Pvt. Ltd.,IN,2370,VULNERABLE,52.882616033755234,45.31645569620253,41.51898734177215,Unknown
198477,TI SPARKLE GREECE SA,GR,2369,SECURE,52.84883917264664,45.33558463486703,41.57872520050655,SECURE (Transitioning)
6206,Netrouting B.V.,NL,2369,SECURE,53.0867454622203,45.50443224989447,41.28324187420853,SECURE (Transitioning)
211826,Istqrar for Servers Services Ltd,JO,2369,VULNERABLE,52.767032503165844,45.040101308569014,41.494301392992824,Unknown
215929,Data Campus Limited,HK,2369,VULNERABLE,53.091768678767366,45.50443224989447,41.28324187420853,VULNERABLE (Mixed)
2734,CoreSite,US,2369,VULNERABLE,52.51152384972559,44.9556775010553,41.78978471929084,Unknown
42241101,Unknown,XX,2369,SECURE,53.119924018573194,45.50443224989447,41.24102997045166,SECURE (Transitioning)
210846,Dedispot Web Solution pvt ltd,IN,2369,SECURE,53.07771211481633,45.46222034613761,41.28324187420853,SECURE (Transitioning)
62553,"Elcro Digital Services, LLC",US,2368,VULNERABLE,52.57343749999995,45.10135135135135,41.84966216216216,Unknown
25549,JSC Avantel,RU,2368,VULNERABLE,52.446748310810754,44.97466216216216,41.97635135135135,Unknown
61010,IPNET OOO,KG,2367,VULNERABLE,53.163878326996155,45.711871567384875,41.27587663709337,Unknown
25472,Nova Telecommunications & Media Single Member S.A,GR,2367,VULNERABLE,52.706886354034594,45.16265314744402,41.69835234474017,Unknown
42156,GNX B.V.,NL,2367,VULNERABLE,52.933375580904055,45.331643430502744,41.36037177862273,Unknown
211181,"Civilisation Information Technology, communication and internet services Co., LTD",IQ,2367,VULNERABLE,53.14271229404305,45.669623996620196,41.27587663709337,Unknown
63969,Race Online Limited,BD,2367,VULNERABLE,52.89843683988167,45.41613857203211,41.529362061681454,VULNERABLE (Mixed)
212250,Horizon Scope Mobile Telecom WLL,IQ,2367,VULNERABLE,53.18495986480773,45.711871567384875,41.23362906632869,VULNERABLE (Mixed)
58629,Global Fair Communications Ltd.,BD,2366,VULNERABLE,53.16732882502113,45.688926458157226,41.251056635672015,Unknown
57264,OPTICONN SRL,IT,2366,VULNERABLE,53.006001690617026,45.51986475063398,41.42011834319527,VULNERABLE (Mixed)
146943,Tier 4 Cloud Services,IN,2365,VULNERABLE,53.03395348837205,45.45454545454545,41.3107822410148,Unknown
56040,China Mobile Group GuangDong Company,CN,2365,VULNERABLE,52.42465116279065,44.94714587737844,41.94503171247357,Unknown
208367,CSpace Hostings OU,EE,2365,VULNERABLE,53.047230443974584,45.45454545454545,41.3107822410148,VULNERABLE (Mixed)
23936,151 Lorong Chuan,SG,2365,VULNERABLE,52.9346300211416,45.4122621564482,41.47991543340381,VULNERABLE (Mixed)
46562,Performive LLC,US,2365,SECURE,52.723594080338216,45.20084566596195,41.60676532769556,SECURE (Transitioning)
38930,LeaseWeb (fiberring),NL,2365,SECURE,52.9408033826638,45.45454545454545,41.47991543340381,SECURE (Transitioning)
132335,Leapswitch Networks Pvt. Ltd.,IN,2365,SECURE,53.03302325581391,45.45454545454545,41.3107822410148,SECURE (Transitioning)
60501,Sirius Technology SRL,IT,2365,VULNERABLE,52.98896405919657,45.496828752642706,41.43763213530655,Unknown
44356,Epsilon Telecommunications Ltd,GB,2364,VULNERABLE,52.91941624365477,45.431472081218274,41.49746192893401,Unknown
9534,Maxis,MY,2364,VULNERABLE,52.6797800338409,45.219966159052454,41.75126903553299,Unknown
19318,"Interserver, Inc",US,2363,SECURE,52.94062632247138,45.408379179009735,41.47270418958951,SECURE (Transitioning)
209097,NETSYST SAS,FR,2363,SECURE,52.769318662716834,45.2814219212865,41.64198053322048,SECURE (Transitioning)
206499,LOCIX LIMITED,GB,2363,VULNERABLE,52.38844688954714,44.9005501481168,42.02285230639018,Unknown
215638,Cilix Limited,GB,2363,VULNERABLE,52.610622090562806,45.11214557765552,41.76893779094372,Unknown
2027,MilkyWan,FR,2363,SECURE,52.76606009310194,45.2814219212865,41.64198053322048,SECURE (Transitioning)
17885,PT XL Axiata Tbk,ID,2362,VULNERABLE,52.97891617273492,45.51227773073666,41.44792548687553,Unknown
39216,AL-SARD FIBER Co.,IQ,2362,SECURE,53.08801862828107,45.5969517358171,41.32091447925487,SECURE (Transitioning)
24440,Cyber Internet Services Pakistan,PK,2362,SECURE,52.8699407281964,45.385266723116004,41.53259949195597,SECURE (Transitioning)
49571,CELLNET Company for Internet Services Ltd.,IQ,2362,VULNERABLE,53.08585944115152,45.5969517358171,41.32091447925487,VULNERABLE (Mixed)
9541,Cyber Internet Services (Pvt) Ltd.,PK,2362,SECURE,52.86608806096524,45.385266723116004,41.53259949195597,SECURE (Transitioning)
43766,Zain Saudi Arabia,SA,2362,VULNERABLE,52.76380186282807,45.258255715495345,41.61727349703641,Unknown
18530,"Isomedia, Inc.",US,2361,VULNERABLE,52.81152054214311,45.23506988564168,41.550190597204576,Unknown
47674,BlazingFast,MO,2361,VULNERABLE,52.68530283778056,45.10800508259212,41.63490046590428,VULNERABLE (Mixed)
23951,PT Jembatan Citra Nusantara,ID,2361,VULNERABLE,52.95900042354929,45.48919949174079,41.46548072850487,Unknown
56504,HostCircle B.V.,NL,2361,VULNERABLE,52.70118593816175,45.150360016941974,41.63490046590428,Unknown
11967,Hop179 LLC,US,2361,SECURE,52.694027954256626,45.192714951291826,41.71961033460398,SECURE (Transitioning)
139922,DISH MEDIA NETWORK PUBLIC LIMITED,NP,2360,VULNERABLE,52.96512711864402,45.46610169491526,41.440677966101696,VULNERABLE (Mixed)
262197,MILLICOM CABLE COSTA RICA S.A.,CR,2360,VULNERABLE,52.8653389830508,45.38135593220339,41.52542372881356,Unknown
12859,BIT BV,NL,2360,SECURE,53.027076271186395,45.55084745762712,41.398305084745765,SECURE (Transitioning)
152565,JOY SERVICES,IN,2359,VULNERABLE,52.78300127172526,45.27342094107672,41.62780839338703,Unknown
57187,Emirates Integrated Telecommunications Company PJSC,AE,2359,VULNERABLE,52.89135226791008,45.315811784654514,41.50063586265367,Unknown
64315,PT Mitra Visioner Pratama,ID,2359,VULNERABLE,52.956464603645564,45.442984315387875,41.45824501907588,Unknown
208621,LogicForge Limited,GB,2359,VULNERABLE,52.756803730394196,45.27342094107672,41.62780839338703,Unknown
42961,Zain Kuwait MTC,KW,2359,VULNERABLE,52.628274692666345,45.06146672318779,41.712590080542604,Unknown
153183,"Gonsoa, Unipessoal, Lda.",TL,2359,VULNERABLE,52.92963119966083,45.40059347181009,41.45824501907588,VULNERABLE (Mixed)
63018,Dedicated.com,US,2359,VULNERABLE,52.783721916066085,45.27342094107672,41.62780839338703,Unknown
62068,SpectraIP B.V.,NL,2358,VULNERABLE,52.70818490245966,45.2078032230704,41.64546225614928,Unknown
62874,Web2Objects LLC,US,2358,SECURE,52.76679389312972,45.16539440203562,41.56064461407973,SECURE (Transitioning)
34854,Staclar Carrier Ltd.,GB,2358,VULNERABLE,52.55254452926205,45.038167938931295,41.85750636132315,Unknown
55285,Serverside.com,CA,2358,VULNERABLE,52.966751484308695,45.46225614927905,41.433418150975406,Unknown
50338,GamerHost s.r.o.,CZ,2358,VULNERABLE,52.62675996607289,45.12298558100085,41.7726887192536,Unknown
149876,COX LINK IT,BD,2358,VULNERABLE,53.0277353689567,45.5470737913486,41.39100932994062,VULNERABLE (Mixed)
206264,Amarutu Technology Ltd,SC,2357,VULNERABLE,52.67229529062363,45.142129826050066,41.66313109885448,Unknown
11403,NYI,US,2357,VULNERABLE,52.62078913873564,45.09970301230378,41.79041154009334,Unknown
38623,Metfone (Viettel Cambodia),KH,2357,VULNERABLE,52.98748408994479,45.48154433602036,41.40857021637675,Unknown
8796,FASTNET DATA INC,US,2357,VULNERABLE,52.864616037335544,45.269410267288926,41.45099703012304,Unknown
214331,Teske Virtual System Ltda,BR,2357,SECURE,52.564234196011824,45.05727619855749,41.83283835383963,SECURE (Transitioning)
61832,Giga+ Empresas,BR,2357,SECURE,37.25256682223166,34.95969452694103,60.924904539669065,SECURE (Transitioning)
38220,Amaze Intelligence,AU,2356,VULNERABLE,52.783913412563614,45.24617996604414,41.59592529711375,Unknown
206735,Novelcomm LP,GR,2356,VULNERABLE,52.85534804753816,45.331069609507644,41.553480475382,Unknown
213791,Marco Rossi trading as XeniaHosting,IT,2356,VULNERABLE,52.72096774193544,45.2037351443124,41.68081494057725,VULNERABLE (Mixed)
39923,Unix-Solutions BV,BE,2355,VULNERABLE,52.8594055201698,45.30785562632696,41.48619957537155,Unknown
24337,"Skytelecom , Transit provider and ISP in Vientiene.",LA,2355,VULNERABLE,52.85515923566875,45.35031847133758,41.52866242038217,VULNERABLE (Mixed)
135589,Internet Maekhong Network Company Limited,MM,2355,VULNERABLE,52.927346072186786,45.43524416135881,41.48619957537155,VULNERABLE (Mixed)
216309,InvisionTech Group S.r.l.,IT,2355,VULNERABLE,52.70089171974518,45.18046709129512,41.69851380042463,Unknown
18186,Nebula Global LLC,US,2355,VULNERABLE,52.88012738853499,45.30785562632696,41.48619957537155,Unknown
140224,Nebula Global LLC,US,2355,VULNERABLE,52.87397027600845,45.30785562632696,41.48619957537155,Unknown
18046,DongFong Technology Co. Ltd.,TW,2355,VULNERABLE,52.884883227176196,45.3927813163482,41.52866242038217,Unknown
212271,Cinzia Tocci trading as Lumanex Srl,IT,2355,SECURE,52.789341825902284,45.26539278131635,41.6135881104034,SECURE (Transitioning)
214757,Jakub Krsa,CZ,2355,VULNERABLE,52.60887473460717,45.095541401273884,41.783439490445865,Unknown
216213,Lexistar Alliance Ltd.,SC,2355,SECURE,52.66509554140122,45.1380042462845,41.740976645435246,SECURE (Transitioning)
212027,PebbleHost Ltd,GB,2355,SECURE,52.79995753715494,45.30785562632696,41.6135881104034,SECURE (Transitioning)
56740,DataHata Ltd,BY,2354,VULNERABLE,52.82192013593878,45.32710280373832,41.58878504672897,VULNERABLE (Mixed)
24538,PT Digital Satelite Indonesia,ID,2354,VULNERABLE,52.79813084112144,45.28462192013593,41.58878504672897,Unknown
31221,nLighten France SAS,FR,2354,SECURE,52.81767204757854,45.28462192013593,41.58878504672897,SECURE (Transitioning)
8285,Versija SIA,LV,2354,SECURE,52.800042480883555,45.28462192013593,41.58878504672897,SECURE (Transitioning)
14315,"1GSERVERS, LLC",US,2354,SECURE,52.878249787595536,45.3695836873407,41.50382327952421,SECURE (Transitioning)
9873,"Lao Telecom Communication, LTC",LA,2354,VULNERABLE,52.835131690739125,45.32710280373832,41.54630416312659,Unknown
141193,"EDGOO NETWORKS, UNIPESSOAL LDA",IN,2353,VULNERABLE,52.84853378665529,45.26136846578835,41.52146196345091,VULNERABLE (Mixed)
51519,Karabro AB,SE,2353,SECURE,52.67484062898422,45.17637059073523,41.73395665108372,SECURE (Transitioning)
55081,24 SHELLS,US,2353,VULNERABLE,52.74568635784101,45.2188695282618,41.6489587760306,Unknown
61522,PIT CHILE SP,CL,2353,VULNERABLE,52.88733531661703,45.38886527836804,41.52146196345091,VULNERABLE (Mixed)
47152,Francesco Ascione trading as FIBERSIX,IT,2353,SECURE,52.632341691457675,45.133871653208665,41.77645558861028,SECURE (Transitioning)
149662,PT Hostnet Data Global,ID,2353,VULNERABLE,52.881257968550734,45.34636634084148,41.52146196345091,Unknown
47787,EDGOO NETWORKS UNIPESSOAL LDA,PT,2353,VULNERABLE,52.82596685082868,45.2188695282618,41.52146196345091,Unknown
27901,Pacifico Cable SPA.,CL,2352,VULNERABLE,52.86730442176866,45.3656462585034,41.5391156462585,Unknown
7617,CTM (HK) Limited,HK,2352,VULNERABLE,52.80586734693873,45.28061224489796,41.58163265306122,VULNERABLE (Mixed)
135338,Starcloud Information Limited,HK,2352,VULNERABLE,52.85225340136049,45.28061224489796,41.49659863945578,VULNERABLE (Mixed)
132111,Bigband Sdn Bhd,MY,2352,VULNERABLE,52.87929421768702,45.32312925170068,41.49659863945578,Unknown
53264,"SBA Edge, LLC",US,2352,SECURE,52.71909013605438,45.195578231292515,41.624149659863946,SECURE (Transitioning)
52041,"Scaleblade, Ltd.",GB,2352,VULNERABLE,52.73975340136052,45.23809523809524,41.66666666666667,Unknown
6517,LAKENETWORKS ,US,2352,VULNERABLE,52.654719387755065,45.1530612244898,41.75170068027211,Unknown
9587,DTAC (True),TH,2351,VULNERABLE,52.881922586133506,45.34240748617609,41.514249255635896,Unknown
149684,PT Kreatif Pasific,ID,2351,VULNERABLE,52.836622713738784,45.29987239472565,41.55678434708634,Unknown
58396,PT Dewata Telematika,ID,2351,VULNERABLE,52.836622713738784,45.29987239472565,41.55678434708634,Unknown
24218,Global Transit Communications - Malaysia,MY,2351,VULNERABLE,52.799361973628194,45.29987239472565,41.59931943853679,Unknown
19531,Nodes Direct,US,2351,VULNERABLE,52.77966822628664,45.2573373032752,41.55678434708634,Unknown
58807,China Mobile International Limited,HK,2351,VULNERABLE,52.73874946831134,45.214802211824754,41.641854529987235,Unknown
47943,EDGOO NETWORKS UNIPESSOAL LDA,PT,2350,SECURE,52.8065957446808,45.234042553191486,41.57446808510638,SECURE (Transitioning)
41032,IQ Networks for Data and Internet Services Ltd,IQ,2350,VULNERABLE,52.86123404255314,45.31914893617021,41.53191489361702,VULNERABLE (Mixed)
56286,IX Telecom,MY,2350,VULNERABLE,52.82719148936166,45.31914893617021,41.57446808510638,Unknown
6775,Andreas Fink trading as Fink Telecom Services GmbH,CH,2350,VULNERABLE,52.86723404255314,45.361702127659576,41.53191489361702,Unknown
10094,Unified National Networks,BN,2350,VULNERABLE,52.78148936170208,45.276595744680854,41.61702127659574,Unknown
24309,Atria Convergence Technologies,IN,2350,SECURE,52.69953191489356,45.191489361702125,41.702127659574465,SECURE (Transitioning)
263779,Academia Nacional de Ciencias,CR,2349,VULNERABLE,52.80710940825878,45.29587058322691,41.5921668795232,VULNERABLE (Mixed)
61399,KG-IX LLC,KG,2349,VULNERABLE,52.84921243082158,45.338441890166024,41.54959557258408,VULNERABLE (Mixed)
24183,DTS LTD,NZ,2349,SECURE,52.76453810131967,45.253299276287784,41.63473818646232,SECURE (Transitioning)
22611,"InMotion Hosting, Inc.",US,2349,SECURE,52.77871434653038,45.253299276287784,41.5921668795232,SECURE (Transitioning)
139076,EnjoyVC Japan Corporation,JP,2349,VULNERABLE,52.77637292464878,45.21072796934866,41.5921668795232,Unknown
4818,DiGi Telecommunications Sdn. Bhd.,MY,2349,VULNERABLE,52.839037888463125,45.29587058322691,41.54959557258408,Unknown
40994,Alwyzon (Hohl IT),AT,2349,SECURE,52.8040868454661,45.29587058322691,41.5921668795232,SECURE (Transitioning)
136776,Classic Tech Transit,NP,2349,VULNERABLE,52.84968071519791,45.338441890166024,41.54959557258408,Unknown
203020,HostRoyale Technologies Pvt Ltd,IN,2349,SECURE,52.79961685823749,45.253299276287784,41.5921668795232,SECURE (Transitioning)
151326,DCConnect Communication Pte. Ltd.,SG,2349,VULNERABLE,52.834610472541456,45.29587058322691,41.54959557258408,Unknown
60404,The Infrastructure Group B.V.,NL,2349,VULNERABLE,52.84968071519792,45.338441890166024,41.54959557258408,Unknown
210022,"Trade Link Logistics General Trading & Contracting Company W.L.L., L.L.C.",IQ,2348,VULNERABLE,52.829599659284455,45.31516183986371,41.56729131175469,VULNERABLE (Mixed)
55915,Classic Tech Pvt. Ltd.,NP,2348,VULNERABLE,52.82959965928445,45.31516183986371,41.56729131175469,VULNERABLE (Mixed)
63989,DE-CORP,TH,2348,VULNERABLE,52.79731686541732,45.229982964224874,41.56729131175469,Unknown
213768,Thomas Neumann,DE,2348,VULNERABLE,52.744420783645616,45.229982964224874,41.652470187393526,VULNERABLE (Mixed)
45498,"SMART AXIATA Co., Ltd.",KH,2348,VULNERABLE,52.82959965928445,45.31516183986371,41.56729131175469,Unknown
13830,PureVoltage Hosting Inc. (Nexril),US,2348,VULNERABLE,52.76571550255532,45.229982964224874,41.60988074957411,Unknown
201207,"Getechbrothers, MB",LT,2348,SECURE,52.82210391822822,45.27257240204429,41.56729131175469,SECURE (Transitioning)
208407,LLC BYCOM SYSTEMS,BY,2348,VULNERABLE,52.829131175468426,45.31516183986371,41.56729131175469,VULNERABLE (Mixed)
45668,AIMS Data Centre Sdn Bhd,MY,2348,VULNERABLE,52.78701022146503,45.27257240204429,41.60988074957411,Unknown
971,PureVoltage Hosting Inc.,US,2348,VULNERABLE,52.78701022146502,45.27257240204429,41.60988074957411,Unknown
4609,Companhia de Telecomunicacoes de Macau SARL,MO,2348,VULNERABLE,52.80992333901188,45.27257240204429,41.56729131175469,Unknown
49453,Global Layer B.V.,NL,2348,VULNERABLE,52.829599659284455,45.31516183986371,41.56729131175469,Unknown
399646,Snaju Development,US,2348,VULNERABLE,52.808304940374754,45.27257240204429,41.56729131175469,Unknown
17216,DC74 LLC,US,2348,SECURE,52.77346678023845,45.229982964224874,41.56729131175469,SECURE (Transitioning)
138886,PT Data Buana Nusantara,ID,2348,VULNERABLE,52.78701022146503,45.27257240204429,41.60988074957411,Unknown
62205,"Unitel, LLC",RU,2348,VULNERABLE,52.82959965928443,45.31516183986371,41.56729131175469,Unknown
51269,HEXATOM s.a.r.l.,FR,2347,VULNERABLE,52.762164465274765,45.2066467831274,41.627609714529186,Unknown
397032,SPARKED HOST LLC,US,2347,VULNERABLE,52.80950149126541,45.29186195142735,41.58500213037921,VULNERABLE (Mixed)
49870,Alsycon B.V.,NL,2347,VULNERABLE,52.76689390711542,45.24925436727737,41.627609714529186,Unknown
39409,Sebastian-Wilhelm Graf,AT,2347,VULNERABLE,52.766893907115424,45.24925436727737,41.627609714529186,Unknown
210513,"Masarat Al-Iraq Information Technology Co., Ltd",IQ,2347,VULNERABLE,52.8095014912654,45.29186195142735,41.58500213037921,VULNERABLE (Mixed)
134640,PT DCI Indonesia,ID,2347,VULNERABLE,52.76689390711542,45.24925436727737,41.627609714529186,Unknown
45667,"TCC Technology Co.,Ltd.",TH,2347,SECURE,52.8095014912654,45.29186195142735,41.58500213037921,SECURE (Transitioning)
149020,WebHorizon Internet Services,SG,2347,VULNERABLE,52.76689390711542,45.24925436727737,41.627609714529186,Unknown
24295,"PacketFabric (Japan) Co., Ltd.",JP,2347,VULNERABLE,52.72428632296545,45.2066467831274,41.67021729867916,VULNERABLE (Mixed)
18209,"Atria Convergence Technologies Ltd.,",IN,2347,SECURE,52.8095014912654,45.29186195142735,41.58500213037921,SECURE (Transitioning)
61102,Interhost Communication Solutions Ltd.,IL,2346,VULNERABLE,52.765046888320505,45.225916453537934,41.60272804774083,VULNERABLE (Mixed)
138546,Ncell Pty. Ltd.,NP,2346,VULNERABLE,52.760954816709244,45.225916453537934,41.60272804774083,VULNERABLE (Mixed)
56044,China Mobile Group Liaoning Company,CN,2346,VULNERABLE,52.746760443307714,45.225916453537934,41.64535379369139,VULNERABLE (Mixed)
210269,HostCircle B.V.,NL,2346,VULNERABLE,52.74676044330772,45.225916453537934,41.64535379369139,VULNERABLE (Mixed)
17887,"T.C.C. Technology Co., Ltd.",TH,2346,VULNERABLE,52.789386189258266,45.26854219948849,41.60272804774083,VULNERABLE (Mixed)
51087,Bling Network Ltd,GB,2346,SECURE,52.74676044330772,45.225916453537934,41.64535379369139,SECURE (Transitioning)
15703,TrueFullstaq B.V.,NL,2346,VULNERABLE,52.78938618925827,45.26854219948849,41.60272804774083,Unknown
29752,Zenlayer Inc,US,2346,SECURE,52.78938618925828,45.26854219948849,41.60272804774083,SECURE (Transitioning)
59588,Zain Iraq,IQ,2346,VULNERABLE,52.78938618925826,45.26854219948849,41.60272804774083,VULNERABLE (Mixed)
398395,PureVoltage Hosting Inc.,US,2346,SECURE,52.78938618925826,45.26854219948849,41.60272804774083,SECURE (Transitioning)
10133,Chief Telecom Inc.,TW,2346,VULNERABLE,52.78930093776636,45.26854219948849,41.60272804774083,Unknown
59729,GREEN FLOID LLC,US,2346,SECURE,52.78938618925827,45.26854219948849,41.60272804774083,SECURE (Transitioning)
7565,"Rangs Nilu Square, 5th Floor, House 75, Road 5/A, Dhanmondi R/A, Dhaka 1209",BD,2346,VULNERABLE,52.78938618925826,45.26854219948849,41.60272804774083,VULNERABLE (Mixed)
137187,WorldLink Communications,NP,2346,VULNERABLE,52.78938618925826,45.26854219948849,41.60272804774083,VULNERABLE (Mixed)
216164,Cinzia Tocci trading as Lumanex Srl,IT,2346,VULNERABLE,52.74676044330771,45.225916453537934,41.64535379369139,VULNERABLE (Mixed)
135300,"Myanmar Broadband Telecom Co., Ltd",MM,2346,VULNERABLE,52.78938618925826,45.26854219948849,41.60272804774083,Unknown
22653,Cyber Wurx LLC,US,2346,SECURE,52.75528559249781,45.225916453537934,41.60272804774083,SECURE (Transitioning)
16190,LIR LLC,AM,2346,VULNERABLE,52.78938618925826,45.26854219948849,41.60272804774083,VULNERABLE (Mixed)
135330,ADCDATA.COM,HK,2346,SECURE,52.78938618925826,45.26854219948849,41.60272804774083,SECURE (Transitioning)
211970,Tarik Al-thuraya Company For Communications Service Ltd.,IQ,2346,VULNERABLE,52.78938618925826,45.26854219948849,41.60272804774083,VULNERABLE (Mixed)
50710,Earthlink Telecommunications Equipment Trading & Services DMCC,AE,2345,VULNERABLE,52.769253731343234,45.24520255863539,41.62046908315565,VULNERABLE (Mixed)
17816,China Unicom IP network China169 Guangdong province,CN,2345,VULNERABLE,52.76925373134324,45.24520255863539,41.62046908315565,VULNERABLE (Mixed)
151188,404 Network Information Co.,TW,2345,VULNERABLE,52.76925373134325,45.24520255863539,41.62046908315565,VULNERABLE (Mixed)
55573,XYZ Telecom Pty Ltd,AU,2345,VULNERABLE,52.769253731343234,45.24520255863539,41.62046908315565,VULNERABLE (Mixed)
9664,SOUTHEAST ASIA TELECOM(SG) PTE. LTD.,SG,2345,VULNERABLE,52.769253731343234,45.24520255863539,41.62046908315565,VULNERABLE (Mixed)
51684,ASIACELL COMMUNICATIONS PJSC,IQ,2345,VULNERABLE,52.769253731343234,45.24520255863539,41.62046908315565,VULNERABLE (Mixed)
62160,WEB3 Leaders INC,CA,2345,VULNERABLE,52.769253731343234,45.24520255863539,41.62046908315565,VULNERABLE (Mixed)
215228,NETPOOL TECHNOLOGIES PRIVATE LIMITED,IN,2345,VULNERABLE,52.769253731343234,45.24520255863539,41.62046908315565,VULNERABLE (Mixed)
399728,P Foundation,US,2345,VULNERABLE,52.76925373134323,45.24520255863539,41.62046908315565,Unknown
137955,Myanmar Internet Exchange,MM,2345,VULNERABLE,52.76925373134323,45.24520255863539,41.62046908315565,VULNERABLE (Mixed)
150684,"JINX CO., LIMITED",HK,2345,VULNERABLE,52.76925373134328,45.24520255863539,41.62046908315565,VULNERABLE (Mixed)
138699,TikTok Pte. Ltd.,SG,2345,VULNERABLE,52.769253731343234,45.24520255863539,41.62046908315565,VULNERABLE (Mixed)
135067,"LOGICOM TECHNOLOGY CO.,LIMITED",HK,2345,VULNERABLE,52.769253731343234,45.24520255863539,41.62046908315565,VULNERABLE (Mixed)
9516,SAKURA LINK LIMITED,HK,2345,VULNERABLE,52.769253731343255,45.24520255863539,41.62046908315565,VULNERABLE (Mixed)
206206,Kurdistan Net Company for Computer and Internet Ltd.,IQ,2345,VULNERABLE,52.769253731343234,45.24520255863539,41.62046908315565,VULNERABLE (Mixed)
32413,"Epic Servers, LLC",US,2345,SECURE,52.769253731343234,45.24520255863539,41.62046908315565,SECURE (Transitioning)
56106,Zone Networks Pty Ltd,AU,2345,VULNERABLE,52.769253731343234,45.24520255863539,41.62046908315565,VULNERABLE (Mixed)
209378,Inios Oy,FI,2345,VULNERABLE,52.769253731343234,45.24520255863539,41.62046908315565,VULNERABLE (Mixed)
397412,Tachus Fiber Internet,US,2345,SECURE,52.769253731343234,45.24520255863539,41.62046908315565,SECURE (Transitioning)
23700,PT Link Net Tbk,ID,2345,VULNERABLE,52.76925373134323,45.24520255863539,41.62046908315565,VULNERABLE (Mixed)
26666,"Interserver, Inc",US,2345,VULNERABLE,52.769253731343234,45.24520255863539,41.62046908315565,VULNERABLE (Mixed)
52341,WOM S.A.,CL,2345,VULNERABLE,52.76925373134323,45.24520255863539,41.62046908315565,VULNERABLE (Mixed)
199739,Earthlink Telecommunications Equipment Trading & Services DMCC,AE,2345,VULNERABLE,52.76925373134323,45.24520255863539,41.62046908315565,VULNERABLE (Mixed)
19233,Dialogix Telecom,US,2345,SECURE,52.76925373134324,45.24520255863539,41.62046908315565,SECURE (Transitioning)
211288,Netassist International EOOD,BG,2345,VULNERABLE,52.76925373134324,45.24520255863539,41.62046908315565,Unknown
53616,Asymptote Network LLC,US,2344,VULNERABLE,52.749104095563105,45.22184300341297,41.63822525597269,VULNERABLE (Mixed)
133448,Korea,HK,2344,VULNERABLE,52.74910409556309,45.22184300341297,41.63822525597269,VULNERABLE (Mixed)
36530,IDC Cube,US,2344,VULNERABLE,52.757508532423174,45.26450511945392,41.63822525597269,Unknown
60666,"Beijing Chuangzhijie Technology Co.,Ltd",CN,2344,VULNERABLE,52.79176621160406,45.26450511945392,41.59556313993174,VULNERABLE (Mixed)
142591,MYTEK TRADING PTY LTD,AU,2344,SECURE,52.749104095563126,45.22184300341297,41.63822525597269,SECURE (Transitioning)
48771,Orange S.A. Ltd,GB,2344,VULNERABLE,52.79176621160406,45.26450511945392,41.59556313993174,VULNERABLE (Mixed)
397373,H4Y Technologies LLC,US,2344,SECURE,52.75712457337879,45.26450511945392,41.63822525597269,SECURE (Transitioning)
202888,UPSTREAM NETWORK LTD,GB,2344,VULNERABLE,52.74910409556309,45.22184300341297,41.63822525597269,VULNERABLE (Mixed)
9886,CTCSCI TECH LIMITED,HK,2344,VULNERABLE,52.79176621160408,45.26450511945392,41.59556313993174,Unknown
153706,Stack Network Sdn. Bhd.,MY,2344,VULNERABLE,52.75196245733784,45.22184300341297,41.63822525597269,VULNERABLE (Mixed)
54334,Swiftnode LLC,US,2344,VULNERABLE,52.74910409556309,45.22184300341297,41.63822525597269,VULNERABLE (Mixed)
20278,"Nexeon Technologies, Inc.",US,2344,SECURE,52.76949658703067,45.26450511945392,41.63822525597269,SECURE (Transitioning)
138077,PT Abhinawa Sumberdaya Asia,ID,2344,VULNERABLE,52.75298634812281,45.22184300341297,41.63822525597269,Unknown
138915,Kaopu Cloud HK Limited,HK,2344,VULNERABLE,52.76706484641633,45.26450511945392,41.63822525597269,Unknown
12586,GHOSTnet GmbH,DE,2344,SECURE,52.75115187713306,45.22184300341297,41.63822525597269,SECURE (Transitioning)
56876,Ociris GmbH,DE,2344,SECURE,52.75008532423203,45.22184300341297,41.63822525597269,SECURE (Transitioning)
23077,SPICA Industry LLC,US,2344,SECURE,52.74910409556309,45.22184300341297,41.63822525597269,SECURE (Transitioning)
152194,CTG Server Limited,HK,2344,VULNERABLE,52.75213310580204,45.22184300341297,41.63822525597269,Unknown
201217,RADISHCLOUD TECHNOLOGY LLC,US,2344,VULNERABLE,52.76331058020474,45.26450511945392,41.63822525597269,VULNERABLE (Mixed)
59426,INTEXON LTD,GB,2344,VULNERABLE,52.7491040955631,45.22184300341297,41.63822525597269,Unknown
10122,NETSTAR (SG) PTE. LTD.,SG,2344,VULNERABLE,52.74948805460749,45.22184300341297,41.63822525597269,Unknown
138195,MOACK.Co.LTD,KR,2344,VULNERABLE,52.78425767918086,45.26450511945392,41.63822525597269,Unknown
206996,ZAP-Hosting GmbH,DE,2344,VULNERABLE,52.74910409556309,45.22184300341297,41.63822525597269,VULNERABLE (Mixed)
49287,Melbikomas UAB,LT,2344,VULNERABLE,52.74910409556309,45.22184300341297,41.63822525597269,VULNERABLE (Mixed)
46723,Unlabeled LLC,US,2344,VULNERABLE,52.74910409556309,45.22184300341297,41.63822525597269,VULNERABLE (Mixed)
45152,"Zone Networks Pty Ltd, Managed Hosting Solutions",AU,2344,VULNERABLE,52.75477815699654,45.26450511945392,41.63822525597269,VULNERABLE (Mixed)
27176,DataWagon LLC,US,2344,VULNERABLE,52.77512798634808,45.26450511945392,41.63822525597269,VULNERABLE (Mixed)
8283,Netwerkvereniging Coloclue,NL,2344,SECURE,52.74910409556309,45.22184300341297,41.63822525597269,SECURE (Transitioning)
12996,Domeneshop AS,NO,2344,VULNERABLE,52.74910409556309,45.22184300341297,41.63822525597269,Unknown
7361,DataZone Networks LLC,US,2344,VULNERABLE,52.74910409556309,45.22184300341297,41.63822525597269,VULNERABLE (Mixed)
10930,"Nova Internet Services, Inc.",US,2344,SECURE,52.74910409556309,45.22184300341297,41.63822525597269,SECURE (Transitioning)
401650,888 Ventures LLC,US,2344,SECURE,52.74910409556309,45.22184300341297,41.63822525597269,SECURE (Transitioning)
270564,MASTER DA WEB DATACENTER LTDA,BR,2344,VULNERABLE,52.74910409556309,45.22184300341297,41.63822525597269,Unknown
46805,Angelnet Limited,SC,2344,SECURE,52.76616894197947,45.26450511945392,41.63822525597269,SECURE (Transitioning)
141004,QTIME BUSINESSES PRIVATE LIMITED,IN,2344,VULNERABLE,52.74910409556309,45.22184300341297,41.63822525597269,VULNERABLE (Mixed)
197071,active 1 GmbH,DE,2344,SECURE,52.75106655290097,45.22184300341297,41.63822525597269,SECURE (Transitioning)
401044,BlueType LLC,US,2344,SECURE,52.74910409556309,45.22184300341297,41.63822525597269,SECURE (Transitioning)
212935,Theori Inc,US,2344,SECURE,52.74910409556309,45.22184300341297,41.63822525597269,SECURE (Transitioning)
150445,Getechbrothers,LT,2344,SECURE,52.74910409556309,45.22184300341297,41.63822525597269,SECURE (Transitioning)
46505,NixiHost.com Incorporated,US,2344,SECURE,52.74910409556309,45.22184300341297,41.63822525597269,SECURE (Transitioning)
209554,ISIF OU,EE,2344,VULNERABLE,52.77576791808868,45.26450511945392,41.63822525597269,VULNERABLE (Mixed)
33387,"Nocix, LLC",US,2344,SECURE,52.765529010238865,45.26450511945392,41.63822525597269,SECURE (Transitioning)
7489,HostUS,HK,2344,VULNERABLE,52.78063139931736,45.26450511945392,41.63822525597269,VULNERABLE (Mixed)
932,XNNET LLC,US,2344,VULNERABLE,52.76770477815698,45.26450511945392,41.63822525597269,Unknown
23459,applebee,US,2344,VULNERABLE,52.74910409556309,45.22184300341297,41.63822525597269,VULNERABLE (Mixed)
51082,A1 NETWORK EXCHANGE LIMITED,GB,2344,VULNERABLE,52.75443686006821,45.26450511945392,41.63822525597269,VULNERABLE (Mixed)
140096,"JINX CO., LIMITED",HK,2344,VULNERABLE,52.75443686006823,45.26450511945392,41.63822525597269,Unknown
136897,Enjoyvc Cloud Group Limited.,HK,2344,SECURE,52.77819965870306,45.26450511945392,41.63822525597269,SECURE (Transitioning)
139317,Ningbo Dahuamao Information Technology Co Ltd,CN,2344,SECURE,52.791766211604056,45.26450511945392,41.59556313993174,SECURE (Transitioning)
18013,ASLINE LIMITED,HK,2344,VULNERABLE,52.777559726962444,45.26450511945392,41.63822525597269,Unknown
17497,Liasail Global Hongkong Limited,HK,2344,VULNERABLE,52.750554607508484,45.22184300341297,41.63822525597269,Unknown
400618,Prime Security Corp.,US,2344,VULNERABLE,52.75383959044366,45.26450511945392,41.63822525597269,VULNERABLE (Mixed)
200132,Peter-Paul Maria Kurstjens,NL,2344,SECURE,52.74910409556309,45.22184300341297,41.63822525597269,SECURE (Transitioning)
55154,Madgenius.com,US,2344,SECURE,52.78003412969278,45.26450511945392,41.63822525597269,SECURE (Transitioning)
210000,TwentyWAN MB,LT,2344,VULNERABLE,52.749104095563105,45.22184300341297,41.63822525597269,Unknown
14935,"Monticello Networks, Inc.",US,2344,VULNERABLE,52.79176621160404,45.26450511945392,41.59556313993174,VULNERABLE (Mixed)
30823,aurologic GmbH,DE,2344,VULNERABLE,52.75063993174057,45.22184300341297,41.63822525597269,Unknown
40092,HostPapa,US,2344,SECURE,52.75925767918084,45.26450511945392,41.63822525597269,SECURE (Transitioning)
11117,"Nuyek, LLC",US,2344,SECURE,52.74910409556309,45.22184300341297,41.63822525597269,SECURE (Transitioning)
36352,HostPapa,US,2344,SECURE,52.7816126279863,45.26450511945392,41.63822525597269,SECURE (Transitioning)
213605,Liu HaoRan,CN,2344,SECURE,52.791766211604056,45.26450511945392,41.59556313993174,SECURE (Transitioning)
53340,FiberHub (VegasNAP),US,2344,VULNERABLE,52.75725255972691,45.26450511945392,41.63822525597269,Unknown
58065,Orion Network Limited,GB,2344,SECURE,52.786518771331004,45.26450511945392,41.63822525597269,SECURE (Transitioning)
204844,NCSE NETWORK LTD,GB,2344,VULNERABLE,52.74910409556309,45.22184300341297,41.63822525597269,Unknown
210906,"UAB ""Bite Lietuva""",LT,2344,VULNERABLE,52.74910409556309,45.22184300341297,41.63822525597269,VULNERABLE (Mixed)
17476,CloudRadium (HK) Limited,HK,2344,VULNERABLE,52.749104095563126,45.22184300341297,41.63822525597269,Unknown
205659,UAB code200,LT,2344,VULNERABLE,52.751237201365136,45.22184300341297,41.63822525597269,VULNERABLE (Mixed)
210250,K Media Tech Ltd.,BG,2344,VULNERABLE,52.74910409556309,45.22184300341297,41.63822525597269,VULNERABLE (Mixed)
203062,Alexandre Roux,FR,2344,VULNERABLE,52.74910409556309,45.22184300341297,41.63822525597269,Unknown
203061,UAB code200,LT,2344,VULNERABLE,52.75780716723544,45.26450511945392,41.63822525597269,VULNERABLE (Mixed)
399661,INJ LLC,US,2344,SECURE,52.74910409556309,45.22184300341297,41.63822525597269,SECURE (Transitioning)
136479,Cyber Telecom ISP,AF,2344,VULNERABLE,52.74910409556309,45.22184300341297,41.63822525597269,VULNERABLE (Mixed)
199959,GWY IT PTY LTD,AU,2344,SECURE,52.764675767918035,45.26450511945392,41.63822525597269,SECURE (Transitioning)
16661,Hack This LLC,US,2344,SECURE,52.74910409556309,45.22184300341297,41.63822525597269,SECURE (Transitioning)
150766,CoCoDigit Ltd,TW,2344,VULNERABLE,52.749104095563105,45.22184300341297,41.63822525597269,VULNERABLE (Mixed)
207612,XTT Ltd Co. LLC,US,2344,SECURE,52.74910409556309,45.22184300341297,41.63822525597269,SECURE (Transitioning)
25846,Cloudnium LLC,US,2344,VULNERABLE,52.74910409556309,45.22184300341297,41.63822525597269,VULNERABLE (Mixed)
1836,green.ch AG,CH,2344,SECURE,52.749658703071624,45.22184300341297,41.63822525597269,SECURE (Transitioning)
135391,"Aofei Data International Co., Ltd.",HK,2344,VULNERABLE,52.75934300341295,45.26450511945392,41.63822525597269,Unknown
139216,Htroy Network Research Limited,CN,2344,VULNERABLE,52.79176621160404,45.26450511945392,41.59556313993174,VULNERABLE (Mixed)
399629,BL Networks,US,2344,VULNERABLE,52.74910409556309,45.22184300341297,41.63822525597269,VULNERABLE (Mixed)
58123,NG Communications BV,BE,2344,VULNERABLE,52.74910409556309,45.22184300341297,41.63822525597269,VULNERABLE (Mixed)
199432,Marine BELFONTAINE,FR,2344,SECURE,52.74910409556309,45.22184300341297,41.63822525597269,SECURE (Transitioning)
394503,Pseudonym.mx LLC,US,2344,SECURE,52.74910409556309,45.22184300341297,41.63822525597269,SECURE (Transitioning)
3842,"InMotion Hosting, Inc.",US,2344,SECURE,52.74910409556309,45.22184300341297,41.63822525597269,SECURE (Transitioning)
139341,WeChat/QQ CDN,SG,2344,VULNERABLE,52.74957337883954,45.22184300341297,41.63822525597269,Unknown
17433,Hytron Network Services Limited,HK,2344,VULNERABLE,52.79176621160407,45.26450511945392,41.59556313993174,Unknown
983,Akari Networks LLC,US,2344,VULNERABLE,52.767406143344665,45.26450511945392,41.63822525597269,Unknown
18423,"RAID Networks Co., Ltd.",TW,2344,VULNERABLE,52.791766211604056,45.26450511945392,41.59556313993174,Unknown
211509,Rudakov Ihor,UA,2344,VULNERABLE,52.791766211604056,45.26450511945392,41.59556313993174,VULNERABLE (Mixed)
59538,UPSTREAM NETWORK LTD,GB,2344,SECURE,52.789121160409515,45.26450511945392,41.59556313993174,SECURE (Transitioning)
149981,Legend Dynasty Pte. Ltd.,SG,2344,VULNERABLE,52.74910409556309,45.22184300341297,41.63822525597269,VULNERABLE (Mixed)
23033,Wowrack.com,US,2344,VULNERABLE,52.790614334470945,45.26450511945392,41.59556313993174,Unknown
401362,HOST4NERD LLC,US,2344,SECURE,52.77346416382247,45.26450511945392,41.63822525597269,SECURE (Transitioning)
399122,VPS House Technology Group LLC,US,2344,VULNERABLE,52.750255972696195,45.22184300341297,41.63822525597269,VULNERABLE (Mixed)
132825,MYTEK TRADING PTY LTD,AU,2344,SECURE,52.78122866894197,45.26450511945392,41.63822525597269,SECURE (Transitioning)
56910,Digital Realty Hellas Single Member S.A,GR,2344,SECURE,52.75264505119449,45.22184300341297,41.63822525597269,SECURE (Transitioning)
9232,Ntte Global Network (Brand Name),HK,2344,VULNERABLE,52.77755972696241,45.26450511945392,41.63822525597269,Unknown
49063,Data Storage Center JSC,RU,2344,VULNERABLE,52.758703071672294,45.26450511945392,41.63822525597269,Unknown
131866,Digital Edge Korea,KR,2344,VULNERABLE,52.79176621160405,45.26450511945392,41.59556313993174,VULNERABLE (Mixed)
48314,IP-Projects GmbH & Co. KG,DE,2344,SECURE,52.75017064846411,45.22184300341297,41.63822525597269,SECURE (Transitioning)
58057,Securebit AG,CH,2344,SECURE,52.74910409556309,45.22184300341297,41.63822525597269,SECURE (Transitioning)
40676,Psychz Networks,US,2344,SECURE,52.761390784982886,45.26450511945392,41.63822525597269,SECURE (Transitioning)
15967,Nazwa.pl Sp.z.o.o.,PL,2344,VULNERABLE,52.75217576791803,45.22184300341297,41.63822525597269,Unknown
24409,China Internet Network Infomation Center,CN,2344,VULNERABLE,52.79176621160405,45.26450511945392,41.59556313993174,VULNERABLE (Mixed)
209872,EASY SYSTEMS S.A.,GR,2344,VULNERABLE,52.79176621160405,45.26450511945392,41.59556313993174,VULNERABLE (Mixed)
199246,ENARTIA Single Member S.A.,GR,2344,VULNERABLE,52.74910409556309,45.22184300341297,41.63822525597269,VULNERABLE (Mixed)
8396,Technical Chamber of Greece,GR,2344,VULNERABLE,52.79176621160405,45.26450511945392,41.59556313993174,VULNERABLE (Mixed)
60326,0xDEADBEEF LTD,SC,2344,VULNERABLE,52.74910409556309,45.22184300341297,41.63822525597269,Unknown
32595,"Liberally Network, LLC",US,2344,SECURE,52.75520477815697,45.26450511945392,41.63822525597269,SECURE (Transitioning)
134835,Starry Network Limited,HK,2344,VULNERABLE,52.765998293515324,45.26450511945392,41.63822525597269,Unknown
41564,Orion Network Limited,GB,2344,VULNERABLE,52.785708191126226,45.26450511945392,41.63822525597269,Unknown
35661,VIRTUA SYSTEMS SAS,FR,2344,VULNERABLE,52.74910409556309,45.22184300341297,41.63822525597269,Unknown
44421,Yifu Yu,CN,2344,VULNERABLE,52.77043515358357,45.26450511945392,41.63822525597269,VULNERABLE (Mixed)
8522,Foundation of Research and Technology Hellas,GR,2344,VULNERABLE,52.74910409556309,45.22184300341297,41.63822525597269,Unknown
200314,Algosystems S.A.,GR,2344,VULNERABLE,52.79176621160405,45.26450511945392,41.59556313993174,VULNERABLE (Mixed)
209515,MOTOR OIL (HELLAS) CORINTH REFINERIES S.A.,GR,2344,VULNERABLE,52.79176621160405,45.26450511945392,41.59556313993174,VULNERABLE (Mixed)
50148,Elliniki Radiofonia Tileorasi (ERT) SA,GR,2344,VULNERABLE,52.77755972696241,45.26450511945392,41.63822525597269,VULNERABLE (Mixed)
207327,Real TV GmbH,DE,2344,VULNERABLE,52.74910409556309,45.22184300341297,41.63822525597269,VULNERABLE (Mixed)
61218,4b42 UG,DE,2344,VULNERABLE,52.79176621160404,45.26450511945392,41.59556313993174,Unknown
199310,XIN BING XIAN,CN,2344,VULNERABLE,52.74910409556309,45.22184300341297,41.63822525597269,Unknown
49304,SAKURA LINK LIMITED,HK,2344,VULNERABLE,52.782679180887335,45.26450511945392,41.63822525597269,Unknown
43350,NForce Entertainment B.V.,NL,2344,SECURE,52.755332764505084,45.26450511945392,41.63822525597269,SECURE (Transitioning)
22427,GNET INC.,US,2344,VULNERABLE,52.754863481228654,45.26450511945392,41.63822525597269,Unknown
24940,Hetzner Online GmbH,DE,2344,SECURE,52.76399317406138,45.26450511945392,41.63822525597269,SECURE (Transitioning)
209109,DataSphere (H.K) Limited,HK,2344,VULNERABLE,52.7491040955631,45.22184300341297,41.63822525597269,Unknown
152156,Naruto,HK,2344,VULNERABLE,52.75298634812284,45.22184300341297,41.63822525597269,VULNERABLE (Mixed)
202662,Hytron Network Services Limited,HK,2344,VULNERABLE,52.756228668941944,45.26450511945392,41.63822525597269,Unknown
399870,BYNARIUM LLC,US,2344,VULNERABLE,52.749104095563105,45.22184300341297,41.63822525597269,VULNERABLE (Mixed)
214432,"Zhilian Technology CO., LTD.",GB,2344,VULNERABLE,52.75298634812282,45.22184300341297,41.63822525597269,VULNERABLE (Mixed)
64245,"DigitalFyre Internet Solutions, LLC.",US,2344,VULNERABLE,52.78643344709892,45.26450511945392,41.63822525597269,Unknown
9286,KINX,KR,2344,VULNERABLE,52.791638225255944,45.26450511945392,41.59556313993174,Unknown
8298,IPng Networks GmbH,CH,2344,VULNERABLE,52.74910409556309,45.22184300341297,41.63822525597269,Unknown
204617,Joel Pinnow,US,2344,VULNERABLE,52.79176621160404,45.26450511945392,41.59556313993174,VULNERABLE (Mixed)
40958,Milpa Nativa Inc.,US,2344,SECURE,52.74910409556309,45.22184300341297,41.63822525597269,SECURE (Transitioning)
136165,X4B DDoS Protected Announcements,AU,2344,SECURE,52.76616894197947,45.26450511945392,41.63822525597269,SECURE (Transitioning)
63139,BEDGE CO LIMITED,US,2344,SECURE,52.75622866894193,45.26450511945392,41.63822525597269,SECURE (Transitioning)
57043,HOSTKEY B.V.,NL,2344,VULNERABLE,52.764761092150124,45.26450511945392,41.63822525597269,Unknown
214477,SHIVSUM INFORMATION TECHNOLOGY FZE,AE,2344,SECURE,52.791766211604056,45.26450511945392,41.59556313993174,SECURE (Transitioning)
9848,SEJONG NETWORKS,KR,2344,VULNERABLE,52.79176621160407,45.26450511945392,41.59556313993174,Unknown
36198,ZDM Network Solutions LLC (Erik Seidel),US,2344,VULNERABLE,52.791766211604056,45.26450511945392,41.59556313993174,VULNERABLE (Mixed)
55207,June Slater,US,2344,VULNERABLE,52.74910409556309,45.22184300341297,41.63822525597269,VULNERABLE (Mixed)
211358,Patrizio Palumbo,IT,2344,VULNERABLE,52.74910409556309,45.22184300341297,41.63822525597269,Unknown
149513,SyCloud,US,2344,VULNERABLE,52.75686860068255,45.26450511945392,41.63822525597269,Unknown
213045,Alex Delporte,BE,2344,VULNERABLE,52.791766211604056,45.26450511945392,41.59556313993174,VULNERABLE (Mixed)
214483,FiberPower LLC,US,2344,VULNERABLE,52.776023890784934,45.26450511945392,41.63822525597269,VULNERABLE (Mixed)
63473,"HostHatch, LLC",US,2344,VULNERABLE,52.7491040955631,45.22184300341297,41.63822525597269,Unknown
62904,Eonix Corporation,US,2344,SECURE,52.78545221842999,45.26450511945392,41.63822525597269,SECURE (Transitioning)
397423,Tier.Net Technologies LLC,US,2344,VULNERABLE,52.759428327645,45.26450511945392,41.63822525597269,Unknown
984,Octopus Web Solution Inc.,US,2344,SECURE,52.76117747440268,45.26450511945392,41.63822525597269,SECURE (Transitioning)
216324,Hyper Group Network Ltd.,GB,2344,VULNERABLE,52.74910409556309,45.22184300341297,41.63822525597269,VULNERABLE (Mixed)
10049,"SK Co.,",KR,2344,VULNERABLE,52.78626279863479,45.26450511945392,41.63822525597269,Unknown
45887,GPLHost LLC,AU,2344,VULNERABLE,52.75857508532419,45.26450511945392,41.63822525597269,VULNERABLE (Mixed)
32030,"VoIPster Communications, INC.",US,2344,VULNERABLE,52.74910409556309,45.22184300341297,41.63822525597269,Unknown
214806,Femboy Cyber Networks LLC,US,2344,VULNERABLE,52.791766211604056,45.26450511945392,41.59556313993174,Unknown
40812,XTC Limited Company,US,2344,SECURE,52.74910409556309,45.22184300341297,41.63822525597269,SECURE (Transitioning)
198203,RouteLabel V.O.F.,NL,2344,VULNERABLE,52.74910409556309,45.22184300341297,41.63822525597269,VULNERABLE (Mixed)
64056,Kazila LLC,AU,2344,SECURE,52.79176621160404,45.26450511945392,41.59556313993174,SECURE (Transitioning)
55350,Virtual Switching Consultancy Limited (C/O VXRoutes Ltd),HK,2344,VULNERABLE,52.79176621160404,45.26450511945392,41.59556313993174,Unknown
57406,Zero Distance LLC,US,2344,VULNERABLE,52.749104095563105,45.22184300341297,41.63822525597269,VULNERABLE (Mixed)
152179,GLOBAL COMMUNICATION NETWORK LIMITED,HK,2344,VULNERABLE,52.752431740614284,45.22184300341297,41.63822525597269,Unknown
26548,PureVoltage Hosting Inc.,US,2344,VULNERABLE,52.75319965870302,45.22184300341297,41.63822525597269,Unknown
393398,"Evocative (1515 ROUNDTABLE DR PROPERTY, LLC)",US,2344,VULNERABLE,52.77726109215013,45.26450511945392,41.63822525597269,Unknown
401538,Nova86,US,2344,VULNERABLE,52.74910409556309,45.22184300341297,41.63822525597269,VULNERABLE (Mixed)
54994,Meteverse Limited,CA,2344,VULNERABLE,52.77939419795216,45.26450511945392,41.63822525597269,Unknown
55933,Cloudie Limited,HK,2344,VULNERABLE,52.77751706484641,45.26450511945392,41.63822525597269,Unknown
61272,"Informacines sistemos ir technologijos, UAB",LT,2344,SECURE,52.750469283276395,45.22184300341297,41.63822525597269,SECURE (Transitioning)
149024,Afghan Bawar ICT Services,AF,2344,SECURE,52.74910409556309,45.22184300341297,41.63822525597269,SECURE (Transitioning)
16925,Cloud Optimized SMB LLC,US,2344,VULNERABLE,52.74910409556309,45.22184300341297,41.63822525597269,VULNERABLE (Mixed)
35868,HermeTek LLC,US,2344,SECURE,52.74910409556309,45.22184300341297,41.63822525597269,SECURE (Transitioning)
138415,Yancy Limited,HK,2344,VULNERABLE,52.752773037542646,45.22184300341297,41.63822525597269,Unknown
40448,"Hyperleaf, LLC",US,2344,VULNERABLE,52.787286689419744,45.26450511945392,41.63822525597269,VULNERABLE (Mixed)
140915,Xiang Xuanchen,CN,2344,VULNERABLE,52.791766211604056,45.26450511945392,41.59556313993174,VULNERABLE (Mixed)
955,LSHIY LLC,US,2344,VULNERABLE,52.7491040955631,45.22184300341297,41.63822525597269,Unknown
153371,BACK WAVES LIMITED,HK,2344,VULNERABLE,52.75042662116037,45.22184300341297,41.63822525597269,Unknown
213835,Solidity Technology Services SA,GR,2344,VULNERABLE,52.74910409556309,45.22184300341297,41.63822525597269,VULNERABLE (Mixed)
42817,Euronet Card Services S.A.,GR,2344,VULNERABLE,52.79176621160405,45.26450511945392,41.59556313993174,VULNERABLE (Mixed)
200128,DNHOST IKE,GR,2344,VULNERABLE,52.79176621160405,45.26450511945392,41.59556313993174,VULNERABLE (Mixed)
60597,S. CHRISTOFOROU & SIA O.E.,GR,2344,VULNERABLE,52.74910409556309,45.22184300341297,41.63822525597269,VULNERABLE (Mixed)
207540,Cloud Concept S.A.,GR,2344,VULNERABLE,52.74910409556309,45.22184300341297,41.63822525597269,VULNERABLE (Mixed)
209969,CSCBank SAL,LB,2344,VULNERABLE,52.74910409556309,45.22184300341297,41.63822525597269,VULNERABLE (Mixed)
398397,QuickCentralNetworks,US,2344,VULNERABLE,52.79176621160404,45.26450511945392,41.59556313993174,Unknown
62633,HostRush,US,2344,SECURE,52.74910409556309,45.22184300341297,41.63822525597269,SECURE (Transitioning)
214691,Timothy McDaniel,US,2344,SECURE,52.74910409556309,45.22184300341297,41.63822525597269,SECURE (Transitioning)
55720,Gigabit Hosting Sdn Bhd,MY,2344,SECURE,52.78216723549487,45.26450511945392,41.63822525597269,SECURE (Transitioning)
46597,"Ecommerce Discovery, LLC",US,2344,SECURE,52.75383959044363,45.26450511945392,41.63822525597269,SECURE (Transitioning)
132203,Tencent,CN,2344,VULNERABLE,52.77743174061428,45.26450511945392,41.63822525597269,Unknown
27345,SPICA Industry LLC,US,2344,VULNERABLE,52.79176621160404,45.26450511945392,41.59556313993174,VULNERABLE (Mixed)
138995,Antbox Networks Limited,HK,2344,VULNERABLE,52.75311433447097,45.22184300341297,41.63822525597269,Unknown
215457,DCS LLC,RU,2344,VULNERABLE,52.74910409556309,45.22184300341297,41.63822525597269,Unknown
401984,"Tomorin Network, LLC",US,2344,VULNERABLE,52.749104095563105,45.22184300341297,41.63822525597269,VULNERABLE (Mixed)
56971,CGI GLOBAL LIMITED,HK,2344,SECURE,52.75610068259381,45.26450511945392,41.63822525597269,SECURE (Transitioning)
42473,Anexia Cloud Solutions GmbH,AT,2344,SECURE,52.75345563139927,45.26450511945392,41.63822525597269,SECURE (Transitioning)
48752,Volodymyr Chystiakov,UA,2344,VULNERABLE,52.791766211604056,45.26450511945392,41.59556313993174,VULNERABLE (Mixed)
4743,ISIF LIMITED,HK,2344,VULNERABLE,52.79176621160404,45.26450511945392,41.59556313993174,VULNERABLE (Mixed)
139648,PacketStream Korea,KR,2344,VULNERABLE,52.74910409556312,45.22184300341297,41.63822525597269,Unknown
21245,MEDIANOVA INTERNET HIZMETLERI VE TICARET ANONIM SIRKETI,TR,2344,VULNERABLE,52.74910409556309,45.22184300341297,41.63822525597269,Unknown
16302,Suomi Communications Oy,FI,2344,SECURE,52.76331058020473,45.26450511945392,41.63822525597269,SECURE (Transitioning)
40065,CNSERVERS LLC,US,2344,VULNERABLE,52.77960750853241,45.26450511945392,41.63822525597269,Unknown
50520,HOSTMEIN IKE,GR,2344,VULNERABLE,52.75622866894193,45.26450511945392,41.63822525597269,VULNERABLE (Mixed)
201494,MODULUS A.E.,GR,2344,VULNERABLE,52.74910409556309,45.22184300341297,41.63822525597269,VULNERABLE (Mixed)
140666,ANY DIGITAL PTE. LTD.,SG,2344,VULNERABLE,52.74910409556309,45.22184300341297,41.63822525597269,VULNERABLE (Mixed)
150436,Byteplus Pte. Ltd.,SG,2344,VULNERABLE,52.749658703071624,45.22184300341297,41.63822525597269,VULNERABLE (Mixed)
196695,NetOne Rus JSC,RU,2344,VULNERABLE,52.7811006825938,45.26450511945392,41.63822525597269,Unknown
204508,Gatterer Manuel trading as MLGT,IT,2344,VULNERABLE,52.791766211604056,45.26450511945392,41.59556313993174,VULNERABLE (Mixed)
215120,Evolus IT Solutions GmbH,AT,2344,VULNERABLE,52.7491040955631,45.22184300341297,41.63822525597269,Unknown
400941,"Nubinity, LLC",US,2344,SECURE,52.79176621160404,45.26450511945392,41.59556313993174,SECURE (Transitioning)
55286,B2 Net Solutions Inc.,CA,2344,SECURE,52.79001706484637,45.26450511945392,41.59556313993174,SECURE (Transitioning)
34602,MEGASVYAZ LLC,RU,2344,VULNERABLE,52.74910409556309,45.22184300341297,41.63822525597269,Unknown
40893,Xipe Networks,US,2344,VULNERABLE,52.74910409556309,45.22184300341297,41.63822525597269,VULNERABLE (Mixed)
64050,BGP Network Limited,HK,2344,VULNERABLE,52.75550341296927,45.26450511945392,41.63822525597269,Unknown
215595,SparkTech LTD,US,2344,VULNERABLE,52.76970989761087,45.26450511945392,41.63822525597269,VULNERABLE (Mixed)
49582,UPSTREAM TELECOMMUNICATIONS AND SOFTWARE SYSTEMS S.M.S.A,GR,2344,VULNERABLE,52.79176621160405,45.26450511945392,41.59556313993174,VULNERABLE (Mixed)
210477,Genco Power AE,GR,2344,VULNERABLE,52.74910409556309,45.22184300341297,41.63822525597269,VULNERABLE (Mixed)
47521,IpHost P.C.,GR,2344,VULNERABLE,52.79176621160405,45.26450511945392,41.59556313993174,VULNERABLE (Mixed)
41372,VELTI SINGLE MEMBER S.A. Software Products and Services,GR,2344,VULNERABLE,52.79176621160405,45.26450511945392,41.59556313993174,VULNERABLE (Mixed)
398704,STACKS INC,US,2344,VULNERABLE,52.77133105802044,45.26450511945392,41.63822525597269,Unknown
400282,UPX US LLC,US,2298,VULNERABLE,37.91544821583987,35.50913838120104,60.18276762402088,VULNERABLE (Mixed)
52863,UPX TECNOLOGIA LTDA,BR,2297,SECURE,37.93043099695255,35.52459730082717,60.16543317370483,SECURE (Transitioning)
270735,COMPUTIZE NETWORK TELECOMUNICACOES LTDA,BR,1477,VULNERABLE,40.570480704129984,38.25321597833446,57.48138117806364,Unknown
9050,Orange Romania S.A.,RO,1390,VULNERABLE,60.14935251798562,55.75539568345324,36.40287769784173,Unknown
8953,Orange Romania S.A.,RO,1390,SECURE,60.14172661870504,55.75539568345324,36.40287769784173,SECURE (Transitioning)
271253,LINK BRASIL TELECOMUNICACOES LTDA,BR,1255,SECURE,38.95529880478088,36.57370517928287,58.88446215139442,SECURE (Transitioning)
52965,1Telecom,BR,1239,SECURE,37.4405165456013,35.02824858757062,60.129136400322835,SECURE (Transitioning)
53087,TELY Ltda.,BR,1196,SECURE,36.5957357859532,33.8628762541806,60.953177257525084,SECURE (Transitioning)
52573,Une Telecom Ltda,BR,1153,SECURE,41.71179531656547,39.1153512575889,56.28794449262793,SECURE (Transitioning)
11164,Internet2 I2PX,US,1038,SECURE,25.811657032755296,21.38728323699422,70.23121387283237,WASTED PROTECTION (Glass House Cone)
263073,DTEL TELECOM,BR,1033,SECURE,38.20580832526622,35.52758954501452,59.34172313649564,SECURE (Transitioning)
52554,Rede MegasNet Telecomunicações,BR,1032,SECURE,36.95862403100774,34.39922480620155,60.75581395348837,SECURE (Transitioning)
3326,Datagroup PJSC,UA,1017,SECURE,56.60698131760078,52.11406096361848,40.117994100294986,SECURE (Transitioning)
28663,FLYS INTERATIVA LTDA,BR,976,VULNERABLE,39.00430327868851,36.7827868852459,59.42622950819673,Unknown
263444,Open X Tecnologia Ltda,BR,951,SECURE,38.912618296529956,36.69821240799159,59.516298633017875,SECURE (Transitioning)
53181,K2 Telecom e Multimidia LTDA ME,BR,858,SECURE,42.5513986013986,40.55944055944056,55.71095571095571,SECURE (Transitioning)
28260,ALTA REDE CORPORATE NETWORK TELECOM LTDA - EPP,BR,842,SECURE,38.65570071258907,36.46080760095012,59.263657957244654,SECURE (Transitioning)
28598,MOB,BR,813,SECURE,39.29950799507995,37.02337023370234,58.54858548585485,SECURE (Transitioning)
263922,SPEED TURBO TELECOM,BR,801,SECURE,39.806491885143565,37.20349563046192,58.1772784019975,SECURE (Transitioning)
268689,ELEVEL TECNOLOGIA LTDA,BR,801,SECURE,39.806491885143565,37.20349563046192,58.1772784019975,SECURE (Transitioning)
273683,ALLREDE TELECOM LTDA,BR,793,SECURE,42.68978562421185,39.974779319041616,55.10718789407314,SECURE (Transitioning)
27693,NipBr - NipCable do Brasil Telecom LTDA,BR,790,VULNERABLE,40.339113924050636,37.721518987341774,57.59493670886076,Unknown
28146,MHNET TELECOM,BR,767,SECURE,37.27235984354628,34.8109517601043,60.625814863103,SECURE (Transitioning)
270664,Opyt Provedor,BR,766,VULNERABLE,40.63198433420365,38.1201044386423,57.310704960835515,Unknown
265137,CONECTIVA TELECOM TECNOLOGIA LTDA - ME,BR,764,VULNERABLE,40.60746073298429,38.089005235602095,57.32984293193717,VULNERABLE (Mixed)
262720,GIGABYTE TELECOM,BR,759,SECURE,40.47971014492754,37.94466403162055,57.44400527009223,SECURE (Transitioning)
61621,Norte.Net Telecomunicações Ltda,BR,755,SECURE,40.561721854304636,38.01324503311258,57.35099337748344,SECURE (Transitioning)
264953,INTEGRATO TELECOMUNICAÇÕES LTDA - ME,BR,755,VULNERABLE,40.561721854304636,38.01324503311258,57.35099337748344,VULNERABLE (Mixed)
271355,NEOTECH PROVEDOR DE INTERNET LTDA,BR,745,VULNERABLE,35.487114093959725,32.88590604026846,61.74496644295302,Unknown
263880,WANTEL TECNOLOGIA LTDA. ­ EPP,BR,743,VULNERABLE,35.448048452220725,32.83983849259758,61.776581426648725,Unknown
61668,Mr. Ynet Network Informatica Ltda,BR,743,VULNERABLE,35.448048452220725,32.83983849259758,61.776581426648725,VULNERABLE (Mixed)
28189,NOVVACORE,BR,708,SECURE,36.37655367231639,33.61581920903955,61.29943502824858,SECURE (Transitioning)
35297,Dataline LLC,UA,701,VULNERABLE,57.18758915834523,53.20970042796006,39.51497860199715,Unknown
263966,WorldWifi,BR,696,VULNERABLE,36.47212643678161,33.62068965517241,61.206896551724135,Unknown
272501,Cotia Fiber Telecomunicações e Serviços LTDA,BR,696,VULNERABLE,36.47212643678161,33.62068965517241,61.206896551724135,VULNERABLE (Mixed)
52541,New Speed Internet Banda Larga,BR,692,VULNERABLE,35.07225433526011,32.369942196531795,62.138728323699425,VULNERABLE (Mixed)
262468,ATEL ( Natel Telecom Ltda ),BR,692,SECURE,34.92774566473988,32.22543352601156,62.28323699421965,SECURE (Transitioning)
61758,TOP NET SERVIÇOS LTDA,BR,692,VULNERABLE,34.92774566473988,32.22543352601156,62.28323699421965,Unknown
11432,Telium Telecomunicações Ltda,BR,672,SECURE,36.0641369047619,33.779761904761905,61.904761904761905,SECURE (Transitioning)
12741,Netia SA,PL,663,VULNERABLE,44.55852187028658,40.57315233785822,51.734539969834096,Unknown
270817,Gigante Net Group Inf Ltda,BR,630,SECURE,37.66603174603175,34.76190476190476,59.84126984126984,SECURE (Transitioning)
266931,NOVELL INTERNET,BR,629,SECURE,37.56693163751988,34.65818759936407,59.93640699523053,SECURE (Transitioning)
269572,SPEED JET TELECOM LTDA,BR,629,VULNERABLE,37.72591414944357,34.81717011128776,59.77742448330684,VULNERABLE (Mixed)
3255,Ukrainian Academic and Research Network,UA,599,VULNERABLE,49.04808013355593,45.742904841402336,47.57929883138564,Unknown
263629,MASTER TECNOLOGIA,BR,583,VULNERABLE,42.71852487135506,39.79416809605489,54.71698113207547,Unknown
201053,Stowarzyszenie e-Poludnie,PL,576,VULNERABLE,48.46718750000001,42.36111111111111,46.18055555555556,VULNERABLE (Mixed)
29535,Orange Polska Spolka Akcyjna,PL,575,SECURE,48.8768695652174,42.95652173913043,46.08695652173913,SECURE (Transitioning)
49666,Telecommunication Infrastructure Company,IR,564,VULNERABLE,85.47127659574467,81.73758865248227,12.056737588652481,Unknown
23106,American Tower Brasil,BR,561,SECURE,43.28930481283424,40.819964349376114,54.367201426024955,SECURE (Transitioning)
263009,FORTE TELECOM LTDA.,BR,550,SECURE,39.64690909090909,37.09090909090909,58.36363636363636,SECURE (Transitioning)
262494,Virtex Telecom,BR,532,VULNERABLE,37.21917293233083,34.3984962406015,59.962406015037594,Unknown
28258,VERO S.A,BR,527,VULNERABLE,44.42409867172675,41.36622390891841,53.13092979127134,Unknown
264879,Nova Internet e Tecnologia Ltda Me,BR,518,VULNERABLE,42.70540540540539,39.575289575289574,54.633204633204635,VULNERABLE (Mixed)
263400,NEONET SERVIÇO COMUNICAÇÃO MULTIMIDIA LTDA,BR,518,VULNERABLE,42.70540540540541,39.575289575289574,54.633204633204635,Unknown
29208,"Quantcom, a.s.",CZ,511,SECURE,56.17534246575342,50.489236790606654,40.11741682974559,SECURE (Transitioning)
263097,BRAVA INTERNET,BR,505,VULNERABLE,42.277227722772274,39.20792079207921,55.049504950495056,Unknown
53158,Net Turbo Telecom,BR,484,SECURE,38.0142561983471,34.917355371900825,59.71074380165289,SECURE (Transitioning)
264997,Direct Telecom Ltda,BR,479,VULNERABLE,34.35991649269312,31.524008350730686,62.839248434237994,Unknown
61817,Halley Telecom Comercio & Serviço Ltda Me,BR,475,SECURE,36.24947368421053,33.26315789473684,60.8421052631579,SECURE (Transitioning)
29119,AIRE NETWORKS DEL MEDITERRANEO SL UNIPERSONAL,ES,472,VULNERABLE,73.00889830508474,63.13559322033898,19.915254237288135,Unknown
263641,TCF Telecomunicações Campo Florido Ltda,BR,467,VULNERABLE,40.43533190578159,37.47323340471092,57.38758029978587,Unknown
268624,Gamers Club Ltda,BR,467,SECURE,40.37987152034262,37.25910064239829,57.38758029978587,SECURE (Transitioning)
271011,SpedyNet Telecom,BR,463,VULNERABLE,36.10086393088553,33.04535637149028,61.12311015118791,VULNERABLE (Mixed)
53169,Tche Turbo Provedor de Internet LTDA,BR,462,VULNERABLE,37.18073593073593,33.98268398268398,59.95670995670995,Unknown
266445,SEA TELECOM LTDA,BR,458,SECURE,36.27663755458514,33.18777292576419,60.91703056768559,SECURE (Transitioning)
24724,Atman Sp. z o.o.,PL,454,SECURE,42.605066079295156,37.44493392070485,52.6431718061674,SECURE (Transitioning)
262399,GLP Telecomunicações Ltda.,BR,453,VULNERABLE,37.25717439293598,33.99558498896248,59.82339955849889,VULNERABLE (Mixed)
53238,ENTRENANET TELECOM,BR,452,VULNERABLE,37.3396017699115,34.070796460176986,59.73451327433629,Unknown
262907,Brasil TecPar,BR,451,VULNERABLE,40.90931263858094,38.35920177383592,57.20620842572062,Unknown
12880,Iran Information Technology Company PJSC,IR,445,VULNERABLE,85.35662921348315,81.79775280898876,12.359550561797752,Unknown
264209,LINKFORT TELECOM LTDA ME,BR,444,VULNERABLE,37.910360360360364,34.68468468468468,59.68468468468468,Unknown
274673,SOU ENERGIA E TELECOMUNICAÇÕES,BR,441,VULNERABLE,37.363945578231295,34.01360544217687,59.63718820861678,VULNERABLE (Mixed)
264329,ESTRATEGIA REDES DE TELECOMUNICACOES LTDA.,BR,439,VULNERABLE,37.30637813211845,33.94077448747153,59.68109339407744,Unknown
40850,UPIX NETWORKS INTERNATIONAL LLC,US,438,VULNERABLE,37.74474885844749,34.47488584474886,59.817351598173516,Unknown
12302,Vodafone Romania S.A.,RO,436,VULNERABLE,69.52545871559636,62.61467889908256,25.91743119266055,Unknown
5578,"SWAN, a.s.",SK,435,VULNERABLE,47.97701149425287,42.298850574712645,47.12643678160919,Unknown
39791,"Telco Pro Services, a. s.",CZ,429,SECURE,55.46153846153845,49.883449883449885,41.02564102564102,SECURE (Transitioning)
42306,Edera Group a.s.,CZ,429,VULNERABLE,55.432400932400924,49.883449883449885,41.02564102564102,Unknown
8251,"FreeTel, s.r.o.",CZ,429,VULNERABLE,53.64918414918415,48.01864801864802,42.65734265734265,Unknown
10796,Charter Communications Inc,US,427,SECURE,27.890163934426223,22.01405152224824,65.33957845433255,WASTED PROTECTION (Glass House Cone)
50607,Stowarzyszenie e-Poludnie,PL,423,SECURE,46.95791962174942,40.42553191489361,47.28132387706856,SECURE (Transitioning)
60606,PRO-ZETA a.s.,CZ,418,VULNERABLE,54.319377990430624,48.803827751196174,42.10526315789473,Unknown
265269,MEGA TELE INFORMATICA,BR,416,SECURE,35.31658653846154,32.21153846153847,61.53846153846154,SECURE (Transitioning)
49025,PRO-ZETA a.s.,CZ,414,VULNERABLE,54.11956521739131,48.55072463768116,42.270531400966185,Unknown
8151,UNINET,MX,414,SECURE,45.923671497584536,39.85507246376812,48.792270531400966,SECURE (Transitioning)
15685,CASABLANCA INT a.s.,CZ,410,VULNERABLE,53.92,48.292682926829265,42.4390243902439,Unknown
51400,SPOJE.NET s.r.o.,CZ,410,VULNERABLE,53.91585365853659,48.292682926829265,42.4390243902439,VULNERABLE (Mixed)
51800,FIBER Network s.r.o.,CZ,410,VULNERABLE,53.91585365853659,48.292682926829265,42.4390243902439,VULNERABLE (Mixed)
42000,Futruy s.r.o.,CZ,410,VULNERABLE,54.03780487804879,48.536585365853654,42.4390243902439,Unknown
35236,UVT Internet s.r.o.,CZ,410,VULNERABLE,53.915853658536584,48.292682926829265,42.4390243902439,Unknown
47232,ISP Alliance a.s.,CZ,410,SECURE,54.02560975609756,48.536585365853654,42.4390243902439,SECURE (Transitioning)
8866,Vivacom Bulgaria EAD,BG,402,SECURE,80.42313432835822,75.12437810945273,15.17412935323383,HERD IMMUNITY (Ideal)
33651,"Comcast Cable Communications, LLC",US,392,SECURE,39.127551020408156,32.39795918367347,53.57142857142857,SECURE (Transitioning)
196844,"Institute of Bioorganic Chemistry Polish Academy of Science, Poznan Supercomputing and Networking Center",PL,373,VULNERABLE,49.894638069705096,46.11260053619303,46.64879356568365,Unknown
60503,FNX Tecnologia LTDA,BR,369,VULNERABLE,43.641734417344175,39.295392953929536,53.387533875338754,Unknown
262642,NETCELL TELECOM,BR,365,VULNERABLE,43.90821917808219,40.54794520547945,53.15068493150685,Unknown
262457,HELLO BRAZIL TELECOM,BR,365,VULNERABLE,39.57917808219178,36.71232876712329,58.082191780821915,VULNERABLE (Mixed)
266409,SECW TELECOM,BR,364,VULNERABLE,39.41318681318681,36.53846153846153,58.24175824175825,Unknown
394684,GOLD DATA USA INC,US,361,VULNERABLE,53.069529085872574,44.87534626038781,39.335180055401665,Unknown
262713,LIDERI TELECOM,BR,358,SECURE,43.92877094972067,40.502793296089386,53.072625698324025,SECURE (Transitioning)
262761,Sinal Br Telecom Ltda,BR,358,SECURE,37.6695530726257,35.754189944134076,60.893854748603346,SECURE (Transitioning)
263276,BBG TELECOM LTDA,BR,357,VULNERABLE,43.77170868347339,40.33613445378151,53.221288515406165,Unknown
4713,NTT Communications Corporation (OCN),JP,350,SECURE,36.85628571428571,31.71428571428571,58.857142857142854,SECURE (Transitioning)
5603,"Telekom Slovenije, d.d.",SI,349,VULNERABLE,66.10802292263612,63.03724928366762,30.945558739255013,Unknown
263903,INFORBARRA TELECOM,BR,349,SECURE,39.363323782234964,36.10315186246418,58.16618911174785,SECURE (Transitioning)
62081,Stowarzyszenie e-Poludnie,PL,341,SECURE,49.55894428152492,43.401759530791786,44.28152492668622,SECURE (Transitioning)
15694,Atman Sp. z o.o.,PL,341,SECURE,38.012903225806454,34.31085043988269,58.35777126099707,SECURE (Transitioning)
52900,BRASIL TECPAR | AMIGO | AVATO,BR,340,VULNERABLE,40.64705882352942,37.64705882352941,57.05882352941176,VULNERABLE (Mixed)
52925,Ascenty Data Centers e Telecomunicações S/A,BR,339,VULNERABLE,34.66017699115044,31.563421828908556,62.83185840707964,Unknown
265407,TMK NET TELECOMUNICAÇÕES LTDA ME,BR,336,SECURE,43.10029761904762,40.17857142857143,53.57142857142857,SECURE (Transitioning)
265023,TMK NET LTDA,BR,336,VULNERABLE,43.10029761904762,40.17857142857143,53.57142857142857,Unknown
263124,ZAP TELECOMUNICAÇÕES LTDA - EPP,BR,336,SECURE,43.10029761904762,40.17857142857143,53.57142857142857,SECURE (Transitioning)
6876,TENET Scientific Production Enterprise LLC,UA,334,VULNERABLE,51.85179640718563,49.101796407185624,44.91017964071856,Unknown
15895,"""Kyivstar"" PJSC",UA,329,SECURE,51.72796352583587,48.93617021276596,44.984802431610944,SECURE (Transitioning)
6849,"JSC ""Ukrtelecom""",UA,329,SECURE,52.00881458966566,49.24012158054711,44.680851063829785,SECURE (Transitioning)
44306,OMONIA d.o.o.,HR,325,VULNERABLE,63.12738461538462,56.00000000000001,30.76923076923077,Unknown
28126,BRISANET SERVICOS DE TELECOMUNICACOES S.A,BR,324,SECURE,34.62129629629629,32.71604938271605,63.580246913580254,SECURE (Transitioning)
8881,1&1 Versatel GmbH,DE,323,SECURE,52.6374613003096,47.05882352941176,42.414860681114554,SECURE (Transitioning)
53184,VERO S.A,BR,323,SECURE,41.99814241486068,39.0092879256966,55.417956656346746,SECURE (Transitioning)
262794,VERO S.A,BR,323,VULNERABLE,41.99814241486068,39.0092879256966,55.417956656346746,VULNERABLE (Mixed)
263541,IMF NETWORK DATA LTDA - ME,BR,317,SECURE,43.764668769716096,40.694006309148264,52.99684542586751,SECURE (Transitioning)
262352,NOVA TELECOM LTDA,BR,317,SECURE,43.80126182965301,41.00946372239748,52.99684542586751,SECURE (Transitioning)
269194,ST1 INTERNET,BR,317,SECURE,33.71135646687698,30.914826498422716,63.40694006309149,SECURE (Transitioning)
5400,British Telecommunications (International) ,GB,314,VULNERABLE,41.135350318471346,35.35031847133758,51.910828025477706,Unknown
266348,REDE UNICON,BR,313,VULNERABLE,41.27699680511182,37.69968051118211,55.27156549520767,VULNERABLE (Mixed)
52872,VOANET Telecomunicações Ltda.,BR,312,SECURE,46.48397435897436,43.58974358974359,50.96153846153846,SECURE (Transitioning)
262999,IVI TECNOLOGIA E COMUNICAÇÃO LTDA,BR,312,SECURE,46.48397435897436,43.58974358974359,50.96153846153846,SECURE (Transitioning)
266167,CELERIX TECNOLOGIA DE TELECOMUNICACOES LTDA,BR,311,SECURE,41.36784565916399,38.263665594855304,55.948553054662376,SECURE (Transitioning)
270677,TEK TELECOM LTDA,BR,311,VULNERABLE,41.68938906752412,38.58520900321543,55.62700964630225,Unknown
28263,America-NET / Vero,BR,311,SECURE,41.36784565916399,38.263665594855304,55.948553054662376,SECURE (Transitioning)
61592,FORTLINK INTERNET CORPORATIVA,BR,311,VULNERABLE,41.077813504823155,37.62057877813505,55.62700964630225,Unknown
28669,VERO S.A,BR,311,SECURE,41.36784565916399,38.263665594855304,55.948553054662376,SECURE (Transitioning)
28513,UNINET,MX,307,VULNERABLE,55.235504885993485,48.20846905537459,38.762214983713356,VULNERABLE (Mixed)
46090,"LATAM Telecommunications, L.L.C.",US,306,VULNERABLE,55.361437908496725,48.36601307189542,38.88888888888889,VULNERABLE (Mixed)
12252,America Movil Peru S.A.C.,PE,305,VULNERABLE,55.54262295081966,48.52459016393443,38.68852459016394,Unknown
262355,VSX Networks,BR,303,SECURE,34.17656765676567,30.693069306930692,63.366336633663366,SECURE (Transitioning)
20723,"AVONET, s.r.o.",CZ,303,VULNERABLE,46.491749174917494,41.914191419141915,50.165016501650165,Unknown
52935,Infobarra Solucoes em Informatica Ltda,BR,302,VULNERABLE,40.527814569536424,37.41721854304636,56.95364238410596,VULNERABLE (Mixed)
262426,BRAVA INTERNET,BR,302,VULNERABLE,40.527814569536424,37.41721854304636,56.95364238410596,VULNERABLE (Mixed)
52564,Biazi Telecom,BR,302,VULNERABLE,40.19668874172185,37.086092715231786,57.284768211920536,Unknown
1853,ACONET,AT,301,SECURE,46.726910299003315,42.19269102990033,50.16611295681063,SECURE (Transitioning)
2607,Zdruzenie pouzivatelov Slovenskej akademickej datovej siete SANET,SK,301,VULNERABLE,46.74019933554817,42.19269102990033,50.16611295681063,Unknown
2852,CESNET z.s.p.o.,CZ,301,SECURE,46.46843853820598,41.86046511627907,50.16611295681063,SECURE (Transitioning)
22411,WIGO S.A.,PE,299,SECURE,55.5628762541806,49.163879598662206,38.79598662207358,SECURE (Transitioning)
32270,"LD Telecommunications, Inc.",US,298,SECURE,54.140268456375836,45.302013422818796,37.58389261744966,SECURE (Transitioning)
269096,NORTH TECNOLOGIA,BR,297,VULNERABLE,34.11380471380472,31.313131313131315,63.63636363636363,Unknown
15305,"Syringa Networks, LLC",US,297,SECURE,42.633333333333326,37.37373737373738,51.85185185185185,SECURE (Transitioning)
8641,"LLC ""Nauka-Svyaz""",RU,294,VULNERABLE,46.3969387755102,41.156462585034014,48.29931972789115,Unknown
262526,AVATO TECNOLOGIA S.A,BR,293,VULNERABLE,40.52116040955631,37.54266211604095,56.996587030716725,VULNERABLE (Mixed)
264954,Virtual Connect,BR,293,VULNERABLE,40.86245733788395,37.883959044368595,56.655290102389074,VULNERABLE (Mixed)
266583,Telxe,BR,293,SECURE,36.93276450511946,31.74061433447099,58.703071672354945,SECURE (Transitioning)
852,TELUS Communications Inc.,CA,293,SECURE,25.181569965870302,20.477815699658702,69.28327645051195,WASTED PROTECTION (Glass House Cone)
271503,PROVEDOR SUPERCELL NET,BR,292,VULNERABLE,43.63732876712329,40.75342465753425,53.082191780821915,VULNERABLE (Mixed)
262989,CLICKNET BRASIL INFORMATICA E TELECOMUNICACOES LT,BR,291,VULNERABLE,43.443642611683856,40.549828178694156,53.264604810996566,Unknown
33491,"Comcast Cable Communications, LLC",US,291,SECURE,30.59347079037801,24.742268041237114,61.512027491408936,SECURE (Transitioning)
42337,Respina Networks & Beyond PJSC,IR,289,VULNERABLE,87.65432525951557,83.73702422145328,10.034602076124568,Unknown
52245,"UFINET PANAMA S.A.",PA,286,VULNERABLE,55.42587412587412,49.3006993006993,39.51048951048951,VULNERABLE (Mixed)
33652,"Comcast Cable Communications, LLC",US,284,SECURE,45.48169014084507,40.140845070422536,49.29577464788733,SECURE (Transitioning)
18747,IFX Corporation,US,284,VULNERABLE,55.16161971830986,49.29577464788733,39.7887323943662,Unknown
41689,Asiatech Data Transmission company,IR,279,VULNERABLE,87.26738351254482,82.79569892473118,10.39426523297491,UNPROTECTED CAPITAL (Tragedy)
43754,Asiatech Data Transmission company,IR,278,VULNERABLE,87.22410071942448,82.73381294964028,10.431654676258994,Unknown
61599,EAI TELECOMUNICACOES LTDA,BR,277,VULNERABLE,48.792418772563174,45.84837545126354,48.73646209386281,Unknown
265038,TELFO SERVICO DE TELECOMUNICACOES LTDA,BR,277,SECURE,39.54512635379062,36.462093862815884,57.761732851985556,SECURE (Transitioning)
273669,LINKE SOLUCOES LTDA,BR,275,VULNERABLE,33.51018181818182,30.181818181818183,62.909090909090914,Unknown
268253,Nossanet Fibra Eireli,BR,272,VULNERABLE,40.26433823529412,37.13235294117647,57.35294117647059,VULNERABLE (Mixed)
11992,Liberty Mobile Puerto Rico Inc.,PR,272,SECURE,49.87095588235293,41.17647058823529,41.544117647058826,SECURE (Transitioning)
28252,Worldnet Telecom Comunicações LTDA,BR,266,VULNERABLE,44.15526315789475,40.97744360902256,52.255639097744364,Unknown
28359,ZAAZ PROVEDOR DE INTERNET E TELECOMUNICACOES LTDA,BR,266,VULNERABLE,41.91052631578947,38.721804511278194,55.639097744360896,Unknown
270814,ZAAZ TELECOM,BR,266,VULNERABLE,41.910526315789475,38.721804511278194,55.639097744360896,Unknown
61461,Airtek Solutions C.A.,VE,265,VULNERABLE,53.749811320754716,44.905660377358494,37.35849056603773,Unknown
13536,"FirstLight Fiber, Inc.",US,262,VULNERABLE,28.155343511450383,23.282442748091604,66.79389312977099,Unknown
263625,NEW WORLD PONTO COM INFORMATICA LTDA - ME,BR,257,SECURE,39.40428015564202,35.797665369649806,57.97665369649806,SECURE (Transitioning)
13293,"Institute of Bioorganic Chemistry Polish Academy of Science, Poznan Supercomputing and Networking Center",PL,257,SECURE,53.83618677042801,49.80544747081712,42.023346303501945,SECURE (Transitioning)
271899,"GIGAPOP, C.A.",VE,256,VULNERABLE,52.775,43.75,38.28125,VULNERABLE (Mixed)
21826,Corporación Telemic C.A. (Inter),VE,254,VULNERABLE,52.7992125984252,43.7007874015748,38.188976377952756,Unknown
6306,"TELEFONICA VENEZOLANA, C.A. (Movistar)",VE,254,SECURE,52.854330708661415,44.09448818897638,38.188976377952756,SECURE (Transitioning)
264628,Conex Telecom / Fibex Telecom,VE,254,SECURE,52.79685039370079,43.7007874015748,38.188976377952756,SECURE (Transitioning)
19978,CIRION TECHNOLOGIES ARGENTINA S.A.,AR,254,SECURE,53.19055118110236,44.09448818897638,37.79527559055118,SECURE (Transitioning)
269832,MDS TELECOM C.A.,VE,254,SECURE,52.79685039370079,43.7007874015748,38.188976377952756,SECURE (Transitioning)
263703,VIGINET C.A (vnet),VE,254,SECURE,52.79685039370079,43.7007874015748,38.188976377952756,SECURE (Transitioning)
269730,TECNOVEN SERVICES CA,VE,254,VULNERABLE,52.79685039370079,43.7007874015748,38.188976377952756,Unknown
270042,"RED DOT TECHNOLOGIES, C.A.",VE,254,SECURE,52.79685039370079,43.7007874015748,38.188976377952756,SECURE (Transitioning)
269829,MARACAIBO NET C.A,VE,254,VULNERABLE,52.79685039370079,43.7007874015748,38.188976377952756,VULNERABLE (Mixed)
273890,"SERVICIOS NAP VEN, C.A.",VE,254,SECURE,52.79685039370079,43.7007874015748,38.188976377952756,SECURE (Transitioning)
23379,"Blackburn Technologies II, LLC",PR,254,VULNERABLE,53.19055118110235,44.09448818897638,37.79527559055118,Unknown
264170,Winet Brasil,BR,250,VULNERABLE,41.407599999999995,38.0,56.00000000000001,Unknown
28220,Alares Internet,BR,250,VULNERABLE,43.98720000000001,39.6,52.0,Unknown
2152,CENIC - CalREN,US,250,SECURE,23.233199999999997,16.8,73.2,WASTED PROTECTION (Glass House Cone)
270417,UP Down Telecom Ltda,BR,249,SECURE,41.97550200803213,38.55421686746988,55.42168674698795,SECURE (Transitioning)
3209,Vodafone GmbH,DE,249,SECURE,50.839759036144585,44.97991967871486,43.373493975903614,SECURE (Transitioning)
270360,MAXNET PROVEDOR DE INTERNET LTDA,BR,247,VULNERABLE,45.32550607287451,42.91497975708502,51.821862348178136,VULNERABLE (Mixed)
266516,Naveganet Comercio e Serviços Eirele,BR,247,VULNERABLE,45.32550607287451,42.91497975708502,51.821862348178136,Unknown
265377,FLASH NET TELECOMUNICACOES LTDA - ME,BR,247,VULNERABLE,44.92064777327936,42.51012145748988,52.226720647773284,Unknown
266129,LOCALLINK TELECOMUNICAÇÕES LTDA - ME,BR,247,VULNERABLE,44.92064777327936,42.51012145748988,52.226720647773284,Unknown
52551,Samm (Megatelecom),BR,242,VULNERABLE,35.813223140495865,33.88429752066116,62.396694214876035,VULNERABLE (Mixed)
265436,SkyNet Telecomunicações,BR,242,SECURE,40.297107438016525,36.77685950413223,57.02479338842975,SECURE (Transitioning)
721,United States Department of Defense (DoD),US,240,VULNERABLE,14.166666666666666,14.166666666666666,85.83333333333333,THE SWAMP (Wild West)
27064,Defense Information Systems Agency (DISA),US,239,VULNERABLE,14.225941422594142,14.225941422594143,85.77405857740585,Unknown
263877,rede banda larga,BR,239,VULNERABLE,40.38451882845188,36.82008368200837,56.903765690376574,Unknown
263935,I5 TELECOM,BR,237,VULNERABLE,36.4029535864979,32.91139240506329,59.91561181434599,Unknown
20055,Ziply Fiber,US,237,VULNERABLE,42.7620253164557,34.177215189873415,49.789029535864984,Unknown
28668,Desktop Sigmanet Comunicação Multimídia SA,BR,236,SECURE,35.876271186440675,33.89830508474576,62.28813559322034,SECURE (Transitioning)
28649,Desktop Sigmanet Comunicação Multimídia SA,BR,236,SECURE,35.876271186440675,33.89830508474576,62.28813559322034,SECURE (Transitioning)
43061,Stelkom d.o.o.,SI,232,SECURE,62.803448275862074,60.3448275862069,34.91379310344828,SECURE (Transitioning)
272193,SPnetFibra Provedor Networking Ltda,BR,232,VULNERABLE,42.03405172413793,38.362068965517246,55.172413793103445,Unknown
266962,GILSON NET,BR,230,VULNERABLE,40.22565217391304,36.52173913043478,56.95652173913044,VULNERABLE (Mixed)
31287,IPACCT CABLE Ltd,BG,230,VULNERABLE,70.85217391304349,63.91304347826087,23.91304347826087,Unknown
266143,UP LINK INTERNET BANDA LARGA,BR,227,VULNERABLE,38.62070484581498,34.801762114537446,58.14977973568281,Unknown
262550,LUCAS NETWORK INFORMATICA LTDA ME,BR,227,VULNERABLE,40.316740088105725,36.56387665198238,56.82819383259912,VULNERABLE (Mixed)
270776,Hiperlink Telecom LTDA,BR,226,VULNERABLE,19.167256637168137,18.141592920353983,79.64601769911505,Unknown
266337,CLIC FÁCIL PROVEDOR,BR,226,VULNERABLE,40.49513274336283,36.72566371681416,56.63716814159292,Unknown
267318,SEEG FIBRAS,BR,226,VULNERABLE,40.495132743362824,36.72566371681416,56.63716814159292,VULNERABLE (Mixed)
28610,DEBIAN SIGNAL COMUNICAÇÃO MULTIMIDIA LTDA ME,BR,225,VULNERABLE,40.73422222222223,36.888888888888886,56.00000000000001,Unknown
269444,SPNET PROVEDORES LTDA,BR,224,VULNERABLE,40.856696428571425,37.05357142857143,56.25,VULNERABLE (Mixed)
263650,Clicfacil Telecom,BR,221,VULNERABLE,40.05384615384615,36.199095022624434,57.01357466063348,Unknown
21497,Vodafone Ukraine,UA,219,VULNERABLE,48.69132420091325,45.20547945205479,47.94520547945205,Unknown
13101,TNG Stadtnetz GmbH,DE,217,SECURE,57.0557603686636,51.1520737327189,40.09216589861751,SECURE (Transitioning)
52747,Wsp Serviços de Telecomunicações Ltda,BR,213,VULNERABLE,38.94460093896714,34.74178403755869,56.8075117370892,Unknown
268865,ASLX PROVEDOR DE INTERNET EIRELI,BR,213,VULNERABLE,39.32816901408451,35.68075117370892,57.74647887323944,VULNERABLE (Mixed)
264984,CLICKIP PROVEDORES DE ACESSO LTDA,BR,213,SECURE,38.94460093896714,34.74178403755869,56.8075117370892,SECURE (Transitioning)
265244,Mafra Telecom,BR,213,VULNERABLE,39.32816901408451,35.68075117370892,57.74647887323944,VULNERABLE (Mixed)
265063,NEX INTERNET,BR,213,VULNERABLE,39.32816901408451,35.68075117370892,57.74647887323944,VULNERABLE (Mixed)
273478,Sage Networks,BR,212,VULNERABLE,39.120754716981125,35.84905660377358,58.01886792452831,Unknown
6267,"GTT Americas, LLC",US,211,SECURE,50.81327014218009,45.497630331753555,44.07582938388626,SECURE (Transitioning)
29314,VECTRA S.A.,PL,211,VULNERABLE,43.236018957345976,39.33649289099526,52.60663507109005,Unknown
203,"Level 3 Parent, LLC",US,210,SECURE,50.99571428571428,45.714285714285715,44.285714285714285,SECURE (Transitioning)
26577,BAE Systems Inc.,US,210,VULNERABLE,50.99571428571428,45.714285714285715,44.285714285714285,VULNERABLE (Mixed)
8757,"NSFOCUS, Inc.",US,210,VULNERABLE,72.18571428571428,64.76190476190476,21.904761904761905,Unknown
11172,"Alestra, S. de R.L. de C.V.",MX,210,SECURE,38.05619047619048,30.952380952380953,54.761904761904766,SECURE (Transitioning)
22056,Sitel,US,210,VULNERABLE,50.99571428571428,45.714285714285715,44.285714285714285,VULNERABLE (Mixed)
10753,"Level 3 Parent, LLC",US,209,SECURE,51.15837320574162,45.933014354066984,44.49760765550239,SECURE (Transitioning)
20080,Florida International University,US,209,VULNERABLE,57.084688995215295,50.23923444976076,37.32057416267943,Unknown
19969,CyberCloud Professionals LLC,US,206,VULNERABLE,32.000970873786414,26.699029126213592,62.13592233009708,Unknown
30781,Free Pro SAS,FR,206,SECURE,67.84805825242717,63.59223300970874,28.155339805825243,SECURE (Transitioning)
263432,CORPORATIVA TELECOMUNICACOES EIRELI ME,BR,206,SECURE,38.91893203883495,36.89320388349515,58.7378640776699,SECURE (Transitioning)
7015,"Comcast Cable Communications, LLC",US,205,SECURE,40.4,34.63414634146341,53.65853658536586,SECURE (Transitioning)
201776,Miranda-Media Ltd,RU,204,VULNERABLE,43.99901960784313,37.254901960784316,48.529411764705884,Unknown
13428,"Surf Air Wireless, LLC",US,201,SECURE,25.377114427860697,20.398009950248756,69.15422885572139,WASTED PROTECTION (Glass House Cone)
3215,Orange S.A.,FR,200,SECURE,63.97800000000001,57.49999999999999,31.5,SECURE (Transitioning)
395129,United Electric Cooperative,US,197,VULNERABLE,31.09644670050762,26.39593908629442,63.95939086294417,VULNERABLE (Mixed)
393442,United Electric Cooperative,US,197,VULNERABLE,31.159898477157366,26.39593908629442,63.45177664974619,Unknown
63457,Liberty Connect,US,196,VULNERABLE,30.744897959183675,26.02040816326531,64.28571428571429,Unknown
269311,DNET BRASIL LTDA,BR,195,VULNERABLE,39.12871794871795,35.8974358974359,57.43589743589743,Unknown
262191,LIBERTY NETWORKS DE COLOMBIA S.A.S,CO,195,VULNERABLE,55.80615384615383,50.76923076923077,40.51282051282051,Unknown
13649,Flexential Colorado Corp.,US,195,SECURE,17.378974358974357,12.307692307692308,77.94871794871796,WASTED PROTECTION (Glass House Cone)
19037,AMX Argentina S.A.,AR,194,SECURE,58.753092783505146,51.546391752577314,34.5360824742268,SECURE (Transitioning)
2519,ARTERIA Networks Corporation,JP,193,VULNERABLE,47.8901554404145,43.005181347150256,49.740932642487046,Unknown
62943,"Missouri Network Alliance, LLC",US,193,VULNERABLE,30.9839378238342,26.42487046632124,64.24870466321244,Unknown
11664,Techtel LMDS Comunicaciones Interactivas S.A.,AR,193,SECURE,59.05751295336787,51.813471502590666,34.196891191709845,SECURE (Transitioning)
268311,Dconnect Telecom,BR,192,VULNERABLE,36.09427083333333,32.8125,60.416666666666664,Unknown
61704,Conectiva Telecom LTDA,BR,192,VULNERABLE,36.61510416666667,33.33333333333333,59.895833333333336,Unknown
3758,SingNet,SG,192,SECURE,33.473958333333336,25.520833333333332,59.895833333333336,SECURE (Transitioning)
30517,"Great Lakes Comnet, Inc.",US,191,SECURE,22.029319371727755,16.230366492146597,72.25130890052355,WASTED PROTECTION (Glass House Cone)
4764,Aussie Broadband,AU,190,SECURE,68.6478947368421,60.526315789473685,26.31578947368421,SECURE (Transitioning)
28186,ITS TELECOMUNICACOES LTDA,BR,189,SECURE,43.486243386243395,38.62433862433862,52.910052910052904,SECURE (Transitioning)
137366,PT iForte Solusi Infotek,ID,189,SECURE,65.11587301587302,59.78835978835979,30.158730158730158,SECURE (Transitioning)
28343,Unifique Telecomunicações SA,BR,186,SECURE,37.4741935483871,36.02150537634409,60.752688172043015,SECURE (Transitioning)
34977,PROCONO S.A.,ES,184,VULNERABLE,83.3413043478261,76.63043478260869,11.41304347826087,Unknown
52871,TASCOM TELECOMUNICAÇÕES LTDA,BR,184,SECURE,40.91413043478261,37.5,55.434782608695656,SECURE (Transitioning)
268866,JettCom Telecomunicações LTDA,BR,184,VULNERABLE,37.66358695652174,34.23913043478261,58.69565217391305,Unknown
11014,Metrotel,AR,183,SECURE,81.26666666666668,74.86338797814209,13.661202185792352,HERD IMMUNITY (Ideal)
61512,GIG@NET SOCIEDAD ANONIMA,PY,182,VULNERABLE,40.071978021978026,37.362637362637365,58.24175824175825,Unknown
3816,COLOMBIA TELECOMUNICACIONES S.A. ESP BIC,CO,181,SECURE,53.34309392265194,47.51381215469613,41.988950276243095,SECURE (Transitioning)
267470,CX Pro,BR,180,VULNERABLE,46.07555555555557,43.333333333333336,50.55555555555556,Unknown
262462,Aranet Play,BR,180,SECURE,32.977222222222224,29.444444444444446,63.33333333333333,SECURE (Transitioning)
27750,Cooperación Latino Americana de Redes Avanzadas,UY,180,VULNERABLE,58.26611111111112,52.77777777777778,37.22222222222222,Unknown
52361,ARSAT - Empresa Argentina de Soluciones Satelitales S.A.,AR,178,VULNERABLE,80.12696629213484,75.84269662921348,17.415730337078653,Unknown
12083,WideOpenWest Finance LLC,US,177,SECURE,39.58757062146893,35.02824858757062,57.06214689265536,SECURE (Transitioning)
266240,A2 TELECOM EIRELI - ME,BR,175,VULNERABLE,30.583428571428573,29.142857142857142,67.42857142857143,Unknown
3212,Telemach Slovenija d.o.o.,SI,175,VULNERABLE,56.753142857142855,54.285714285714285,40.57142857142857,Unknown
272659,Neton Comércio e Serviços de Informática Ltda ME,BR,174,VULNERABLE,38.67873563218391,35.05747126436782,57.47126436781609,VULNERABLE (Mixed)
2854,LLC Orange Business Services,RU,174,VULNERABLE,29.57183908045977,27.011494252873565,66.66666666666666,Unknown
12129,"123.Net, Inc.",US,174,SECURE,50.87183908045977,44.827586206896555,43.67816091954023,SECURE (Transitioning)
52973,YIPI Telecom LTDA.,BR,172,SECURE,40.29127906976744,36.627906976744185,55.81395348837209,SECURE (Transitioning)
2518,BIGLOBE Inc.,JP,172,SECURE,51.28430232558139,45.93023255813954,45.93023255813954,SECURE (Transitioning)
137645,Macro Signal Pvt Ltd,IN,172,VULNERABLE,93.06162790697675,87.79069767441861,3.488372093023256,UNPROTECTED CAPITAL (Tragedy)
270571,E G DE MORAIS SERVIÇOS DE INTERNET LTDA,BR,171,VULNERABLE,39.9421052631579,36.25730994152047,56.14035087719298,VULNERABLE (Mixed)
265086,GUARATIBA TELECOM SERVICOS DE COMUNICACOES LTDA ME,BR,171,VULNERABLE,40.52690058479532,36.84210526315789,55.55555555555556,Unknown
267975,BONAFE E OLIVEIRA LTDA,BR,171,VULNERABLE,39.9421052631579,36.25730994152047,56.14035087719298,VULNERABLE (Mixed)
133001,Airnet Cable And Datacom Pvt Ltd,IN,171,VULNERABLE,93.04093567251464,87.71929824561403,3.508771929824561,Unknown
66196,Unknown,XX,171,VULNERABLE,39.9421052631579,36.25730994152047,56.14035087719298,Unknown
266196,BRASCOM SOLUCOES E TECNOLOGIA LTDA ME,BR,170,VULNERABLE,40.177058823529414,36.470588235294116,55.88235294117647,VULNERABLE (Mixed)
8657,MEO International Backbone,PT,170,VULNERABLE,48.74529411764706,42.94117647058823,47.05882352941176,Unknown
40264,Charter Communications LLC,US,169,VULNERABLE,29.284615384615385,23.076923076923077,63.905325443786985,Unknown
15164,Unite Private Networks LLC.,US,168,VULNERABLE,19.519642857142856,17.857142857142858,79.16666666666666,Unknown
266181,GOLDEN LINK,BR,168,VULNERABLE,40.06011904761905,36.30952380952381,55.952380952380956,Unknown
61697,AIRCONECT_COMUNICACOES LTDA-ME,BR,168,VULNERABLE,39.46488095238095,35.714285714285715,56.547619047619044,VULNERABLE (Mixed)
272545,ULTRA NETWORK,BR,168,VULNERABLE,40.06011904761905,36.30952380952381,55.952380952380956,VULNERABLE (Mixed)
262503,WIKI TELECOMUNICACOES EIRELI,BR,168,VULNERABLE,37.73869047619048,33.92857142857143,57.738095238095234,Unknown
264160,PRYMUS PROVEDOR DE ACESSO À REDES TELECOM LTDA,BR,168,VULNERABLE,40.06011904761905,36.30952380952381,55.952380952380956,VULNERABLE (Mixed)
273339,Su@net Provedor Ltda,BR,168,VULNERABLE,39.46488095238095,35.714285714285715,56.547619047619044,VULNERABLE (Mixed)
18734,"Operbes, S.A. de C.V.",MX,167,SECURE,30.1059880239521,24.550898203592812,65.86826347305389,SECURE (Transitioning)
38777,PT NTT Indonesia,ID,167,VULNERABLE,79.70658682634729,74.25149700598801,17.365269461077844,UNPROTECTED CAPITAL (Tragedy)
147168,PT NTT Indonesia,ID,166,VULNERABLE,79.58433734939759,74.09638554216868,17.46987951807229,Unknown
53115,ISPX Solucoes em Telecomunicacoes SPE Ltda,BR,165,SECURE,39.190909090909095,36.36363636363637,58.18181818181818,SECURE (Transitioning)
61884,Ollá Telecom,BR,164,VULNERABLE,43.46158536585366,38.41463414634146,51.829268292682926,Unknown
41313,"""NOVATEL"" EOOD",BG,162,VULNERABLE,54.51975308641975,51.23456790123457,41.358024691358025,Unknown
269646,G4 Telecom Fibra,BR,162,VULNERABLE,31.185802469135805,29.629629629629626,66.66666666666666,Unknown
19332,"Marcatel Com, S.A. de C.V.",MX,159,SECURE,47.37798742138365,38.9937106918239,43.39622641509434,SECURE (Transitioning)
9125,Orion telekom d.o.o.,RS,159,VULNERABLE,52.81320754716982,45.911949685534594,40.88050314465409,Unknown
270331,Maceio Telecom Tecnologia Eirelli,BR,159,VULNERABLE,29.258490566037732,27.67295597484277,68.55345911949685,THE SWAMP (Wild West)
33667,"Comcast Cable Communications, LLC",US,158,SECURE,21.469620253164553,15.18987341772152,70.88607594936708,WASTED PROTECTION (Glass House Cone)
33363,"Charter Communications, Inc",US,158,VULNERABLE,30.203797468354434,22.78481012658228,64.55696202531645,Unknown
7828,Northland Communications,US,158,SECURE,15.962658227848104,13.291139240506327,81.0126582278481,WASTED PROTECTION (Glass House Cone)
11351,Charter Communications Inc,US,158,VULNERABLE,15.403797468354432,13.291139240506327,81.64556962025317,Unknown
267475,LIG TELECOM,BR,157,VULNERABLE,28.994267515923568,27.388535031847134,68.78980891719745,THE SWAMP (Wild West)
23005,"SWITCH, LTD",US,157,SECURE,19.738853503184714,15.286624203821656,76.43312101910828,WASTED PROTECTION (Glass House Cone)
33668,"Comcast Cable Communications, LLC",US,156,SECURE,29.782692307692315,25.64102564102564,64.1025641025641,WASTED PROTECTION (Glass House Cone)
327727,C-Squared Limited,UG,156,SECURE,39.43910256410256,37.82051282051282,58.97435897435898,SECURE (Transitioning)
49612,DDOS-GUARD LTD,RU,156,VULNERABLE,49.505769230769225,46.15384615384615,47.43589743589743,VULNERABLE (Mixed)
27817,Red Nacional Académica de Tecnología Avanzada - RENATA,CO,156,VULNERABLE,54.10769230769232,48.717948717948715,41.66666666666667,VULNERABLE (Mixed)
270570,JuniorNet Fibra,BR,156,VULNERABLE,29.180128205128206,27.564102564102566,68.58974358974359,THE SWAMP (Wild West)
262740,VELOO NET LTDA,BR,156,VULNERABLE,29.180128205128206,27.564102564102566,68.58974358974359,Unknown
10299,EMPRESAS MUNICIPALES DE CALI E.I.C.E. E.S.P.,CO,155,VULNERABLE,53.8116129032258,48.38709677419355,41.935483870967744,VULNERABLE (Mixed)
265696,Asociación Red Universitaria de Alta Velocidad del Valle del Cauca,CO,155,SECURE,53.94774193548387,49.03225806451613,41.935483870967744,SECURE (Transitioning)
19429,ETB - Colombia,CO,155,VULNERABLE,53.82064516129033,48.38709677419355,41.935483870967744,Unknown
33657,"Comcast Cable Communications, LLC",US,155,SECURE,22.888387096774192,18.70967741935484,70.96774193548387,WASTED PROTECTION (Glass House Cone)
27951,Media Commerce Partners S.A,CO,155,SECURE,53.83548387096774,48.38709677419355,41.935483870967744,SECURE (Transitioning)
27845,Empresa de Recursos Tecnologicos S.A E.S.P,CO,155,VULNERABLE,53.8116129032258,48.38709677419355,41.935483870967744,Unknown
2856,British Telecommunications,GB,155,SECURE,26.413548387096775,21.29032258064516,67.0967741935484,WASTED PROTECTION (Glass House Cone)
6667,Elisa Oyj,FI,154,SECURE,62.82987012987012,57.14285714285714,33.76623376623377,SECURE (Transitioning)
11427,Charter Communications Inc,US,153,SECURE,21.4,15.686274509803921,70.58823529411765,WASTED PROTECTION (Glass House Cone)
33287,"Comcast Cable Communications, LLC",US,151,SECURE,21.209933774834433,15.2317880794702,70.19867549668875,WASTED PROTECTION (Glass House Cone)
7016,"Comcast Cable Communications, LLC",US,149,SECURE,22.472483221476512,17.449664429530202,71.14093959731544,WASTED PROTECTION (Glass House Cone)
28202,Master Internet,BR,148,VULNERABLE,34.225,31.08108108108108,62.83783783783784,Unknown
10481,Telecom Argentina S.A.,AR,148,SECURE,85.74189189189191,77.7027027027027,8.783783783783784,HERD IMMUNITY (Ideal)
2907,Science Information Network,JP,147,VULNERABLE,28.54421768707483,26.53061224489796,70.06802721088435,Unknown
8346,SONATEL-AS Autonomous System,SN,147,SECURE,48.96666666666667,42.857142857142854,46.25850340136054,SECURE (Transitioning)
48084,Uzhnie Magistraljnie Linii Svyazi LLC,RU,147,VULNERABLE,39.58571428571429,32.6530612244898,53.06122448979592,Unknown
262427,Invista Net Provedor de Acesso Ltda,BR,146,VULNERABLE,31.92534246575342,30.82191780821918,67.12328767123287,Unknown
7575,Australian Academic and Research Network (AARNet),AU,144,SECURE,28.124305555555555,24.305555555555554,69.44444444444444,WASTED PROTECTION (Glass House Cone)
15958,CETIN Ltd. Belgrade,RS,143,VULNERABLE,52.70839160839161,45.45454545454545,40.55944055944056,Unknown
328748,Agile Solutions Provider (PTY) LTD,ZA,142,VULNERABLE,44.11690140845071,38.028169014084504,52.112676056338024,Unknown
33659,"Comcast Cable Communications, LLC",US,141,SECURE,40.48226950354609,34.04255319148936,51.06382978723404,SECURE (Transitioning)
263998,SIM FIBRA,BR,141,VULNERABLE,28.234751773049645,24.113475177304963,68.79432624113475,Unknown
42020,OGERO,LB,139,SECURE,97.66043165467626,95.68345323741008,0.7194244604316548,HERD IMMUNITY (Ideal)
53152,THS Provider Serviços de Comunicação Multimídia LT,BR,139,VULNERABLE,30.655395683453232,29.496402877697843,68.34532374100719,Unknown
2686,"AT&T Enterprises, LLC",US,138,VULNERABLE,18.59130434782608,13.043478260869565,75.36231884057972,Unknown
262743,Unknown,XX,138,VULNERABLE,30.152898550724633,28.985507246376812,68.84057971014492,VULNERABLE (Mixed)
2381,WiscNet,US,138,SECURE,24.922463768115943,19.565217391304348,69.56521739130434,WASTED PROTECTION (Glass House Cone)
13760,Uniti Fiber Holdings Inc.,US,136,SECURE,30.578676470588235,27.205882352941174,64.70588235294117,SECURE (Transitioning)
52800,OS CONNECT INFORMATICA EIRELI - EPP,BR,136,VULNERABLE,30.596323529411762,29.411764705882355,68.38235294117648,VULNERABLE (Mixed)
52840,Ava Telecomunicações LTDA,BR,136,VULNERABLE,30.596323529411762,29.411764705882355,68.38235294117648,Unknown
9885,NKN INTERNET GATEWAY NETWORK,IN,136,VULNERABLE,83.72426470588235,80.14705882352942,13.23529411764706,Unknown
52613,GIGA MAIS FIBRA TELECOMUNICACOES S.A. (VIP),BR,135,VULNERABLE,41.14296296296296,37.03703703703704,55.55555555555556,Unknown
267469,W8 Telecom Ltda - ME,BR,133,SECURE,48.94285714285715,47.368421052631575,48.87218045112782,SECURE (Transitioning)
43833,"OPEN CABLE TELECOMUNICACIONES, S.L.",ES,132,SECURE,65.38712121212122,57.57575757575758,26.515151515151516,SECURE (Transitioning)
213973,BCIX Management GmbH,DE,131,VULNERABLE,44.13893129770993,38.93129770992366,51.908396946564885,VULNERABLE (Mixed)
12430,VODAFONE ESPANA S.A.U.,ES,131,SECURE,54.736641221374036,48.854961832061065,38.93129770992366,SECURE (Transitioning)
28682,Posta Slovenije d.o.o.,SI,130,VULNERABLE,51.20538461538462,50.0,46.92307692307692,VULNERABLE (Mixed)
1267,WIND TRE S.P.A.,IT,130,VULNERABLE,50.74307692307692,43.07692307692308,44.61538461538462,Unknown
35628,"Institute of Bioorganic Chemistry Polish Academy of Science, Poznan Supercomputing and Networking Center",PL,129,VULNERABLE,50.3891472868217,45.73643410852713,45.73643410852713,Unknown
21949,Beanfield Technologies Inc.,CA,129,VULNERABLE,30.086821705426356,27.131782945736433,64.34108527131784,Unknown
20294,MTN Uganda,UG,127,VULNERABLE,26.43543307086614,22.83464566929134,70.86614173228347,Unknown
30456,Cosmic Global Networks,US,127,SECURE,39.32047244094489,35.43307086614173,58.26771653543307,SECURE (Transitioning)
21283,A1 Slovenija d.d.,SI,127,SECURE,50.05275590551181,48.818897637795274,48.031496062992126,SECURE (Transitioning)
262901,Vcnet Provedora de Internet Ltda.,BR,126,SECURE,39.98253968253968,38.095238095238095,57.14285714285714,SECURE (Transitioning)
6855,"Slovak Telekom, a.s.",SK,126,SECURE,46.469841269841275,42.06349206349206,47.61904761904761,SECURE (Transitioning)
260,"GTT Americas, LLC",US,126,VULNERABLE,60.72460317460316,51.587301587301596,31.746031746031743,Unknown
2116,GLOBALCONNECT AS,NO,124,SECURE,53.04758064516129,47.58064516129033,42.74193548387097,SECURE (Transitioning)
27065,United States Department of Defense (DoD),US,124,VULNERABLE,1.6129032258064515,1.6129032258064515,98.38709677419355,Unknown
58224,Iran Telecommunication Company PJS,IR,124,VULNERABLE,81.87258064516129,79.83870967741935,16.93548387096774,Unknown
14016,Capcon Networks,US,123,VULNERABLE,36.75365853658536,32.52032520325203,58.536585365853654,Unknown
58212,dataforest GmbH,DE,123,VULNERABLE,64.77967479674795,59.34959349593496,32.52032520325203,Unknown
263616,Dez Solucoes em Telecomunicacoes LTDA,BR,123,SECURE,53.255284552845524,49.59349593495935,43.90243902439025,SECURE (Transitioning)
22408,West Ky Networks,US,123,VULNERABLE,36.75365853658537,32.52032520325203,58.536585365853654,VULNERABLE (Mixed)
40749,CLARKSVILLE DEPARTMENT OF ELECTRICITY,US,123,VULNERABLE,36.75365853658536,32.52032520325203,58.536585365853654,Unknown
23404,Ritter Communications,US,123,VULNERABLE,36.75365853658537,32.52032520325203,58.536585365853654,Unknown
11758,IRIS Networks,US,123,SECURE,36.10325203252033,32.52032520325203,59.34959349593496,SECURE (Transitioning)
7529,NetIRD Inc.,JP,122,VULNERABLE,47.10737704918032,43.44262295081967,50.81967213114754,Unknown
44814,"""Bulgartel"" AD",BG,122,VULNERABLE,50.338524590163935,48.36065573770492,46.72131147540984,Unknown
17639,Converge ICT Solutions Inc.,PH,122,SECURE,86.8811475409836,77.8688524590164,6.557377049180328,HERD IMMUNITY (Ideal)
22652,Videotron Ltee,CA,122,SECURE,40.75983606557377,35.24590163934426,55.73770491803278,SECURE (Transitioning)
264144,ASAP GLOBAL TELECOM,BR,122,SECURE,38.268852459016394,35.24590163934426,59.01639344262295,SECURE (Transitioning)
263194,Advantun SRL,AR,121,SECURE,86.21983471074383,80.16528925619835,9.090909090909092,HERD IMMUNITY (Ideal)
30029,"Dobson Technologies - Transport and Telecom Solutions, LLC",US,120,SECURE,26.1625,20.0,68.33333333333333,WASTED PROTECTION (Glass House Cone)
14187,SENCINET LATAM COLOMBIA S.A.,CO,119,VULNERABLE,77.7016806722689,69.74789915966386,15.966386554621847,UNPROTECTED CAPITAL (Tragedy)
6503,"Axtel, S.A.B. de C.V.",MX,118,VULNERABLE,48.66101694915254,41.52542372881356,43.22033898305085,Unknown
15397,One Crna Gora DOO,ME,118,VULNERABLE,53.027118644067805,44.91525423728814,40.67796610169492,VULNERABLE (Mixed)
55352,Microscan Internet Limited,IN,118,VULNERABLE,88.61355932203391,82.20338983050848,6.779661016949152,Unknown
263269,RAGTEK TECNOLOGIA,BR,118,SECURE,34.276271186440674,31.35593220338983,63.559322033898304,SECURE (Transitioning)
199487,GABRIEL DUARTE trading as NUVMI HOST,BR,118,VULNERABLE,34.954237288135594,32.20338983050847,63.559322033898304,VULNERABLE (Mixed)
11367,"WorldNet Telecommunications, LLC",PR,117,SECURE,34.396581196581195,28.205128205128204,57.26495726495726,SECURE (Transitioning)
28716,Retelit Digital Services S.p.A.,IT,117,VULNERABLE,58.73760683760683,54.700854700854705,36.75213675213676,Unknown
10396,"DATACOM CARIBE, INC.",PR,117,SECURE,34.396581196581195,28.205128205128204,57.26495726495726,SECURE (Transitioning)
42910,PremierDC Veri Merkezi Anonim Sirketi,TR,117,VULNERABLE,91.33076923076923,88.03418803418803,6.837606837606838,Unknown
268696,Tuddo Telecom Ltda.,BR,117,SECURE,47.458119658119664,46.15384615384615,51.28205128205128,SECURE (Transitioning)
62627,"WorldNet Telecommunications, LLC",PR,117,VULNERABLE,34.396581196581195,28.205128205128204,57.26495726495726,VULNERABLE (Mixed)
30526,"Neptuno Media, Inc.",PR,117,VULNERABLE,34.396581196581195,28.205128205128204,57.26495726495726,VULNERABLE (Mixed)
6768,"""EUROTELE-PLUS"" LLC",UA,117,VULNERABLE,63.82136752136753,61.53846153846154,32.47863247863248,Unknown
263250,Barbosa & Costa Ltda,BR,116,VULNERABLE,41.78620689655173,38.793103448275865,55.172413793103445,Unknown
12357,VODAFONE ESPANA S.A.U.,ES,116,VULNERABLE,56.81465517241379,50.86206896551724,36.206896551724135,VULNERABLE (Mixed)
262424,InterSoft Internet Software EIRELI,BR,116,SECURE,41.84396551724139,38.793103448275865,55.172413793103445,SECURE (Transitioning)
19114,Otecel S.A.,EC,116,SECURE,80.27155172413794,75.86206896551724,16.379310344827587,HERD IMMUNITY (Ideal)
53904,CANARIE Inc,CA,115,VULNERABLE,71.20260869565217,63.47826086956522,24.347826086956523,UNPROTECTED CAPITAL (Tragedy)
36149,"Hawaiian Telcom Services Company, Inc.",US,115,SECURE,60.20521739130434,52.17391304347826,33.04347826086956,SECURE (Transitioning)
26677,ORION,CA,115,VULNERABLE,71.36695652173913,64.34782608695652,24.347826086956523,Unknown
15704,XTRA TELECOM S.A.,ES,115,SECURE,62.49130434782608,54.78260869565217,28.695652173913043,SECURE (Transitioning)
264528,KASATECH PROVEDOR DE INTERNET LTDA,BR,115,VULNERABLE,43.24173913043479,40.869565217391305,53.04347826086957,Unknown
12338,Euskaltel S.A.,ES,115,SECURE,62.50695652173913,54.78260869565217,28.695652173913043,SECURE (Transitioning)
19905,"Vercara, LLC",US,115,SECURE,61.24956521739129,53.91304347826087,33.04347826086956,SECURE (Transitioning)
18683,"Midwest Fiber Networks, LLC",US,115,SECURE,23.89304347826087,18.26086956521739,69.56521739130434,WASTED PROTECTION (Glass House Cone)
6509,CANARIE Inc,CA,115,VULNERABLE,71.20260869565217,63.47826086956522,24.347826086956523,Unknown
57367,Atman Sp. z o.o.,PL,114,VULNERABLE,41.492982456140346,39.473684210526315,57.01754385964912,VULNERABLE (Mixed)
10733,"SBA EDGE BRASIL INTERNET, LTDA",BR,114,SECURE,35.91140350877193,34.21052631578947,63.1578947368421,SECURE (Transitioning)
52995,TEN INTERNET Ltda,BR,114,VULNERABLE,43.62105263157895,41.228070175438596,52.63157894736842,Unknown
269595,VGRNET INFORMATICA LTDA,BR,114,VULNERABLE,42.74385964912281,40.35087719298245,53.50877192982456,Unknown
44143,A1 Srbija d.o.o.,RS,114,VULNERABLE,53.13333333333334,44.73684210526316,40.35087719298245,VULNERABLE (Mixed)
205714,Telemach Hrvatska d.o.o.,HR,113,VULNERABLE,43.163716814159294,40.707964601769916,53.98230088495575,VULNERABLE (Mixed)
13249,"PRIVATE JOINT STOCK COMPANY ""DATAGROUP""",UA,113,VULNERABLE,61.021238938053095,53.98230088495575,35.39823008849557,Unknown
263327,ONLINE TELECOMUNICACOES LTDA,BR,113,SECURE,35.24424778761062,28.31858407079646,59.29203539823009,SECURE (Transitioning)
8308,NAUKOWA I AKADEMICKA SIEC KOMPUTEROWA - PANSTWOWY INSTYTUT BADAWCZY,PL,113,VULNERABLE,41.269911504424776,39.823008849557525,57.52212389380531,Unknown
13367,"Comcast Cable Communications, LLC",US,113,SECURE,20.35221238938053,15.929203539823009,73.45132743362832,WASTED PROTECTION (Glass House Cone)
265393,FIRENET SERVIÇOS DE TELECOMUNICAÇÕES LTDA,BR,112,VULNERABLE,42.666071428571435,38.392857142857146,52.67857142857143,Unknown
31042,Serbia BroadBand-Srpske Kablovske mreze d.o.o.,RS,112,VULNERABLE,53.26696428571428,44.642857142857146,40.17857142857143,Unknown
52772,SJNET TELECOMUNICACOES - EIRELI,BR,112,SECURE,42.666071428571435,38.392857142857146,52.67857142857143,SECURE (Transitioning)
273663,NT FIBRA,BR,112,VULNERABLE,42.666071428571435,38.392857142857146,52.67857142857143,VULNERABLE (Mixed)
131429,MOBIFONE Corporation,VN,111,VULNERABLE,73.68198198198198,65.76576576576578,20.72072072072072,Unknown
263482,Megalink Servicos Ltda,BR,110,VULNERABLE,40.21818181818182,36.36363636363637,55.45454545454545,Unknown
263055,Pinhais Net Telecom Comercio e Serviços Ltda,BR,109,VULNERABLE,29.517431192660553,24.770642201834864,66.97247706422019,THE SWAMP (Wild West)
59257,Zong (CMPak Limited),PK,109,VULNERABLE,85.27522935779817,79.81651376146789,11.926605504587156,UNPROTECTED CAPITAL (Tragedy)
23930,VITRO INC.,PH,109,SECURE,84.63853211009173,73.39449541284404,9.174311926605505,HERD IMMUNITY (Ideal)
262970,Tudo Internet,BR,109,VULNERABLE,29.517431192660553,24.770642201834864,66.97247706422019,Unknown
34594,Telemach Hrvatska d.o.o.,HR,109,SECURE,41.9954128440367,39.44954128440367,55.04587155963303,SECURE (Transitioning)
8501,"Institute of Bioorganic Chemistry Polish Academy of Science, Poznan Supercomputing and Networking Center",PL,108,SECURE,49.5462962962963,44.44444444444444,46.2962962962963,SECURE (Transitioning)
138423,CMPak Limited,PK,108,VULNERABLE,85.16388888888889,79.62962962962963,12.037037037037036,Unknown
2614,Agentia de Administrare a Retelei Nationale de Informatica pentru Educatie si Cercetare,RO,108,VULNERABLE,60.27777777777778,52.77777777777778,32.407407407407405,Unknown
9145,EWE TEL GmbH,DE,108,SECURE,51.645370370370365,47.22222222222222,45.370370370370374,SECURE (Transitioning)
42560,Telemach BH d.o.o. Sarajevo,BA,107,VULNERABLE,44.143925233644865,41.1214953271028,52.336448598130836,VULNERABLE (Mixed)
5606,GTS Telecom SRL,RO,107,VULNERABLE,60.23925233644859,52.336448598130836,34.57943925233645,Unknown
262532,NET ONDA SERVICOS DE INTERNET LTDA,BR,107,VULNERABLE,37.27009345794392,34.57943925233645,60.747663551401864,Unknown
55824,NKN Core Network,IN,106,VULNERABLE,88.78584905660377,86.79245283018868,9.433962264150944,Unknown
51373,"""TELKONEKT"" SPOLKA Z OGRANICZONA ODPOWIEDZIALNOSCIA",PL,106,VULNERABLE,47.47924528301887,42.45283018867924,49.056603773584904,Unknown
4758,National Informatics Centre,IN,106,SECURE,88.80754716981133,86.79245283018868,9.433962264150944,HERD IMMUNITY (Ideal)
200899,INTERSPACE DOOEL Skopje,MK,106,SECURE,44.49528301886792,42.45283018867924,52.83018867924528,SECURE (Transitioning)
13876,"FiberLight, LLC",US,106,SECURE,47.60188679245283,43.39622641509434,49.056603773584904,SECURE (Transitioning)
2200,Renater,FR,105,VULNERABLE,54.5247619047619,46.666666666666664,36.19047619047619,Unknown
19228,ENTEL CHILE S.A.,CL,105,VULNERABLE,65.68190476190476,56.19047619047619,26.666666666666668,VULNERABLE (Mixed)
262150,Empresa Provincial de Energia de Cordoba,AR,105,SECURE,83.37904761904763,77.14285714285715,11.428571428571429,HERD IMMUNITY (Ideal)
1733,United States Department of Defense (DoD),US,105,VULNERABLE,1.9047619047619047,1.9047619047619049,98.09523809523809,Unknown
15557,SFR SA,FR,105,SECURE,58.6152380952381,53.333333333333336,36.19047619047619,SECURE (Transitioning)
137367,PT iForte Solusi Infotek,ID,105,VULNERABLE,54.23809523809523,49.523809523809526,40.95238095238095,Unknown
13576,SOUTH DAKOTA NETWORK,US,104,SECURE,44.760576923076925,38.46153846153847,46.15384615384615,SECURE (Transitioning)
6471,ENTEL CHILE S.A.,CL,104,VULNERABLE,65.58173076923077,56.730769230769226,26.923076923076923,Unknown
262847,DBUG TELECOM LTDA,BR,104,SECURE,30.93653846153846,25.961538461538463,65.38461538461539,SECURE (Transitioning)
57681,PJSC Moscow city telephone network,RU,103,VULNERABLE,28.57378640776699,26.21359223300971,66.99029126213593,THE SWAMP (Wild West)
28761,CrimeaCom South LLC,RU,103,VULNERABLE,36.56310679611651,29.126213592233007,54.36893203883495,Unknown
30988,IS InternetSolutions Limited,NG,103,VULNERABLE,29.94466019417476,28.155339805825243,67.96116504854369,Unknown
12479,Orange Espagne SA,ES,103,SECURE,42.666990291262145,33.980582524271846,49.51456310679612,SECURE (Transitioning)
59110,BPS Inc.,JP,102,VULNERABLE,51.42745098039215,47.05882352941176,46.07843137254902,VULNERABLE (Mixed)
271387,EMFIBRA TELECOM,BR,102,SECURE,42.22647058823529,38.23529411764706,53.92156862745098,SECURE (Transitioning)
134090,Leaptel,AU,102,VULNERABLE,84.7235294117647,76.47058823529412,10.784313725490197,Unknown
37090,ISOCEL SA,BJ,101,SECURE,30.53762376237624,28.71287128712871,67.32673267326733,SECURE (Transitioning)
10010,TOKAI Communications Corporation,JP,101,VULNERABLE,51.14257425742573,47.524752475247524,46.53465346534654,Unknown
207187,"TKR Jasek, s.r.o.",CZ,100,SECURE,75.88999999999999,73.0,22.0,HERD IMMUNITY (Ideal)
209810,Netcore services s.r.o.,CZ,100,VULNERABLE,75.88999999999999,73.0,22.0,Unknown
43413,"NEW TELEKOM, spol. s r.o.",CZ,100,VULNERABLE,75.88999999999999,73.0,22.0,UNPROTECTED CAPITAL (Tragedy)
33662,"Comcast Cable Communications, LLC",US,100,SECURE,51.403999999999996,46.0,43.0,SECURE (Transitioning)
34779,"T-2, d.o.o.",SI,99,VULNERABLE,74.41111111111111,73.73737373737373,25.252525252525253,Unknown
37385,Societe Nigerienne des Telecommunications (SONITEL),NE,99,VULNERABLE,30.144444444444446,28.28282828282828,67.67676767676768,VULNERABLE (Mixed)
20598,Cybercloud Platform Limited,IL,99,VULNERABLE,30.144444444444446,28.28282828282828,67.67676767676768,Unknown
48678,PENTECH BILISIM TEKNOLOJILERI SANAYI VE TICARET LIMITED SIRKETi,TR,99,VULNERABLE,91.05252525252526,87.87878787878788,7.07070707070707,Unknown
20853,eTOP sp. z o.o.,PL,99,VULNERABLE,47.57474747474747,42.42424242424242,48.484848484848484,Unknown
37148,Globacom Limited,NG,99,SECURE,29.134343434343435,27.27272727272727,68.68686868686868,WASTED PROTECTION (Glass House Cone)
30998,Netcom Africa Limited,NG,99,VULNERABLE,30.144444444444446,28.28282828282828,67.67676767676768,Unknown
29465,MTN NIGERIA Communication limited,NG,99,SECURE,29.16060606060606,27.27272727272727,68.68686868686868,WASTED PROTECTION (Glass House Cone)
42216,Yasar Sen trading as Alapli Teknoloji,TR,99,VULNERABLE,91.04646464646463,87.87878787878788,7.07070707070707,Unknown
133337,PT Menara Sinar Semesta,ID,98,VULNERABLE,44.477551020408164,38.775510204081634,52.04081632653062,VULNERABLE (Mixed)
8449,"""ElCat"" Ltd.",KG,98,VULNERABLE,84.66122448979591,79.59183673469387,12.244897959183673,Unknown
7908,SENCINET LATAM ARGENTINA SA,AR,98,VULNERABLE,83.00816326530611,75.51020408163265,11.224489795918368,Unknown
137352,PT Cloudata Indonesia,ID,98,VULNERABLE,44.506122448979596,38.775510204081634,52.04081632653062,VULNERABLE (Mixed)
141137,PT Media Cepat Indonesia,ID,98,VULNERABLE,44.25102040816327,37.755102040816325,52.04081632653062,Unknown
55309,Minh Tu Telecom Limited Company,VN,98,VULNERABLE,72.37755102040816,64.28571428571429,21.428571428571427,Unknown
3301,Telia Company AB,SE,97,SECURE,44.845360824742265,40.20618556701031,52.57731958762887,SECURE (Transitioning)
271042,BOT INTERNET E SERVICOS DE TELECOMUNICACOES LTDA,BR,97,VULNERABLE,38.64123711340206,35.051546391752574,56.70103092783505,Unknown
33132,Crown Castle Fiber LLC,US,97,VULNERABLE,10.379381443298968,7.216494845360824,86.5979381443299,THE SWAMP (Wild West)
34362,Terrakom d.o.o.,HR,96,SECURE,41.215625,39.58333333333333,56.25,SECURE (Transitioning)
42947,Telfy Telecom S.L.,ES,96,VULNERABLE,92.875,88.54166666666666,5.208333333333334,Unknown
9211,Nawork Internet Informationssysteme GmbH,DE,96,VULNERABLE,62.895833333333336,57.291666666666664,34.375,Unknown
34547,TELESMART TELEKOM DOO,MK,96,VULNERABLE,42.25729166666667,40.625,55.208333333333336,Unknown
7459,"Grande Communications Networks, LLC",US,96,SECURE,39.396875,32.29166666666667,53.125,SECURE (Transitioning)
6821,Makedonski Telekom AD-Skopje,MK,96,SECURE,42.25729166666667,40.625,55.208333333333336,SECURE (Transitioning)
11514,Transdatos,AR,96,VULNERABLE,83.90416666666665,77.08333333333334,10.416666666666668,UNPROTECTED CAPITAL (Tragedy)
25467,Akton d.o.o.,SI,96,VULNERABLE,41.776041666666664,40.625,56.25,Unknown
8637,"SpainWISP, S.L.",ES,96,VULNERABLE,92.60729166666665,87.5,5.208333333333334,Unknown
34772,NEOTEL AD Skopje,MK,96,VULNERABLE,42.25729166666667,40.625,55.208333333333336,Unknown
35144,Dream Line LTD,UA,95,SECURE,46.94631578947369,43.15789473684211,51.578947368421055,SECURE (Transitioning)
16814,NSS S.A.,AR,95,SECURE,83.73473684210525,76.84210526315789,10.526315789473683,HERD IMMUNITY (Ideal)
42352,TOV 'Dream Line Holding',UA,95,VULNERABLE,46.94631578947369,43.15789473684211,51.578947368421055,Unknown
52376,CABASE Camara Arg de Base de Datos y Serv en Linea,AR,95,SECURE,83.91052631578947,77.89473684210526,10.526315789473683,HERD IMMUNITY (Ideal)
21782,Plateau Telecommunications Incorporated,US,95,SECURE,27.304210526315785,21.052631578947366,67.36842105263158,WASTED PROTECTION (Glass House Cone)
21559,OSNET,PR,95,SECURE,39.10947368421052,32.631578947368425,51.578947368421055,SECURE (Transitioning)
52324,CABASE Camara Arg de Base de Datos y Serv en Linea,AR,95,VULNERABLE,83.73473684210525,76.84210526315789,10.526315789473683,Unknown
52374,CABASE Camara Arg de Base de Datos y Serv en Linea,AR,95,VULNERABLE,83.73473684210525,76.84210526315789,10.526315789473683,Unknown
12025,Iron Mountain Data Centers,US,95,SECURE,18.757894736842104,17.894736842105264,80.0,WASTED PROTECTION (Glass House Cone)
3352,TELEFONICA DE ESPANA S.A.U.,ES,95,SECURE,46.48,41.05263157894737,47.368421052631575,SECURE (Transitioning)
24095,ePLDT - Vitro Internet Data Center,PH,94,VULNERABLE,85.34148936170213,74.46808510638297,8.51063829787234,Unknown
4213,Krypt Technologies,US,94,VULNERABLE,15.698936170212766,10.638297872340425,78.72340425531915,Unknown
269843,BANTEL SAC,PE,94,VULNERABLE,67.22553191489362,58.51063829787234,24.46808510638298,Unknown
36874,Cybersmart,ZA,94,VULNERABLE,71.3531914893617,64.8936170212766,23.404255319148938,Unknown
28191,Jupiter Telecomunicacoes e Informatica Ltda,BR,94,SECURE,36.32553191489362,32.97872340425532,60.63829787234043,SECURE (Transitioning)
266771,MAKRONET CONSULTING TECNOLOGIA E INFORMATICA LIMITADA,CL,94,SECURE,66.76914893617021,57.446808510638306,24.46808510638298,SECURE (Transitioning)
62,CyrusOne LLC,US,93,VULNERABLE,11.23333333333333,7.526881720430108,86.02150537634408,Unknown
27066,United States Department of Defense (DoD),US,93,VULNERABLE,2.150537634408602,2.1505376344086025,97.84946236559139,Unknown
367,United States Department of Defense (DoD),US,92,VULNERABLE,2.1739130434782608,2.1739130434782608,97.82608695652173,THE SWAMP (Wild West)
19009,Everstream Solutions LLC,US,92,SECURE,23.102173913043476,17.391304347826086,70.65217391304348,WASTED PROTECTION (Glass House Cone)
5089,Virgin Media Limited,GB,92,SECURE,49.01739130434783,43.47826086956522,46.73913043478261,SECURE (Transitioning)
34723,Real Network and Tel SRL,RO,92,VULNERABLE,63.9554347826087,57.608695652173914,31.521739130434785,Unknown
64126,"DOMINICAN TELECOM PRIME, DTP, S.R.L.",DO,92,VULNERABLE,40.25978260869566,30.434782608695656,52.17391304347826,Unknown
9927,PhilCom Corporation,PH,92,VULNERABLE,85.04347826086956,73.91304347826086,8.695652173913043,Unknown
262476,BRCENTRAL TELECOM,BR,91,SECURE,29.06153846153846,26.373626373626376,69.23076923076923,WASTED PROTECTION (Glass House Cone)
7385,Zayo (fka Allstream),US,91,SECURE,19.956043956043956,16.483516483516482,76.92307692307693,WASTED PROTECTION (Glass House Cone)
201106,Spartan Host Ltd,GB,91,VULNERABLE,29.181318681318682,26.373626373626376,69.23076923076923,THE SWAMP (Wild West)
17995,PT iForte Global Internet,ID,91,SECURE,49.75164835164835,45.05494505494506,46.15384615384615,SECURE (Transitioning)
270662,SEMPPRE ONLINE INTERNET LTDA.,BR,91,VULNERABLE,29.06153846153846,26.373626373626376,69.23076923076923,THE SWAMP (Wild West)
42331,PE Freehost,UA,91,VULNERABLE,46.81208791208792,42.857142857142854,51.64835164835166,Unknown
12731,IPHH Internet Port Hamburg GmbH,DE,91,VULNERABLE,61.15054945054945,54.94505494505495,36.26373626373626,Unknown
270369,Naveganet Comercio e Serviço LTDA,BR,90,VULNERABLE,39.20333333333333,37.77777777777778,57.77777777777777,VULNERABLE (Mixed)
263945,ProveNET Internet Services LTDA,BR,90,SECURE,35.19222222222222,32.22222222222222,61.111111111111114,SECURE (Transitioning)
29278,Rackhost Zrt.,HU,90,VULNERABLE,76.01444444444444,68.88888888888889,17.77777777777778,Unknown
37721,Virtual Technologies & Solutions,BF,90,VULNERABLE,34.90111111111111,31.11111111111111,63.33333333333333,Unknown
3252,Fiberax Networking&Cloud Ltd.,GB,90,VULNERABLE,47.33222222222222,43.333333333333336,51.11111111111111,Unknown
1136,KPN B.V.,NL,90,SECURE,79.41444444444444,77.77777777777779,18.88888888888889,HERD IMMUNITY (Ideal)
38731,Viettel - CHT Company Ltd,VN,90,VULNERABLE,70.08555555555554,62.22222222222222,23.333333333333332,Unknown
50131,Spartan Host Ltd,GB,90,VULNERABLE,28.57111111111111,26.666666666666668,70.0,Unknown
138296,Juweriyah Networks Private Limited,IN,90,VULNERABLE,90.14444444444443,82.22222222222221,4.444444444444445,Unknown
265290,Uplink Telecom,BR,90,VULNERABLE,39.981111111111105,38.88888888888889,57.77777777777777,Unknown
14842,"Baudville, Inc.",US,90,VULNERABLE,25.28666666666667,23.333333333333332,70.0,THE SWAMP (Wild West)
25899,LS Networks,US,90,SECURE,34.84444444444444,31.11111111111111,60.0,SECURE (Transitioning)
12963,"Scientific Industrial Firm ""Volz"" Ltd",UA,89,VULNERABLE,46.826966292134834,42.69662921348314,51.68539325842697,Unknown
26554,"US Signal Company, L.L.C.",US,89,SECURE,25.53932584269663,23.595505617977526,69.66292134831461,WASTED PROTECTION (Glass House Cone)
11272,C Spire Fiber,US,89,SECURE,23.21685393258427,20.224719101123593,74.15730337078652,WASTED PROTECTION (Glass House Cone)
53065,Opcao Telecom,BR,89,SECURE,41.64269662921348,39.325842696629216,57.30337078651685,SECURE (Transitioning)
264531,HET INTERNET LTDA,BR,89,VULNERABLE,34.46404494382022,31.46067415730337,61.79775280898876,Unknown
14259,Gtd Internet S.A.,CL,88,SECURE,64.70113636363637,59.09090909090909,29.545454545454547,SECURE (Transitioning)
9607,"BroadBand Tower, Inc.",JP,88,SECURE,54.05113636363637,50.0,43.18181818181818,SECURE (Transitioning)
50606,Horyzont Technologie Internetowe sp.z.o.o.,PL,88,VULNERABLE,39.26931818181818,34.090909090909086,55.68181818181818,Unknown
44600,"""GIGATRANS UKRAINE"", LLC",UA,88,VULNERABLE,44.65227272727273,40.909090909090914,51.13636363636363,Unknown
12310,iNES GROUP SRL,RO,88,VULNERABLE,66.44886363636364,60.22727272727273,29.545454545454547,Unknown
61828,NETWISE INFORMATICA LTDA,BR,88,VULNERABLE,39.28522727272727,35.22727272727273,56.81818181818182,Unknown
7671,NTT SmartConnect Corporation,JP,88,SECURE,54.51704545454545,51.13636363636363,43.18181818181818,SECURE (Transitioning)
201725,Firma Tonetic Krzysztof Adamczyk,PL,88,VULNERABLE,40.04090909090909,34.090909090909086,54.54545454545454,VULNERABLE (Mixed)
31242,P4 Sp. z o.o.,PL,87,SECURE,21.893103448275863,20.689655172413794,77.01149425287356,WASTED PROTECTION (Glass House Cone)
265491,ARP TELECOM COMUNICAÇOES LTDA ME,BR,87,VULNERABLE,35.34367816091954,32.18390804597701,60.91954022988506,Unknown
268862,China Mobile International - Brazil,BR,87,VULNERABLE,36.49310344827586,33.33333333333333,59.77011494252874,VULNERABLE (Mixed)
46450,"Pilot Fiber, Inc.",US,87,VULNERABLE,47.53793103448276,41.37931034482759,42.5287356321839,Unknown
23838,Solarix Networks Limited,NZ,87,VULNERABLE,54.80804597701149,52.87356321839081,42.5287356321839,Unknown
42313,ONE ALBANIA SH.A.,AL,87,SECURE,83.37126436781608,78.16091954022988,14.942528735632186,HERD IMMUNITY (Ideal)
196714,Thueringer Netkom GmbH,DE,86,VULNERABLE,48.829069767441865,44.18604651162791,46.51162790697674,Unknown
199284,Thueringer Netkom GmbH,DE,86,SECURE,48.829069767441865,44.18604651162791,46.51162790697674,SECURE (Transitioning)
135025,"Nexlogic Telecommunications Network, Inc.",PH,86,VULNERABLE,84.0,72.09302325581395,9.30232558139535,Unknown
273780,Pluss Tecnologia Ltda,BR,86,VULNERABLE,40.19883720930232,36.04651162790697,55.81395348837209,VULNERABLE (Mixed)
394469,Digicel Caribbean Limited,LC,85,VULNERABLE,52.15058823529412,43.529411764705884,42.35294117647059,Unknown
264562,Texnet,BR,85,SECURE,39.53058823529411,35.294117647058826,56.470588235294116,SECURE (Transitioning)
33576,Digicel Jamaica,JM,84,SECURE,52.77142857142857,44.047619047619044,41.66666666666667,SECURE (Transitioning)
31313,Serviciul de Telecomunicatii Speciale,RO,84,SECURE,66.74285714285713,65.47619047619048,32.142857142857146,SECURE (Transitioning)
37063,Roke Investments International Ltd,UG,84,VULNERABLE,22.26309523809524,19.047619047619047,76.19047619047619,Unknown
37027,Simbanet (T) Limited,TZ,84,VULNERABLE,23.45357142857143,20.238095238095237,75.0,Unknown
268976,Weclix Telecom S/A,BR,84,SECURE,35.271428571428565,33.33333333333333,61.904761904761905,SECURE (Transitioning)
149994,Rego Communications Ltd,BD,84,SECURE,98.88571428571429,94.04761904761905,0.0,HERD IMMUNITY (Ideal)
15399,Wananchi Group (Kenya) Limited,KE,84,VULNERABLE,23.396428571428572,20.238095238095237,75.0,Unknown
37084,Simbanet (T) Limited,TZ,84,VULNERABLE,23.453571428571433,20.238095238095237,75.0,Unknown
39686,Eurofiber Nederland BV,NL,83,SECURE,60.09879518072289,55.42168674698795,36.144578313253014,SECURE (Transitioning)
56373,WAVE FIBER Sp. z.o.o.,PL,83,VULNERABLE,45.66144578313253,39.75903614457831,50.602409638554214,Unknown
202386,Szymon Beltowski BENET,PL,82,SECURE,44.99878048780487,39.02439024390244,51.21951219512195,SECURE (Transitioning)
51310,Marcin Moczulski trading as Matronix,PL,82,VULNERABLE,44.99878048780487,39.02439024390244,51.21951219512195,VULNERABLE (Mixed)
719,Elisa Oyj,FI,82,SECURE,56.734146341463415,52.4390243902439,39.02439024390244,SECURE (Transitioning)
24663,"ZAO ""COMPLAT-TELECOM""",RU,82,VULNERABLE,54.78048780487805,41.46341463414634,34.146341463414636,Unknown
199490,INTERCONNECT s.r.o.,CZ,82,VULNERABLE,70.59756097560975,67.07317073170732,26.82926829268293,Unknown
206813,4830.org e. V.,DE,82,VULNERABLE,61.5,57.3170731707317,36.58536585365854,Unknown
5483,Magyar Telekom Plc.,HU,82,SECURE,67.10121951219513,56.09756097560976,24.390243902439025,SECURE (Transitioning)
9136,WOBCOM GmbH,DE,82,SECURE,61.19512195121951,56.09756097560976,36.58536585365854,SECURE (Transitioning)
201054,Stowarzyszenie e-Poludnie,PL,81,SECURE,45.554320987654314,39.50617283950617,50.617283950617285,SECURE (Transitioning)
9070,Cooolbox AD,BG,81,SECURE,46.507407407407406,40.74074074074074,49.382716049382715,SECURE (Transitioning)
57723,Media Telekom Sp. z o.o.,PL,81,VULNERABLE,45.554320987654314,39.50617283950617,50.617283950617285,Unknown
28158,Ampernet Telecomunicações Ltda,BR,81,VULNERABLE,50.617283950617285,48.148148148148145,48.148148148148145,Unknown
201434,CITYSTRADA S.A.,PL,81,VULNERABLE,44.31975308641975,38.2716049382716,51.85185185185185,Unknown
47223,Lukman Multimedia Sp. z o.o,PL,81,VULNERABLE,44.31975308641975,38.2716049382716,51.85185185185185,Unknown
205268,Diomar sp. z o.o.,PL,81,SECURE,44.31975308641975,38.2716049382716,51.85185185185185,SECURE (Transitioning)
9280,Servers Australia Pty Ltd,AU,80,VULNERABLE,82.85999999999999,75.0,12.5,Unknown
5610,"O2 Czech Republic, a.s.",CZ,80,VULNERABLE,70.01124999999999,67.5,27.500000000000004,Unknown
25255,Hutchison Drei Austria GmbH,AT,80,SECURE,49.142500000000005,46.25,47.5,SECURE (Transitioning)
262493,Unknown,XX,80,VULNERABLE,39.246249999999996,35.0,56.25,Unknown
8749,"JSC ""Redcom-lnternet""",RU,80,VULNERABLE,55.65875000000001,41.25,33.75,Unknown
25159,PJSC MegaFon,RU,79,SECURE,33.077215189873414,30.37974683544304,63.29113924050633,SECURE (Transitioning)
51531,DE-CIX Management GmbH,DE,79,VULNERABLE,44.731645569620255,39.24050632911392,51.89873417721519,VULNERABLE (Mixed)
212211,CDEK-Global LLC,RU,79,VULNERABLE,34.34303797468354,31.645569620253166,62.0253164556962,VULNERABLE (Mixed)
37474,ISPA SA,ZA,79,VULNERABLE,45.997468354430374,40.50632911392405,50.63291139240506,VULNERABLE (Mixed)
40356,Unknown,XX,78,SECURE,30.126923076923077,26.923076923076923,66.66666666666666,SECURE (Transitioning)
262354,LIGUE MÓVEL S.A.,BR,78,VULNERABLE,36.5,34.61538461538461,61.53846153846154,Unknown
150027,Auriganet Digital Technologies Private Limited,IN,78,VULNERABLE,82.76410256410256,75.64102564102564,12.82051282051282,UNPROTECTED CAPITAL (Tragedy)
12779,IT.Gate S.p.A.,IT,78,SECURE,66.92692307692309,64.1025641025641,29.48717948717949,SECURE (Transitioning)
13999,"Mega Cable, S.A. de C.V.",MX,78,VULNERABLE,43.66410256410256,32.05128205128205,43.58974358974359,Unknown
61923,SUNWAY TELECOM LTDA,BR,78,SECURE,38.75384615384615,33.33333333333333,53.84615384615385,SECURE (Transitioning)
8767,M-net Telekommunikations GmbH,DE,78,SECURE,43.78205128205128,38.46153846153847,51.28205128205128,SECURE (Transitioning)
27947,Telconet S.A,EC,78,VULNERABLE,83.63589743589743,78.2051282051282,14.102564102564102,Unknown
272691,JBM TELECOM,BR,78,VULNERABLE,49.94615384615385,46.15384615384615,44.871794871794876,VULNERABLE (Mixed)
52898,Multipla Serviços Inteligentes,BR,78,VULNERABLE,48.66410256410256,44.871794871794876,46.15384615384615,VULNERABLE (Mixed)
24764,m.a.x. Informationstechnologie AG,DE,78,SECURE,43.962820512820514,38.46153846153847,50.0,SECURE (Transitioning)
53180,INFORTEL COMUNICACOES LTDA,BR,78,VULNERABLE,31.40897435897436,28.205128205128204,65.38461538461539,Unknown
28368,Wirelink (Sobralnet),BR,77,SECURE,29.88961038961039,25.97402597402597,66.23376623376623,WASTED PROTECTION (Glass House Cone)
21413,Envia Tel GmbH,DE,77,SECURE,47.32727272727273,42.857142857142854,48.05194805194805,SECURE (Transitioning)
1916,RNP - Rede Nacional de Ensino e Pesquisa,BR,77,VULNERABLE,19.21168831168831,18.181818181818183,79.22077922077922,Unknown
52783,ALCANS TELECOM LTDA,BR,77,VULNERABLE,40.516883116883115,33.76623376623377,51.94805194805194,Unknown
270724,CLIENT.CO SERVIÇOS E TELECOMUNICAÇÕES LTDA,BR,77,VULNERABLE,33.787012987012986,31.16883116883117,63.63636363636363,Unknown
3912,CHECS,US,76,VULNERABLE,27.764473684210532,21.052631578947366,67.10526315789474,THE SWAMP (Wild West)
263047,Linkfull melhor fornecedor dos provedores,BR,76,SECURE,48.62894736842105,44.73684210526316,46.05263157894737,SECURE (Transitioning)
13046,Hrvatski Telekom d.d.,HR,76,SECURE,33.209210526315786,31.57894736842105,64.47368421052632,SECURE (Transitioning)
12540,IdecNet S.A.,ES,76,SECURE,70.625,61.8421052631579,18.421052631578945,HERD IMMUNITY (Ideal)
38506,PT Pika Media Komunika,ID,76,VULNERABLE,87.89210526315789,86.8421052631579,11.842105263157894,Unknown
328884,BLUE ITS BUSINESS SOLUTIONS (PTY) LTD,ZA,76,VULNERABLE,69.7,60.526315789473685,22.36842105263158,VULNERABLE (Mixed)
32505,Conterra,US,76,SECURE,27.764473684210532,21.052631578947366,67.10526315789474,WASTED PROTECTION (Glass House Cone)
40498,"New Mexico Lambda Rail, Inc.",US,76,VULNERABLE,27.764473684210532,21.052631578947366,67.10526315789474,Unknown
26801,"Zito Media, L.P.",US,76,SECURE,30.680263157894736,22.36842105263158,60.526315789473685,SECURE (Transitioning)
38154,PT Pasifik Satelit Nusantara,ID,75,VULNERABLE,86.972,84.0,12.0,Unknown
9652,ECN Internet,AU,75,VULNERABLE,89.07866666666666,82.66666666666667,8.0,UNPROTECTED CAPITAL (Tragedy)
19955,"Pineland Telephone Cooperative, Inc.",US,75,VULNERABLE,17.38666666666667,10.666666666666668,77.33333333333333,THE SWAMP (Wild West)
132215,Powergrid Teleservices Limited,IN,75,VULNERABLE,81.568,77.33333333333333,16.0,Unknown
202251,Padiz-Daderesan-Company,IR,75,VULNERABLE,87.13333333333334,84.0,10.666666666666668,UNPROTECTED CAPITAL (Tragedy)
38008,Aperture Science Limited,HK,75,VULNERABLE,26.11466666666667,25.333333333333336,73.33333333333333,Unknown
3267,"SCIENTIFIC RESEARCH INSTITUTE FOR SYSTEM ANALYSIS OF THE NATIONAL RESEARCH CENTRE ""KURCHATOV INSTITUTE""",RU,75,VULNERABLE,55.86266666666668,42.66666666666667,33.33333333333333,Unknown
26744,"Planters Communications, LLC",US,75,VULNERABLE,16.94266666666667,9.333333333333334,77.33333333333333,Unknown
20207,Gigared S.A.,AR,75,SECURE,75.58800000000001,69.33333333333334,20.0,HERD IMMUNITY (Ideal)
265080,AD TELECOM,BR,75,VULNERABLE,47.25599999999999,44.0,50.66666666666667,Unknown
17222,MUNDIVOX DO BRASIL LTDA,BR,75,SECURE,19.65866666666667,18.666666666666668,77.33333333333333,WASTED PROTECTION (Glass House Cone)
4847,China Telecom Beijing Province Network,CN,75,VULNERABLE,19.284,16.0,78.66666666666666,Unknown
46997,Black Mesa Corporation,US,75,VULNERABLE,25.38933333333333,24.0,73.33333333333333,Unknown
52527,IWNET TELECOM LTDA ME,BR,74,VULNERABLE,39.4445945945946,37.83783783783784,59.45945945945946,Unknown
13119,"Zachodniopomorski Uniwersytet Technologiczny w Szczecinie, Akademickie Centrum Informatyki",PL,74,VULNERABLE,55.79054054054054,54.054054054054056,40.54054054054054,Unknown
49100,Pishgaman Toseeh Ertebatat Company (Private Joint Stock),IR,74,VULNERABLE,86.95945945945945,83.78378378378379,10.81081081081081,Unknown
271201,Vianet Telecomunicacoes Ltda,BR,74,VULNERABLE,33.281081081081076,31.08108108108108,63.51351351351351,Unknown
14868,Ligga Telecomunicações S.A.,BR,74,SECURE,25.717567567567567,24.324324324324326,72.97297297297297,WASTED PROTECTION (Glass House Cone)
272158,Rpcnet Internet Informatica,BR,73,VULNERABLE,35.82054794520548,31.506849315068493,58.9041095890411,VULNERABLE (Mixed)
52091,Level-MSK Ltd.,RU,73,VULNERABLE,56.950684931506835,50.68493150684932,38.35616438356164,Unknown
264598,DELTA TELECOM,BR,73,VULNERABLE,35.82054794520548,31.506849315068493,58.9041095890411,Unknown
30600,Metronet,US,73,SECURE,27.304109589041097,24.65753424657534,68.4931506849315,WASTED PROTECTION (Glass House Cone)
47697,BIX.BG Ltd.,BG,73,VULNERABLE,42.92876712328767,36.986301369863014,53.42465753424658,VULNERABLE (Mixed)
264197,NETMANIA LTDA ME,BR,73,SECURE,34.45068493150685,30.136986301369863,60.273972602739725,SECURE (Transitioning)
264127,EMITEL - Empresa de Informatica e Telecom. LTDA,BR,73,SECURE,34.45068493150685,30.136986301369863,60.273972602739725,SECURE (Transitioning)
33650,"Comcast Cable Communications, LLC",US,73,SECURE,22.257534246575343,16.43835616438356,72.6027397260274,WASTED PROTECTION (Glass House Cone)
60725,SES ASTRA S.A.,LU,72,VULNERABLE,72.13194444444444,62.5,19.444444444444446,Unknown
12684,SES ASTRA S.A.,LU,72,VULNERABLE,71.97777777777777,62.5,20.833333333333336,Unknown
28201,VALE NET,BR,71,SECURE,38.207042253521124,32.3943661971831,54.929577464788736,SECURE (Transitioning)
52562,INTELNET SERVICO DE MULTIMIDIA LTDA,BR,71,VULNERABLE,39.36478873239435,35.2112676056338,56.33802816901409,VULNERABLE (Mixed)
268959,INOVANET EMPREENDIMENTOS LTDA,BR,71,SECURE,40.773239436619704,36.61971830985916,54.929577464788736,SECURE (Transitioning)
264470,Logic Pro Tecnologia,BR,71,SECURE,35.21408450704225,28.169014084507044,57.74647887323944,SECURE (Transitioning)
39533,Asympto Networks Kft.,HU,71,VULNERABLE,83.57605633802817,77.46478873239437,9.859154929577464,UNPROTECTED CAPITAL (Tragedy)
1288,"Packet Clearing House, Inc.",US,71,VULNERABLE,41.32112676056338,35.2112676056338,54.929577464788736,Unknown
398947,"Cable Color, LLC",US,71,VULNERABLE,83.42394366197183,77.46478873239437,14.084507042253522,UNPROTECTED CAPITAL (Tragedy)
8903,LYNTIA NETWORKS S.A.,ES,71,VULNERABLE,68.68169014084506,59.154929577464785,19.718309859154928,Unknown
4808,China Unicom Beijing Province Network,CN,71,VULNERABLE,19.716901408450706,18.30985915492958,77.46478873239437,Unknown
47794,Etihad Atheeb Telecom Company,SA,71,SECURE,71.20845070422534,61.97183098591549,22.535211267605636,HERD IMMUNITY (Ideal)
25454,Orange Moldova S.A.,MD,70,VULNERABLE,72.04142857142857,70.0,25.71428571428571,Unknown
206810,"GUP DNR ""UGLETELECOM""",RU,70,VULNERABLE,55.10571428571427,48.57142857142857,40.0,Unknown
20214,"Comcast Cable Communications, LLC",US,70,SECURE,32.30285714285715,25.71428571428571,61.42857142857143,SECURE (Transitioning)
42,"WoodyNet, Inc.",US,70,VULNERABLE,40.495714285714286,34.285714285714285,55.714285714285715,Unknown
25540,Alphalink SASU,FR,70,SECURE,66.36571428571429,60.0,27.142857142857142,SECURE (Transitioning)
207992,FEELB SARL,FR,70,VULNERABLE,67.96,60.0,25.71428571428571,VULNERABLE (Mixed)
715,"WoodyNet, Inc.",US,70,VULNERABLE,40.58142857142857,34.285714285714285,55.714285714285715,Unknown
266853,"Comunicaciones Metropolitanas METROCOM, S.A.",CR,69,VULNERABLE,84.39275362318841,78.26086956521739,13.043478260869565,UNPROTECTED CAPITAL (Tragedy)
45305,PT Lintas Data Prima,ID,69,VULNERABLE,86.66376811594202,85.5072463768116,13.043478260869565,Unknown
50818,MUONA SAS,FR,69,VULNERABLE,67.65652173913044,60.86956521739131,26.08695652173913,VULNERABLE (Mixed)
3302,Retelit Digital Services S.p.A.,IT,69,VULNERABLE,53.74347826086956,49.275362318840585,40.57971014492754,Unknown
262725,CONECT,BR,69,VULNERABLE,35.868115942028986,31.88405797101449,59.42028985507246,Unknown
27884,CABLECOLOR S.A.,HN,69,VULNERABLE,84.39275362318841,78.26086956521739,13.043478260869565,Unknown
43142,ADELI SAS,FR,69,VULNERABLE,67.66666666666667,60.86956521739131,26.08695652173913,Unknown
141607,PT Gayatri Lintas Nusantara,ID,69,VULNERABLE,86.66376811594202,85.5072463768116,13.043478260869565,UNPROTECTED CAPITAL (Tragedy)
269215,Mega Net Telecom Ltda,BR,69,VULNERABLE,36.505797101449275,34.78260869565217,62.31884057971014,VULNERABLE (Mixed)
140481,PT Tonggak Teknologi Netikom,ID,69,VULNERABLE,86.66376811594202,85.5072463768116,13.043478260869565,Unknown
273976,FICOM TELECOMUNICACIONES S.A.C.,PE,69,VULNERABLE,66.88260869565217,56.52173913043478,24.637681159420293,VULNERABLE (Mixed)
61026,HASGARD s.a.r.l.,FR,69,VULNERABLE,67.49565217391304,59.42028985507246,26.08695652173913,VULNERABLE (Mixed)
29695,Lyse Tele AS,NO,69,SECURE,47.79420289855072,39.130434782608695,44.927536231884055,SECURE (Transitioning)
268643,ga de matos,BR,69,VULNERABLE,37.95507246376812,36.231884057971016,60.86956521739131,VULNERABLE (Mixed)
22869,CABLECOLOR S.A.,HN,69,VULNERABLE,84.39275362318841,78.26086956521739,13.043478260869565,Unknown
52587,iFibra Telecom,BR,68,SECURE,35.620588235294115,30.88235294117647,60.29411764705882,SECURE (Transitioning)
273461,CYBERWEB ATJP LTDA,BR,68,VULNERABLE,35.698529411764696,32.35294117647059,60.29411764705882,Unknown
268214,CYBERWEB ATJP,BR,68,VULNERABLE,35.698529411764696,32.35294117647059,60.29411764705882,Unknown
7795,"LUMOS Networks, Inc.",US,68,SECURE,21.048529411764704,16.176470588235293,75.0,WASTED PROTECTION (Glass House Cone)
264293,Smart Solucoes em Telecomunicacoes,BR,68,VULNERABLE,34.875,30.88235294117647,61.76470588235294,Unknown
16851,NebraskaLink,US,68,VULNERABLE,46.92794117647059,36.76470588235294,44.11764705882353,Unknown
37988,Alpha Layer Pty Ltd,AU,67,VULNERABLE,33.62388059701493,28.35820895522388,62.68656716417911,Unknown
25227,JSC Avantel,RU,67,VULNERABLE,35.953731343283586,32.83582089552239,58.2089552238806,VULNERABLE (Mixed)
134739,"AGB Communication Co., Ltd",MM,67,SECURE,83.210447761194,71.64179104477611,8.955223880597014,HERD IMMUNITY (Ideal)
48219,3DATA LLC,RU,67,VULNERABLE,36.25074626865672,32.83582089552239,58.2089552238806,Unknown
263484,Rede Brasil Internet Banda Larga,BR,67,VULNERABLE,35.91791044776119,29.850746268656714,56.71641791044776,Unknown
20632,PJSC MegaFon,RU,67,SECURE,33.54477611940298,31.343283582089555,65.67164179104478,SECURE (Transitioning)
2611,BELNET,BE,67,SECURE,58.74776119402984,55.223880597014926,38.80597014925373,SECURE (Transitioning)
263478,DUFIBRANET TELECOM LTDA,BR,67,SECURE,33.34179104477612,26.865671641791046,59.70149253731343,SECURE (Transitioning)
214215,Farice ehf,IS,67,VULNERABLE,60.310447761194034,53.73134328358209,35.82089552238806,Unknown
27227,Dillard's Store Services Inc.,US,67,VULNERABLE,36.62388059701493,32.83582089552239,56.71641791044776,VULNERABLE (Mixed)
3170,VeloxServ Communications Ltd,GB,66,VULNERABLE,72.12272727272727,66.66666666666666,24.242424242424242,Unknown
267699,CUBOTELECOM CIA. LTDA.,EC,66,SECURE,78.33030303030301,72.72727272727273,18.181818181818183,HERD IMMUNITY (Ideal)
272094,OPTILINK CIA LTDA,EC,66,SECURE,78.33030303030301,72.72727272727273,18.181818181818183,HERD IMMUNITY (Ideal)
53019,Yo Telecom / INFOTEC,BR,66,SECURE,38.22424242424242,34.84848484848485,57.57575757575758,SECURE (Transitioning)
15290,Zayo Bandwidth,US,66,SECURE,30.6969696969697,24.242424242424242,60.60606060606061,SECURE (Transitioning)
14282,PERSIS TELECOM,BR,66,SECURE,35.57575757575758,30.303030303030305,59.09090909090909,SECURE (Transitioning)
10022,Datacom Systems Ltd,NZ,66,VULNERABLE,58.61060606060606,56.060606060606055,37.878787878787875,VULNERABLE (Mixed)
28306,Voluy Telecom Eireli,BR,66,SECURE,27.795454545454547,25.757575757575758,71.21212121212122,WASTED PROTECTION (Glass House Cone)
49835,"Fundacio Privada per a la Xarxa Lliure, Oberta i Neutral, guifi.net",ES,66,VULNERABLE,70.01060606060605,60.60606060606061,24.242424242424242,Unknown
35179,Korbank S. A.,PL,66,VULNERABLE,52.68181818181818,51.515151515151516,43.93939393939394,Unknown
263238,Eliana Vanessa Morocho Oña,EC,66,VULNERABLE,78.3530303030303,72.72727272727273,18.181818181818183,Unknown
28305,PERSIS INTERNET LTDA,BR,66,SECURE,35.95454545454545,31.818181818181817,59.09090909090909,SECURE (Transitioning)
61745,NBS Telecom,BR,65,SECURE,53.61846153846154,44.61538461538462,41.53846153846154,SECURE (Transitioning)
64227,CONSOLIDATED TELEPHONE COMPANY,US,65,VULNERABLE,32.778461538461535,24.615384615384617,56.92307692307692,Unknown
327693,Echotel Pty Ltd,ZA,65,SECURE,42.65384615384616,38.46153846153847,55.38461538461539,SECURE (Transitioning)
6789,CRELCOM LLC,RU,65,VULNERABLE,31.18307692307692,24.615384615384617,61.53846153846154,Unknown
202766,LYNTIA NETWORKS S.A.,ES,65,SECURE,68.43384615384616,60.0,21.53846153846154,SECURE (Transitioning)
63529,Bangkok Neutral Internet Exchange Route Servers,TH,65,VULNERABLE,73.08615384615383,61.53846153846154,18.461538461538463,Unknown
400304,Redoubt Networks (Crunchbits),US,64,SECURE,39.91875,34.375,56.25,SECURE (Transitioning)
36925,Orange Maroc,MA,64,SECURE,31.598437500000003,25.0,62.5,SECURE (Transitioning)
4621,UNINET-TH,TH,64,VULNERABLE,72.89999999999999,62.5,18.75,Unknown
19151,"BroadbandONE, LLC",US,64,VULNERABLE,21.54375,17.1875,75.0,Unknown
9500,One New Zealand Group Limited,NZ,64,VULNERABLE,58.949999999999996,56.25,37.5,Unknown
25400,Telia Norge AS,NO,64,SECURE,77.5671875,73.4375,18.75,HERD IMMUNITY (Ideal)
10021,"KVH Co.,Ltd",JP,64,SECURE,34.271875,28.125,62.5,SECURE (Transitioning)
28294,GIGA MAIS FIBRA TELECOMUNICACOES S.A.,BR,64,VULNERABLE,34.9140625,32.8125,64.0625,Unknown
28173,Dinamica Telecomunicacoes Ltda,BR,64,SECURE,32.8125,32.8125,67.1875,SECURE (Transitioning)
6713,Maroc Telecom,MA,64,SECURE,31.598437499999996,25.0,62.5,SECURE (Transitioning)
53005,REDE CONNECT TELECOMUNICACOES LTDA,BR,63,SECURE,37.576190476190476,31.746031746031743,57.14285714285714,SECURE (Transitioning)
268267,INFONET TELECOMUNICACOES LTDA,BR,63,VULNERABLE,40.67936507936508,38.095238095238095,55.55555555555556,Unknown
2687,"AT&T Enterprises, LLC",US,63,VULNERABLE,15.823809523809524,7.936507936507936,76.19047619047619,Unknown
31549,Aria Shatel PJSC,IR,62,VULNERABLE,86.13064516129032,83.87096774193549,12.903225806451612,Unknown
60169,R-KOM Regensburger Telekommunikationsgesellschaft mbH,DE,62,SECURE,65.67903225806452,56.451612903225815,27.419354838709676,SECURE (Transitioning)
205647,PARDIS FANVARI PARTAK LTD,IR,62,VULNERABLE,86.13064516129032,83.87096774193549,12.903225806451612,UNPROTECTED CAPITAL (Tragedy)
269553,REDE ONLINE INTERNET LTDA,BR,62,SECURE,44.56129032258064,41.935483870967744,51.61290322580645,SECURE (Transitioning)
133676,Precious netcom pvt ltd,IN,62,VULNERABLE,95.94193548387098,91.93548387096774,0.0,UNPROTECTED CAPITAL (Tragedy)
267221,Gold Telecom Ltda,BR,62,SECURE,39.917741935483875,35.483870967741936,54.83870967741935,SECURE (Transitioning)
1759,Telia Finland Oyj,FI,62,SECURE,52.811290322580646,48.38709677419355,43.54838709677419,SECURE (Transitioning)
11840,Verisign Anycast US 0D,US,62,VULNERABLE,8.096774193548388,4.838709677419355,87.09677419354838,THE SWAMP (Wild West)
26134,Verisign Anycast US 0B,US,61,VULNERABLE,7.947540983606557,4.918032786885246,88.52459016393442,THE SWAMP (Wild West)
205334,"FIBERPLUS COMUNICATIONS, SL",ES,61,VULNERABLE,70.83114754098361,60.65573770491803,22.950819672131146,UNPROTECTED CAPITAL (Tragedy)
270118,"SOLUCIONES, ANALITICOS Y SERVICIOS TEAM",MX,61,VULNERABLE,41.9344262295082,37.704918032786885,52.459016393442624,VULNERABLE (Mixed)
25180,Exponential-E Ltd.,GB,61,VULNERABLE,32.898360655737704,27.86885245901639,62.295081967213115,Unknown
33490,Comcast (Portland/Spokane),US,61,SECURE,33.31639344262295,27.86885245901639,59.01639344262295,SECURE (Transitioning)
21700,"Neptune Networks, LLC",US,61,SECURE,47.911475409836065,44.26229508196721,49.18032786885246,SECURE (Transitioning)
16347,ADISTA SAS,FR,61,VULNERABLE,65.35901639344263,59.01639344262295,27.86885245901639,Unknown
33422,New England Telehealth Consortium,US,61,VULNERABLE,13.473770491803279,11.475409836065573,83.60655737704919,Unknown
48011,Turunc Smart Bilgisayar Teknoloji Ve Dis Ticaret Limited Sirketi,TR,61,VULNERABLE,84.27704918032786,83.60655737704919,14.754098360655737,Unknown
24835,Vodafone Egypt,EG,61,SECURE,24.79016393442623,22.950819672131146,73.77049180327869,WASTED PROTECTION (Glass House Cone)
17072,TOTAL PLAY TELECOMUNICACIONES SA DE CV,MX,61,VULNERABLE,41.99508196721311,37.704918032786885,52.459016393442624,Unknown
13977,Fidium,US,61,SECURE,13.470491803278687,11.475409836065573,83.60655737704919,WASTED PROTECTION (Glass House Cone)
63243,Synergent,US,61,VULNERABLE,11.834426229508196,9.836065573770492,85.24590163934425,THE SWAMP (Wild West)
8595,OOO WestCall Ltd.,RU,61,VULNERABLE,25.113114754098362,24.59016393442623,73.77049180327869,Unknown
33660,"Comcast Cable Communications, LLC",US,61,SECURE,38.61311475409836,32.78688524590164,55.73770491803278,SECURE (Transitioning)
136780,MYANMAR INFORMATION HIGHWAY LIMITED,MM,61,VULNERABLE,81.5590163934426,68.85245901639344,9.836065573770492,UNPROTECTED CAPITAL (Tragedy)
35699,Adamo Telecom Iberia S.A.,ES,61,VULNERABLE,70.84590163934426,60.65573770491803,22.950819672131146,Unknown
6661,POST Luxembourg,LU,60,SECURE,62.34166666666667,55.00000000000001,31.666666666666664,SECURE (Transitioning)
133524,"Global Technology Co., Ltd.",MM,60,SECURE,81.93833333333332,70.0,10.0,HERD IMMUNITY (Ideal)
263558,Grupo Jet,BR,60,VULNERABLE,47.9,45.0,50.0,Unknown
12541,LYNTIA NETWORKS S.A.,ES,60,SECURE,66.88166666666667,58.333333333333336,23.333333333333332,SECURE (Transitioning)
132280,Symphony Communication (Thailand) PCL.,TH,60,SECURE,72.79333333333332,66.66666666666666,21.666666666666668,HERD IMMUNITY (Ideal)
268188,ATIVA TELECOM LTDA,BR,60,SECURE,37.23166666666667,30.0,55.00000000000001,SECURE (Transitioning)
270596,Rafael Olegario Silva De Lima Servico De Comunicac,BR,60,VULNERABLE,39.971666666666664,38.333333333333336,56.666666666666664,Unknown
1540,"Headquarters, USAISC",US,60,VULNERABLE,3.3333333333333335,3.3333333333333335,96.66666666666667,THE SWAMP (Wild West)
134736,"NTT MYANMAR CO., LTD.",MM,60,VULNERABLE,81.25166666666665,68.33333333333333,10.0,UNPROTECTED CAPITAL (Tragedy)
136975,Global Technology,MM,60,SECURE,81.96666666666665,70.0,10.0,HERD IMMUNITY (Ideal)
11019,"HAProxy Technologies, Inc.",US,60,VULNERABLE,43.25333333333333,33.33333333333333,48.333333333333336,Unknown
12695,LLC Digital Network,RU,60,VULNERABLE,34.166666666666664,33.33333333333333,65.0,Unknown
8473,Bahnhof AB,SE,59,SECURE,50.19322033898305,47.45762711864407,47.45762711864407,SECURE (Transitioning)
267501,Equatorial Telecomunicações LTDA,BR,59,VULNERABLE,36.657627118644065,33.89830508474576,59.32203389830508,Unknown
4812,China Telecom Shanghai Province Network,CN,59,VULNERABLE,21.791525423728814,15.254237288135593,67.79661016949152,THE SWAMP (Wild West)
28624,Oops Internet,BR,59,VULNERABLE,34.67457627118644,30.508474576271187,59.32203389830508,Unknown
52720,WEBFOCO TELECOMUNICACOES LTDA,BR,59,VULNERABLE,49.152542372881356,49.152542372881356,50.847457627118644,Unknown
11232,Midcontinent Communications,US,59,SECURE,53.72881355932204,49.152542372881356,40.67796610169492,SECURE (Transitioning)
273624,Play Soluções,BR,59,VULNERABLE,31.093220338983052,28.8135593220339,67.79661016949152,VULNERABLE (Mixed)
306,United States Department of Defense (DoD),US,59,VULNERABLE,3.389830508474576,3.389830508474576,96.61016949152543,Unknown
267056,EVEREST RIDGE DO BRASIL LTDA,BR,59,VULNERABLE,46.96101694915254,38.983050847457626,45.76271186440678,Unknown
264351,UNA TELECOMUNICAÇÕES LTDA,BR,59,VULNERABLE,31.14237288135593,27.11864406779661,64.40677966101694,VULNERABLE (Mixed)
263627,Wnetsistem Comercio e Servicos de Informatica Ltda,BR,59,VULNERABLE,29.962711864406778,27.11864406779661,67.79661016949152,THE SWAMP (Wild West)
23956,AmberIT Limited,BD,59,VULNERABLE,89.24237288135592,84.7457627118644,8.47457627118644,UNPROTECTED CAPITAL (Tragedy)
271019,GIGA NET INFORMATICA LTDA,BR,59,SECURE,29.962711864406778,27.11864406779661,67.79661016949152,WASTED PROTECTION (Glass House Cone)
9901,One New Zealand Group Limited,NZ,59,VULNERABLE,57.16610169491525,54.23728813559322,38.983050847457626,VULNERABLE (Mixed)
15994,A1 Hrvatska d.o.o.,HR,58,SECURE,29.193103448275863,27.586206896551722,68.96551724137932,WASTED PROTECTION (Glass House Cone)
30742,Bremen Briteline GmbH,DE,58,SECURE,55.07586206896552,53.44827586206896,43.103448275862064,SECURE (Transitioning)
10886,University of Maryland,US,58,SECURE,34.90862068965517,29.310344827586203,62.06896551724138,SECURE (Transitioning)
264525,Coelho Tecnologia,BR,58,VULNERABLE,29.555172413793105,24.137931034482758,65.51724137931035,Unknown
7342,VeriSign Infrastructure & Operations,US,58,VULNERABLE,6.177586206896552,3.4482758620689653,91.37931034482759,Unknown
64098,TASMANET,AU,58,VULNERABLE,89.59655172413794,82.75862068965517,6.896551724137931,Unknown
3910,Lumen (ex Qwest Europe),US,58,SECURE,12.641379310344828,6.896551724137931,79.3103448275862,WASTED PROTECTION (Glass House Cone)
49544,i3D.net B.V,NL,58,VULNERABLE,91.42758620689655,86.20689655172413,6.896551724137931,Unknown
265147,UP Fibra,BR,58,VULNERABLE,37.28965517241379,34.48275862068966,58.620689655172406,Unknown
267124,Paulino Perreira Dos Santos Eireli,BR,58,VULNERABLE,30.67413793103448,27.586206896551722,65.51724137931035,Unknown
265061,GC NET,BR,58,SECURE,37.57241379310344,34.48275862068966,60.3448275862069,SECURE (Transitioning)
28685,Routit BV,NL,58,SECURE,81.55172413793103,79.3103448275862,17.24137931034483,HERD IMMUNITY (Ideal)
4768,One New Zealand Group Limited,NZ,58,VULNERABLE,56.536206896551725,53.44827586206896,39.6551724137931,Unknown
264595,FALCAO NET PROVEDOR DE INTERNET LTDA,BR,58,VULNERABLE,48.37413793103449,44.827586206896555,46.55172413793103,Unknown
35225,Hrvatske ceste,HR,58,VULNERABLE,29.193103448275863,27.586206896551722,68.96551724137932,THE SWAMP (Wild West)
52444,Pogliotti & Pogliotti Construcciones S.A.,AR,58,SECURE,94.81206896551724,89.65517241379311,1.7241379310344827,HERD IMMUNITY (Ideal)
41692,OpenCarrier eG,DE,57,VULNERABLE,52.01052631578947,43.859649122807014,43.859649122807014,Unknown
11260,EastLink,CA,57,VULNERABLE,45.21228070175439,38.59649122807017,49.122807017543856,Unknown
271126,ONDANET PE,BR,57,SECURE,42.075438596491225,40.35087719298245,54.385964912280706,SECURE (Transitioning)
268424,GIGA MAIS FIBRA TELECOMUNICACOES S.A.,BR,57,SECURE,42.36666666666667,36.84210526315789,52.63157894736842,SECURE (Transitioning)
267427,NETBITS BRASIL,BR,57,SECURE,40.321052631578944,38.59649122807017,56.14035087719298,SECURE (Transitioning)
135273,NTC ASIA LIMITED,HK,57,VULNERABLE,84.52280701754387,80.7017543859649,12.280701754385964,Unknown
268944,Martins & Martins Telecom LTDA ME,BR,57,VULNERABLE,37.16491228070175,33.33333333333333,57.89473684210527,VULNERABLE (Mixed)
272458,Speed Maxx Telecom Provedor de Internet LTDA,BR,57,SECURE,44.12105263157895,38.59649122807017,50.877192982456144,SECURE (Transitioning)
268568,IMPLANTAR TELECOM SOCIEDADE LIMITADA,BR,57,SECURE,35.68245614035088,28.07017543859649,56.14035087719298,SECURE (Transitioning)
4760,HKT Limited,HK,57,SECURE,19.298245614035093,14.035087719298245,71.9298245614035,WASTED PROTECTION (Glass House Cone)
8437,Hutchison Drei Austria GmbH,AT,57,SECURE,42.914035087719306,40.35087719298245,54.385964912280706,SECURE (Transitioning)
266214,UTIL PROVEDOR DE INTERNET LTDA - ME,BR,57,SECURE,36.8421052631579,36.84210526315789,63.1578947368421,SECURE (Transitioning)
269144,Canaã Fibra Telecom,BR,57,VULNERABLE,42.805263157894736,38.59649122807017,52.63157894736842,VULNERABLE (Mixed)
263523,Unknown,XX,56,VULNERABLE,46.237500000000004,44.642857142857146,51.78571428571429,VULNERABLE (Mixed)
200845,"AVATEL TELECOM, SA",ES,56,VULNERABLE,92.82857142857142,89.28571428571429,5.357142857142857,Unknown
24516,Virtutel Pty Ltd,AU,56,VULNERABLE,69.80178571428571,66.07142857142857,26.785714285714285,Unknown
52941,SPACE NETWORK,BR,56,SECURE,31.769642857142856,28.57142857142857,64.28571428571429,SECURE (Transitioning)
262490,Ambiente Virtual Sistemas e Conectividade Ltda,BR,56,VULNERABLE,38.175,33.92857142857143,57.14285714285714,Unknown
3737,PenTeleData Inc.,US,56,SECURE,52.5125,41.07142857142857,37.5,SECURE (Transitioning)
58495,PT Parsaoran Global Datatrans,ID,56,VULNERABLE,76.78750000000001,67.85714285714286,17.857142857142858,Unknown
61616,Union ISP S/A,BR,56,VULNERABLE,47.43035714285714,44.642857142857146,48.214285714285715,Unknown
265442,VISUAL LINK COMUNICACOES MULTIMIDIA LTDA - ME,BR,56,SECURE,39.980357142857144,39.285714285714285,58.92857142857143,SECURE (Transitioning)
273658,VIRTUAX PROVIMENTO SERVICOS DE TELECOMUNICACOES LT,BR,56,SECURE,38.175,33.92857142857143,57.14285714285714,SECURE (Transitioning)
101,University of Washington,US,56,VULNERABLE,54.6,51.78571428571429,42.857142857142854,Unknown
600,OARnet,US,56,SECURE,0.9571428571428572,0.0,96.42857142857143,WASTED PROTECTION (Glass House Cone)
59103,SoftEther Corporation,JP,55,VULNERABLE,58.26,54.54545454545454,40.0,VULNERABLE (Mixed)
6181,Cincinnati Bell Telephone Company LLC,US,55,SECURE,29.070909090909094,16.363636363636363,60.0,WASTED PROTECTION (Glass House Cone)
136334,Vortex Netsol Private Limited,IN,55,VULNERABLE,89.63090909090909,83.63636363636363,7.2727272727272725,Unknown
12189,PhoenixNAP LLC,US,55,VULNERABLE,62.643636363636375,49.09090909090909,27.27272727272727,Unknown
12042,Fidium,US,55,SECURE,30.556363636363635,21.818181818181817,58.18181818181818,SECURE (Transitioning)
262773,Proxxima Telecomunicações,BR,55,VULNERABLE,45.260000000000005,43.63636363636363,52.72727272727272,Unknown
47864,V-NET B.V.,NL,55,VULNERABLE,69.4,63.63636363636363,29.09090909090909,VULNERABLE (Mixed)
39279,Information Technology and Cyber Security Service,MD,54,VULNERABLE,79.39629629629628,79.62962962962963,20.37037037037037,Unknown
8926,Moldtelecom SA,MD,54,VULNERABLE,79.14074074074075,77.77777777777779,20.37037037037037,Unknown
3249,Telia Eesti AS,EE,54,VULNERABLE,78.55000000000001,75.92592592592592,20.37037037037037,Unknown
12611,R-KOM Regensburger,DE,54,SECURE,64.87777777777778,57.407407407407405,27.77777777777778,SECURE (Transitioning)
14041,University Corporation for Atmospheric Research,US,54,VULNERABLE,60.22592592592592,55.55555555555556,33.33333333333333,Unknown
13807,Great Plains Communications LLC,US,54,VULNERABLE,26.88703703703704,24.074074074074073,70.37037037037037,Unknown
31117,ENERGOTEL a.s.,SK,54,SECURE,43.91481481481482,37.03703703703704,51.85185185185185,SECURE (Transitioning)
25184,Afranet,IR,54,VULNERABLE,84.25925925925925,83.33333333333334,14.814814814814813,UNPROTECTED CAPITAL (Tragedy)
41307,Telepark Passau GmbH,DE,54,SECURE,64.76851851851852,57.407407407407405,27.77777777777778,SECURE (Transitioning)
25319,Information Technology and Cyber Security Service,MD,54,VULNERABLE,79.13148148148149,77.77777777777779,20.37037037037037,UNPROTECTED CAPITAL (Tragedy)
131948,FORNEXT Inc.,JP,53,VULNERABLE,54.798113207547175,50.943396226415096,43.39622641509434,VULNERABLE (Mixed)
21508,"Comcast Cable Communications, LLC",US,53,SECURE,12.773584905660377,3.7735849056603774,81.13207547169812,WASTED PROTECTION (Glass House Cone)
45916,Gujarat Telelink Pvt Ltd,IN,53,VULNERABLE,99.54528301886793,98.11320754716981,0.0,Unknown
60330,Belarusian Cloud Technologies LLC,BY,53,VULNERABLE,33.74528301886792,26.41509433962264,62.264150943396224,Unknown
4922,Shenandoah Cable Television LLC,US,53,SECURE,19.190566037735845,13.20754716981132,73.58490566037736,WASTED PROTECTION (Glass House Cone)
274685,Sernet,BR,53,SECURE,39.23018867924528,37.735849056603776,60.37735849056604,SECURE (Transitioning)
7991,"CenturyLink Communications, LLC",US,53,VULNERABLE,12.59622641509434,7.547169811320755,81.13207547169812,Unknown
21488,Emplot Ltd.,UA,53,SECURE,61.37924528301887,52.83018867924528,28.30188679245283,SECURE (Transitioning)
38525,PT Netsoft,ID,53,VULNERABLE,85.57358490566037,79.24528301886792,11.320754716981133,UNPROTECTED CAPITAL (Tragedy)
4515,PCCW IMS Ltd (PCCW Business Internet Access),HK,52,SECURE,15.178846153846157,9.615384615384617,76.92307692307693,WASTED PROTECTION (Glass House Cone)
11776,Breezeline,US,52,SECURE,21.234615384615385,17.307692307692307,76.92307692307693,WASTED PROTECTION (Glass House Cone)
271273,NET FORT Telecom,BR,52,SECURE,27.58653846153846,25.0,71.15384615384616,WASTED PROTECTION (Glass House Cone)
268655,Inforlink,BR,52,VULNERABLE,40.7173076923077,36.53846153846153,53.84615384615385,Unknown
52630,MOTTANET  TI  - SERVICOS  DE TECNOLOGIA DA INFO,BR,52,SECURE,24.48076923076923,19.230769230769234,69.23076923076923,WASTED PROTECTION (Glass House Cone)
267563,Ei Telecom LTDA,BR,52,VULNERABLE,25.66346153846154,23.076923076923077,73.07692307692307,Unknown
3561,Lumen (ex. Savvis),US,52,SECURE,12.540384615384616,7.6923076923076925,82.6923076923077,WASTED PROTECTION (Glass House Cone)
42013,Together Communication LTD,PS,52,VULNERABLE,58.64423076923076,53.84615384615385,36.53846153846153,VULNERABLE (Mixed)
12271,Charter Communications Inc,US,52,SECURE,24.721153846153847,21.153846153846153,71.15384615384616,WASTED PROTECTION (Glass House Cone)
41494,Asociația InterLAN,RO,52,VULNERABLE,87.43653846153846,76.92307692307693,7.6923076923076925,Unknown
57455,Filanco Ukraine Ltd.,UA,52,VULNERABLE,80.04807692307692,78.84615384615384,19.230769230769234,Unknown
6758,Monaco Telecom S.A.,MC,52,SECURE,56.44038461538461,48.07692307692308,38.46153846153847,SECURE (Transitioning)
36086,Telx,US,52,VULNERABLE,19.2,15.384615384615385,73.07692307692307,Unknown
24088,Hanoi Telecom Joint Stock Company - HCMC Branch,VN,51,VULNERABLE,87.8,84.31372549019608,9.803921568627452,Unknown
263087,Rawnet Informatica LTDA,BR,51,VULNERABLE,40.6843137254902,35.294117647058826,52.94117647058824,Unknown
17185,Data102,US,51,VULNERABLE,45.24705882352941,35.294117647058826,47.05882352941176,VULNERABLE (Mixed)
41881,Fanava Group,IR,51,VULNERABLE,88.62549019607843,84.31372549019608,9.803921568627452,UNPROTECTED CAPITAL (Tragedy)
12605,LIWEST Kabelmedien GmbH,AT,51,VULNERABLE,62.22549019607843,58.82352941176471,35.294117647058826,VULNERABLE (Mixed)
264899,AmazoniaSat (R L COMERCIO MANUTENCAO),BR,51,VULNERABLE,34.56470588235294,31.372549019607842,60.78431372549019,VULNERABLE (Mixed)
680,Deutsches Forschungsnetz (DFN),DE,51,SECURE,70.85098039215686,58.82352941176471,21.568627450980394,HERD IMMUNITY (Ideal)
51765,Oy Crea Nova Hosting Solution Ltd,FI,51,SECURE,84.58235294117648,74.50980392156863,9.803921568627452,HERD IMMUNITY (Ideal)
9370,SAKURA Internet Inc.,JP,51,VULNERABLE,62.82941176470589,58.82352941176471,35.294117647058826,Unknown
38253,Hanoi Telecom JSC,VN,51,VULNERABLE,86.62352941176471,82.35294117647058,9.803921568627452,UNPROTECTED CAPITAL (Tragedy)
8540,AMA netwoRX GmbH,AT,51,VULNERABLE,66.49019607843137,62.745098039215684,31.372549019607842,Unknown
21013,eww ag,AT,51,SECURE,62.58235294117647,60.78431372549019,35.294117647058826,SECURE (Transitioning)
15935,ha-vel internet s.r.o.,CZ,51,SECURE,60.00392156862745,54.90196078431373,37.254901960784316,SECURE (Transitioning)
11271,SENCINET LATAM BRASIL LTDA,BR,51,VULNERABLE,11.929411764705884,5.88235294117647,82.35294117647058,THE SWAMP (Wild West)
40349,Isagenix International LLC,US,51,VULNERABLE,17.841176470588238,13.725490196078432,80.3921568627451,THE SWAMP (Wild West)
39912,oja.at GmbH,AT,51,VULNERABLE,66.53529411764707,62.745098039215684,31.372549019607842,Unknown
4608,Asia Pacific Network Information Centre,AU,50,VULNERABLE,16.666,16.0,82.0,Unknown
9340,PT Indointernet Tbk,ID,50,VULNERABLE,84.882,78.0,12.0,Unknown
264173,TURBOO NET,BR,50,VULNERABLE,35.256,32.0,60.0,VULNERABLE (Mixed)
34073,Ministry of Education and Science Republic of Latvia,LV,50,SECURE,90.0,90.0,10.0,HERD IMMUNITY (Ideal)
61951,BRASIL-IP TELECOMUNICACOES LTDA - ME,BR,50,SECURE,29.66,24.0,64.0,WASTED PROTECTION (Glass House Cone)
27978,Telmex Servicios Empresariales S.A.,CL,50,SECURE,67.56599999999999,54.0,26.0,SECURE (Transitioning)
8194,Latvia State Radio and Television Centre,LV,50,SECURE,90.0,90.0,10.0,HERD IMMUNITY (Ideal)
266520,VOOB TELECOM,BR,50,SECURE,30.061999999999998,24.0,64.0,SECURE (Transitioning)
61623,Vellon Servicos de Comunicacao Mult e Digitais,BR,50,VULNERABLE,32.062,26.0,62.0,VULNERABLE (Mixed)
7530,"BroadBand Tower, Inc.",JP,50,VULNERABLE,47.0,44.0,50.0,Unknown
22677,Charter Communications LLC,US,50,VULNERABLE,26.19,22.0,66.0,Unknown
12975,Palestine Telecommunications Company (PALTEL),PS,50,SECURE,57.07999999999999,52.0,38.0,SECURE (Transitioning)
5538,Institute of Mathematics and Computer Science of University of Latvia,LV,50,SECURE,90.0,90.0,10.0,HERD IMMUNITY (Ideal)
22047,VTR BANDA ANCHA S.A.,CL,50,SECURE,67.56599999999999,54.0,26.0,SECURE (Transitioning)
17686,ACCELIA,JP,50,VULNERABLE,58.086000000000006,54.0,40.0,Unknown
328333,Fixed Mobile Telecommunications (Pty) LTD,ZA,50,VULNERABLE,76.1,66.0,16.0,Unknown
11492,"CABLE ONE, INC.",US,50,VULNERABLE,18.198,14.000000000000002,80.0,Unknown
202279,"STATE UNITARY ENTERPRISE OF THE DONETSK PEOPLE'S REPUBLIC ""REPUBLICAN TELECOMMUNICATIONS OPERATOR""",RU,49,VULNERABLE,46.069387755102035,36.734693877551024,46.93877551020408,VULNERABLE (Mixed)
13359,LEARN,US,49,VULNERABLE,14.761224489795918,14.285714285714285,83.6734693877551,Unknown
199181,Orakom S.r.l.,IT,49,VULNERABLE,77.48571428571428,73.46938775510205,18.367346938775512,UNPROTECTED CAPITAL (Tragedy)
39089,"STATE UNITARY ENTERPRISE OF THE DONETSK PEOPLE'S REPUBLIC ""UGLETELECOM""",RU,49,VULNERABLE,46.069387755102035,36.734693877551024,46.93877551020408,VULNERABLE (Mixed)
9371,SAKURA Internet Inc.,JP,49,VULNERABLE,63.3530612244898,59.183673469387756,34.69387755102041,VULNERABLE (Mixed)
8103,Florida Department of Management Services,US,49,VULNERABLE,35.46122448979592,30.612244897959183,61.224489795918366,Unknown
38264,Wateen Telecom,PK,49,VULNERABLE,74.25918367346938,67.3469387755102,22.448979591836736,Unknown
265949,INFO TELECOM INTERNET LTDA,BR,49,SECURE,34.704081632653065,26.53061224489796,57.14285714285714,SECURE (Transitioning)
9268,Over The Wire Pty Ltd,AU,49,VULNERABLE,64.83265306122449,55.10204081632652,28.57142857142857,Unknown
264011,TREND CONNECT,BR,49,VULNERABLE,38.891836734693875,34.69387755102041,55.10204081632652,VULNERABLE (Mixed)
52999,START TELECOM LTDA,BR,49,SECURE,42.097959183673474,38.775510204081634,53.06122448979592,SECURE (Transitioning)
265139,OXENTE NET EMPREENDIMENTOS LTDA - EPP,BR,49,VULNERABLE,35.97551020408163,32.6530612244898,59.183673469387756,VULNERABLE (Mixed)
48695,Etihad Atheeb Telecom Company,SA,49,VULNERABLE,68.99591836734695,57.14285714285714,22.448979591836736,Unknown
141731,Max Hub Limited,BD,49,VULNERABLE,98.23265306122448,95.91836734693877,0.0,UNPROTECTED CAPITAL (Tragedy)
18002,World Phone Internet Services Pvt. Ltd,IN,49,VULNERABLE,84.4857142857143,77.55102040816327,8.16326530612245,Unknown
31277,OOO New Line Telecom,RU,48,VULNERABLE,48.79583333333333,47.91666666666667,50.0,Unknown
52721,TOLEDO FIBRA TELECOMUNICAÇAO LTDA,BR,48,VULNERABLE,27.066666666666663,18.75,68.75,Unknown
34250,"""Uzbektelekom"" Joint Stock Company",UZ,48,VULNERABLE,67.03750000000001,50.0,22.916666666666664,Unknown
13351,Barbourville Utility Commission,US,48,VULNERABLE,47.614583333333336,39.58333333333333,45.83333333333333,Unknown
12637,Seeweb s.r.l.,IT,48,VULNERABLE,77.17708333333333,72.91666666666666,18.75,Unknown
12764,AKNET Ltd.,KG,48,VULNERABLE,96.35625,89.58333333333334,0.0,Unknown
263080,GTi TELECOMUNICACOES S/A,BR,48,SECURE,48.175000000000004,41.66666666666667,45.83333333333333,SECURE (Transitioning)
264998,SQUID NET TELECOMUNICACOES LTDA ME,BR,48,VULNERABLE,36.725,33.33333333333333,58.333333333333336,Unknown
3300,British Telecommunications PLC,GB,48,VULNERABLE,11.066666666666668,6.25,83.33333333333334,Unknown
393444,Accelecom,US,48,SECURE,45.53125,37.5,47.91666666666667,SECURE (Transitioning)
42440,Rayaneh Danesh Golestan Complex P.J.S. Co.,IR,48,VULNERABLE,87.45833333333333,85.41666666666666,10.416666666666668,UNPROTECTED CAPITAL (Tragedy)
6619,SamsungSDS Inc.,KR,48,VULNERABLE,37.6875,31.25,58.333333333333336,Unknown
150748,Gmax,BD,48,VULNERABLE,98.6125,93.75,0.0,Unknown
395475,SnowCloud Services LLC,US,48,VULNERABLE,14.706249999999999,12.5,83.33333333333334,THE SWAMP (Wild West)
52928,JANAJÁ SERVIÇOS LTDA,BR,48,VULNERABLE,40.15625,37.5,58.333333333333336,Unknown
264996,SERVLINK TELECOM LTDA - ME,BR,48,VULNERABLE,43.62083333333334,39.58333333333333,52.083333333333336,Unknown
264589,AGRESTE LINK,BR,48,VULNERABLE,37.61875,33.33333333333333,56.25,Unknown
7782,"Alaska Communications Systems Group, Inc.",US,48,VULNERABLE,15.079166666666666,12.5,83.33333333333334,Unknown
12301,Invitech ICT Services Kft.,HU,48,SECURE,78.87708333333333,72.91666666666666,16.666666666666664,HERD IMMUNITY (Ideal)
25645,"Momentum Telecom, Inc.",US,47,VULNERABLE,45.3936170212766,38.297872340425535,48.93617021276596,Unknown
266525,Eurocorp Vialux Internet Eireli,BR,47,VULNERABLE,26.26595744680851,23.404255319148938,72.3404255319149,Unknown
22645,LEARN,US,47,VULNERABLE,15.389361702127658,14.893617021276595,82.97872340425532,Unknown
12703,Pulsant (Scotland) Ltd,GB,47,VULNERABLE,32.797872340425535,29.78723404255319,65.95744680851064,Unknown
3262,"SAREnet, S.A.",ES,47,SECURE,65.17659574468085,61.702127659574465,34.04255319148936,SECURE (Transitioning)
198890,Albanian Fiber Telecommunications SHPK,AL,47,VULNERABLE,86.2404255319149,76.59574468085107,10.638297872340425,Unknown
62365,SachsenGigaBit GmbH,DE,47,VULNERABLE,51.261702127659575,51.06382978723404,46.808510638297875,Unknown
18233,Philippine Telegraph & Telephone Corporation,PH,47,VULNERABLE,44.45531914893616,40.42553191489361,48.93617021276596,Unknown
60610,Amito Ltd,GB,47,VULNERABLE,34.04468085106383,29.78723404255319,63.829787234042556,Unknown
50928,PJSC MegaFon,RU,47,VULNERABLE,17.117021276595743,17.02127659574468,82.97872340425532,Unknown
12722,RECONN LLC,RU,47,VULNERABLE,27.806382978723406,25.53191489361702,70.2127659574468,Unknown
16097,HL komm Telekommunikations GmbH,DE,47,VULNERABLE,52.227659574468085,51.06382978723404,46.808510638297875,Unknown
400480,"Momentum Telecom, Inc.",US,47,VULNERABLE,47.236170212765956,38.297872340425535,46.808510638297875,VULNERABLE (Mixed)
2588,Bite Latvia,LV,47,VULNERABLE,70.9191489361702,70.2127659574468,27.659574468085108,Unknown
14618,"Amazon.com, Inc.",US,47,SECURE,71.85957446808511,68.08510638297872,23.404255319148938,HERD IMMUNITY (Ideal)
262342,WZNET TELECOM LTDA,BR,46,SECURE,39.85217391304347,32.608695652173914,54.347826086956516,SECURE (Transitioning)
5550,"Technical University of Gdansk, Academic Computer Center TASK",PL,46,VULNERABLE,43.01304347826087,36.95652173913043,52.17391304347826,VULNERABLE (Mixed)
28178,Networld Provedor e Servicos de Internet Ltda,BR,46,SECURE,32.891304347826086,28.26086956521739,65.21739130434783,SECURE (Transitioning)
16322,Parsan Lin Co. PJS,IR,46,VULNERABLE,86.91304347826087,84.78260869565217,10.869565217391305,Unknown
215787,TELE90 Telecom GmbH,DE,46,VULNERABLE,62.63478260869565,52.17391304347826,28.26086956521739,Unknown
264991,BOMFIM E SOUSA LTDA,BR,46,VULNERABLE,36.14782608695652,32.608695652173914,58.69565217391305,Unknown
39563,CTA Systems B.V.,NL,46,VULNERABLE,82.17391304347827,80.43478260869566,17.391304347826086,Unknown
28145,RLINE - Soluções Inteligentes,BR,46,SECURE,85.39565217391304,82.6086956521739,13.043478260869565,HERD IMMUNITY (Ideal)
12615,Global Communication Net Plc,BG,46,VULNERABLE,91.07391304347826,84.78260869565217,4.3478260869565215,Unknown
274464,NEXUSLINK DATACENTER LTDA,BR,46,VULNERABLE,40.495652173913044,36.95652173913043,54.347826086956516,VULNERABLE (Mixed)
264221,ONLINE NORTE TELECOM LTDA,BR,46,VULNERABLE,41.82608695652174,28.26086956521739,47.82608695652174,Unknown
274661,MEGA ROUTER TELECOM,BR,46,VULNERABLE,53.178260869565214,50.0,43.47826086956522,VULNERABLE (Mixed)
6429,Telmex Chile Internet S.A.,CL,46,VULNERABLE,65.03695652173913,52.17391304347826,28.26086956521739,Unknown
59105,Home NOC Operators Group,JP,46,SECURE,60.96304347826087,56.52173913043478,36.95652173913043,SECURE (Transitioning)
41820,New Information Systems PP,UA,46,VULNERABLE,73.55,71.73913043478261,23.91304347826087,Unknown
150596,Mynext Broadband Services Pvt Ltd,IN,46,VULNERABLE,86.18260869565216,80.43478260869566,10.869565217391305,UNPROTECTED CAPITAL (Tragedy)
49981,WorldStream B.V.,NL,45,SECURE,81.77777777777777,80.0,17.77777777777778,HERD IMMUNITY (Ideal)
264320,STYLOSNET,BR,45,VULNERABLE,36.95111111111111,33.33333333333333,57.77777777777777,VULNERABLE (Mixed)
272437,USE CONECT,BR,45,VULNERABLE,39.17333333333333,35.55555555555556,55.55555555555556,VULNERABLE (Mixed)
272792,CENTRAIS VOIP LTDA ME,BR,45,VULNERABLE,39.17333333333333,35.55555555555556,55.55555555555556,VULNERABLE (Mixed)
11096,FloridaNet,US,45,SECURE,7.926666666666667,6.666666666666667,91.11111111111111,WASTED PROTECTION (Glass House Cone)
264398,Neojaime Oliveira Ribeiro LTDA,BR,45,VULNERABLE,52.13777777777777,48.888888888888886,44.44444444444444,Unknown
265130,FIBRA EMPRESAS LTDA,BR,45,VULNERABLE,38.748888888888885,33.33333333333333,55.55555555555556,Unknown
44735,Nova hf,IS,45,VULNERABLE,70.0911111111111,64.44444444444444,26.666666666666668,Unknown
13765,Nedelco Inc.,US,45,VULNERABLE,56.786666666666676,44.44444444444444,31.11111111111111,Unknown
12732,GutCon GmbH,DE,45,VULNERABLE,50.98666666666667,48.888888888888886,46.666666666666664,Unknown
53014,Narayana Provedor de Internet Ltda,BR,45,VULNERABLE,39.17333333333333,35.55555555555556,55.55555555555556,VULNERABLE (Mixed)
24875,NovoServe B.V.,NL,45,SECURE,82.61555555555555,68.88888888888889,11.11111111111111,HERD IMMUNITY (Ideal)
24691,"TogoTelecom, Togo",TG,45,VULNERABLE,30.906666666666666,31.11111111111111,68.88888888888889,VULNERABLE (Mixed)
855,Bell Canada,CA,45,SECURE,48.911111111111104,37.77777777777778,44.44444444444444,SECURE (Transitioning)
264556,GARCIA NET TELECOM,BR,45,SECURE,31.72222222222222,28.888888888888886,66.66666666666666,SECURE (Transitioning)
16713,Northwest Open Access Network,US,45,VULNERABLE,31.782222222222217,26.666666666666668,64.44444444444444,Unknown
12831,"Technical University of Gdansk, Academic Computer Center TASK",PL,45,VULNERABLE,42.85777777777778,37.77777777777778,53.333333333333336,Unknown
28210,GIGA MAIS FIBRA TELECOMUNICACOES S.A.,BR,44,VULNERABLE,39.77045454545455,34.090909090909086,54.54545454545454,Unknown
10490,Georgia Institute of Technology,US,44,SECURE,17.706818181818182,15.909090909090908,79.54545454545455,WASTED PROTECTION (Glass House Cone)
135817,ESTO MEDIA PRIVATE LIMITED,IN,44,VULNERABLE,87.72727272727273,84.0909090909091,9.090909090909092,Unknown
268186,InterOuro Telecom,BR,44,VULNERABLE,40.33863636363637,34.090909090909086,52.27272727272727,VULNERABLE (Mixed)
2107,ARNES,SI,44,SECURE,4.545454545454546,4.545454545454546,95.45454545454545,WASTED PROTECTION (Glass House Cone)
33154,DQE Communications LLC,US,44,SECURE,23.670454545454547,15.909090909090908,72.72727272727273,WASTED PROTECTION (Glass House Cone)
31898,Oracle Cloud,US,44,VULNERABLE,37.39545454545455,31.818181818181817,59.09090909090909,Unknown
61622,VIA MS SOLUCOES DIGITAIS,BR,44,VULNERABLE,42.61136363636364,34.090909090909086,47.72727272727273,Unknown
263022,CARIRIWEB PROVEDORES DE INTERNET LTDA,BR,44,SECURE,40.06363636363636,36.36363636363637,54.54545454545454,SECURE (Transitioning)
38887,NAB Investment Holdings Pty Ltd,AU,44,VULNERABLE,94.72727272727273,88.63636363636364,2.272727272727273,Unknown
267548,W P DE LIMA - ME,BR,44,VULNERABLE,37.79090909090909,34.090909090909086,56.81818181818182,VULNERABLE (Mixed)
8492,"""OBIT"" Ltd.",RU,44,VULNERABLE,46.45681818181818,45.45454545454545,52.27272727272727,Unknown
268101,MIO TELECOM LTDA,BR,44,VULNERABLE,40.06363636363636,36.36363636363637,54.54545454545454,VULNERABLE (Mixed)
23910,China Next Generation Internet CERNET2,CN,44,VULNERABLE,6.840909090909091,4.545454545454546,88.63636363636364,Unknown
268011,S.BARROS DE SOUZA-ME,BR,43,VULNERABLE,38.669767441860465,34.883720930232556,55.81395348837209,VULNERABLE (Mixed)
268925,TELLCORP - TELECOMUNICACOES CORPORATIVAS LTDA,BR,43,SECURE,49.91162790697674,46.51162790697674,46.51162790697674,SECURE (Transitioning)
264120,G20 Telecomunicacoes Ltda,BR,43,VULNERABLE,44.95813953488371,37.2093023255814,48.837209302325576,Unknown
272277,Dupla - Net,BR,43,VULNERABLE,38.669767441860465,34.883720930232556,55.81395348837209,VULNERABLE (Mixed)
265385,Interline Provedor,BR,43,VULNERABLE,38.669767441860465,34.883720930232556,55.81395348837209,VULNERABLE (Mixed)
265144,MCD INFORMATICA E TELECOMUNICACOES LTDA - ME,BR,43,VULNERABLE,41.276744186046514,34.883720930232556,51.162790697674424,Unknown
270477,UFO TELECOM COMUNICAÇÃO DE MULTIMIDIA EIRELI,BR,43,VULNERABLE,38.669767441860465,34.883720930232556,55.81395348837209,VULNERABLE (Mixed)
267451,FUTURE DIGITAL,BR,43,VULNERABLE,38.669767441860465,34.883720930232556,55.81395348837209,VULNERABLE (Mixed)
273777,BC Net,BR,43,VULNERABLE,38.669767441860465,34.883720930232556,55.81395348837209,VULNERABLE (Mixed)
272436,TERCIO FELIPE LOURENCO PEREIRA,BR,43,VULNERABLE,38.669767441860465,34.883720930232556,55.81395348837209,VULNERABLE (Mixed)
269383,FIRST NET TELECOMUNICACOES LTDA,BR,43,VULNERABLE,38.669767441860465,34.883720930232556,55.81395348837209,VULNERABLE (Mixed)
22335,Metropolitan Research and Education Network,US,43,VULNERABLE,7.64186046511628,4.651162790697675,90.69767441860465,THE SWAMP (Wild West)
329437,VENNET SOLUTIONS LIMITED,KE,43,VULNERABLE,50.61860465116279,44.18604651162791,44.18604651162791,Unknown
53703,KwiKom Communications,US,43,VULNERABLE,43.67441860465116,30.23255813953488,48.837209302325576,VULNERABLE (Mixed)
270460,LIVENET NETWORKS LTDA,BR,43,VULNERABLE,40.6953488372093,34.883720930232556,53.48837209302325,VULNERABLE (Mixed)
264960,R L GUIMARAES TELECOMUNICACAO - ME,BR,43,VULNERABLE,38.669767441860465,34.883720930232556,55.81395348837209,VULNERABLE (Mixed)
266396,M DE L FEITOSA & CIA LTDA,BR,43,SECURE,38.669767441860465,34.883720930232556,55.81395348837209,SECURE (Transitioning)
266935,CENTROSULNET INFORMATICA EIRELI,BR,43,VULNERABLE,38.669767441860465,34.883720930232556,55.81395348837209,VULNERABLE (Mixed)
37204,Telone PVT Ltd,ZW,42,VULNERABLE,33.06666666666666,28.57142857142857,64.28571428571429,Unknown
27712,Paulo Dias de Araujo Filho,BR,42,VULNERABLE,37.36904761904762,33.33333333333333,57.14285714285714,Unknown
13415,"FirstDigital Communications, LLC",US,42,VULNERABLE,29.873809523809523,26.190476190476193,66.66666666666666,Unknown
266136,R.A INTERNET,BR,42,VULNERABLE,38.98571428571429,28.57142857142857,52.38095238095239,Unknown
49788,Nexthop AS,NO,42,VULNERABLE,31.86904761904762,28.57142857142857,64.28571428571429,Unknown
26613,CORPORACION NACIONAL DE TELECOMUNICACIONES - CNT EP,EC,42,SECURE,92.7642857142857,85.71428571428571,4.761904761904762,HERD IMMUNITY (Ideal)
271482,Mega Telecom Ltda,BR,42,VULNERABLE,39.59047619047619,35.714285714285715,54.761904761904766,VULNERABLE (Mixed)
274087,FIBERLINK E.I.R.L.,PE,42,VULNERABLE,70.28095238095239,59.523809523809526,21.428571428571427,UNPROTECTED CAPITAL (Tragedy)
13329,"Kansas Fiber Network, LLC",US,42,SECURE,42.766666666666666,30.952380952380953,50.0,SECURE (Transitioning)
42739,Hawe Telekom S.A. in Restructuring,PL,42,VULNERABLE,60.416666666666664,54.761904761904766,33.33333333333333,Unknown
48173,Orange Business Digital Germany GmbH,DE,42,VULNERABLE,80.95238095238095,80.95238095238095,19.047619047619047,Unknown
271345,ND TELECOM FIBRA,BR,42,VULNERABLE,37.20952380952381,33.33333333333333,57.14285714285714,VULNERABLE (Mixed)
268314,SUPORTI TELECOM,BR,42,VULNERABLE,39.59047619047619,35.714285714285715,54.761904761904766,Unknown
28683,SOCIETE BENINOISE D'INFRASTRUCTURES NUMERIQUES,BJ,41,VULNERABLE,26.634146341463413,26.82926829268293,73.17073170731707,Unknown
63199,"CDS Global Cloud Co., Ltd",US,41,SECURE,67.12926829268292,39.02439024390244,19.51219512195122,SECURE (Transitioning)
142271,EWS DS Networks Inc,PH,41,VULNERABLE,94.72682926829269,92.6829268292683,2.4390243902439024,Unknown
2860,"NOS COMUNICACOES, S.A.",PT,41,SECURE,49.22439024390244,41.46341463414634,46.34146341463415,SECURE (Transitioning)
61659,godnet telecom,BR,41,VULNERABLE,42.52926829268293,36.58536585365854,51.21951219512195,VULNERABLE (Mixed)
264294,Ora Servicos de Telecomunicacoes Ltda,BR,41,VULNERABLE,34.25365853658537,26.82926829268293,58.536585365853654,Unknown
264112,CAMON PROVEDOR,BR,41,VULNERABLE,36.33902439024391,29.268292682926827,56.09756097560976,Unknown
264288,GNET PROVEDOR,BR,41,VULNERABLE,32.51951219512195,31.70731707317073,65.85365853658537,Unknown
265036,BMJnet Telecom,BR,41,VULNERABLE,42.52926829268293,36.58536585365854,51.21951219512195,Unknown
138466,"DataMossa Co., Ltd.",TH,41,VULNERABLE,95.73414634146341,90.2439024390244,2.4390243902439024,Unknown
268737,CONECT TELECOM COMUNICAÇÃO LTDA,BR,41,VULNERABLE,26.80975609756097,17.073170731707318,68.29268292682927,THE SWAMP (Wild West)
43641,SOLLUTIUM EU Sp z.o.o.,PL,41,VULNERABLE,54.765853658536585,48.78048780487805,41.46341463414634,Unknown
21219,"PRIVATE JOINT STOCK COMPANY ""DATAGROUP""",UA,41,SECURE,43.380487804878044,41.46341463414634,53.65853658536586,SECURE (Transitioning)
328316,Point d'Atterissement Virtuel - Burkina Faso,BF,41,VULNERABLE,40.334146341463416,34.146341463414636,56.09756097560976,Unknown
29169,GANDI SAS,FR,41,SECURE,75.84146341463415,65.85365853658537,19.51219512195122,HERD IMMUNITY (Ideal)
25933,Vogel Soluções em Telecom e Informática S/A,BR,41,SECURE,9.892682926829268,9.75609756097561,90.2439024390244,WASTED PROTECTION (Glass House Cone)
50304,Blix Solutions AS,NO,41,SECURE,55.09268292682927,46.34146341463415,39.02439024390244,SECURE (Transitioning)
6736,Institute for Research in Fundamental Sciences,IR,41,VULNERABLE,79.18536585365854,73.17073170731707,12.195121951219512,Unknown
24631,Tose'h Fanavari Ertebabat Pasargad Arian Co. PJS,IR,41,VULNERABLE,86.64390243902439,75.60975609756098,7.317073170731707,UNPROTECTED CAPITAL (Tragedy)
38182,Extreme Broadband,MY,41,VULNERABLE,76.57317073170732,73.17073170731707,19.51219512195122,Unknown
396450,Internet2,US,41,VULNERABLE,28.51951219512195,21.951219512195124,63.41463414634146,THE SWAMP (Wild West)
30110,Advanced Communications Technology,US,41,VULNERABLE,43.56341463414635,39.02439024390244,48.78048780487805,Unknown
6621,"Hughes Network Systems, LLC",US,41,SECURE,52.582926829268295,39.02439024390244,34.146341463414636,SECURE (Transitioning)
273000,Telcom Mikrotik Peru S.A.C.,PE,41,SECURE,71.50731707317074,60.97560975609756,21.951219512195124,HERD IMMUNITY (Ideal)
4181,TDS TELECOM,US,41,SECURE,30.14390243902439,26.82926829268293,63.41463414634146,SECURE (Transitioning)
5568,"Join-stock company ""Internet Exchange""MSK-IX""",RU,40,VULNERABLE,49.154999999999994,35.0,42.5,VULNERABLE (Mixed)
8985,"Join-stock company ""Internet Exchange""MSK-IX""",RU,40,VULNERABLE,46.932500000000005,35.0,45.0,Unknown
25394,MK Netzdienste Verwaltungs GmbH trading as MK Netzdienste GmbH & Co. KG,DE,40,SECURE,45.715,40.0,50.0,SECURE (Transitioning)
265482,NET EXPRESS BRASIL LTDA - ME,BR,40,VULNERABLE,36.625,35.0,60.0,Unknown
60159,EUROLINE UKRAINE LLC,UA,40,VULNERABLE,66.765,60.0,27.500000000000004,Unknown
3316,"Join-stock company ""Internet Exchange""MSK-IX""",RU,40,VULNERABLE,47.0575,35.0,45.0,Unknown
9425,Future Internet Technology Infrastructure (FITI),CN,40,VULNERABLE,0.0,0.0,100.0,THE SWAMP (Wild West)
264275,ROLIM NET TECNOLOGIA LTDA,BR,40,SECURE,45.24,40.0,50.0,SECURE (Transitioning)
269416,SEMEAR TELECOM EIRELI,BR,40,SECURE,36.9375,32.5,60.0,SECURE (Transitioning)
269558,CONECT SOLUCTION,BR,40,VULNERABLE,22.29,15.0,70.0,Unknown
38272,China Education and Research Network (CERNET),CN,40,VULNERABLE,0.0,0.0,100.0,THE SWAMP (Wild West)
263151,CONECT TELECOM,BR,40,VULNERABLE,46.2475,40.0,47.5,Unknown
270358,FUSION TELECOM,BR,40,VULNERABLE,38.39,30.0,55.00000000000001,Unknown
135718,DISHAWAVES INFONET PVT. LTD,IN,40,VULNERABLE,99.39750000000001,97.5,0.0,UNPROTECTED CAPITAL (Tragedy)
139089,MT Networks LLC,MN,40,VULNERABLE,98.1275,92.5,0.0,Unknown
204457,Atlantis Telekomunikasyon Bilisim Hizmetleri San. Tic. Ltd,TR,40,VULNERABLE,93.3625,90.0,2.5,Unknown
52229,Telecel S.A.,PY,39,VULNERABLE,56.030769230769224,53.84615384615385,43.58974358974359,Unknown
43139,Maximum-Net LLC,UA,39,VULNERABLE,50.37435897435898,43.58974358974359,41.02564102564102,Unknown
273133,CONEX TV E.I.R.L.,PE,39,SECURE,72.0,61.53846153846154,23.076923076923077,HERD IMMUNITY (Ideal)
35680,Volia-Cable LLC,UA,39,SECURE,67.29743589743589,61.53846153846154,30.76923076923077,SECURE (Transitioning)
33771,Safaricom Limited,KE,39,VULNERABLE,20.243589743589745,17.94871794871795,79.48717948717949,Unknown
30036,Mediacom Communications Corp,US,39,VULNERABLE,17.94871794871795,17.94871794871795,82.05128205128204,Unknown
25504,Vautron Rechenzentrum AG,DE,39,VULNERABLE,59.77435897435897,51.28205128205128,30.76923076923077,Unknown
31877,Accelecom,US,39,SECURE,11.974358974358974,7.6923076923076925,84.61538461538461,WASTED PROTECTION (Glass House Cone)
26415,VeriSign Global Registry Services,US,39,VULNERABLE,0.0,0.0,100.0,Unknown
19754,"The Fusion Network, LLC",US,39,VULNERABLE,19.22051282051282,10.256410256410255,74.35897435897436,Unknown
22974,Charter Communications LLC,US,39,VULNERABLE,20.146153846153847,15.384615384615385,76.92307692307693,THE SWAMP (Wild West)
23969,TOT Public Company Limited,TH,39,SECURE,85.94102564102565,66.66666666666666,2.564102564102564,HERD IMMUNITY (Ideal)
28008,Telecel S.A.,PY,39,VULNERABLE,56.030769230769224,53.84615384615385,43.58974358974359,VULNERABLE (Mixed)
263774,MARANDU COMUNICACIONES SOCIEDAD DEL ESTADO,AR,39,VULNERABLE,93.03076923076922,89.74358974358975,5.128205128205128,Unknown
21385,Trusted Network GmbH,DE,39,VULNERABLE,59.85128205128205,51.28205128205128,30.76923076923077,Unknown
10835,Visionary Communications LLC,US,39,VULNERABLE,41.95128205128205,38.46153846153847,51.28205128205128,Unknown
25233,ARABIAN INTERNET & COMMUNICATIONS SERVICES CO.LTD,SA,39,VULNERABLE,69.04615384615386,56.41025641025641,20.51282051282051,VULNERABLE (Mixed)
60976,Parsan Lin Co. PJS,IR,39,VULNERABLE,88.01538461538462,87.17948717948718,10.256410256410255,Unknown
52974,Henet Telecomunicacoes Ltda,BR,39,VULNERABLE,44.294871794871796,41.02564102564102,53.84615384615385,Unknown
32217,GPIEX INC,US,38,VULNERABLE,89.36052631578947,84.21052631578947,7.894736842105263,Unknown
1237,KISTI,KR,38,SECURE,7.894736842105263,7.894736842105263,92.10526315789474,WASTED PROTECTION (Glass House Cone)
22909,"Comcast Cable Communications, LLC",US,38,SECURE,21.344736842105267,18.421052631578945,71.05263157894737,WASTED PROTECTION (Glass House Cone)
81,MCNC,US,38,SECURE,46.16842105263158,39.473684210526315,47.368421052631575,SECURE (Transitioning)
394625,WhiteLabel IT Solutions Corp,US,38,VULNERABLE,89.36052631578947,84.21052631578947,7.894736842105263,Unknown
263025,ISPTEC Sistemas de Comunicação Eireli,BR,38,VULNERABLE,29.694736842105264,23.684210526315788,68.42105263157895,Unknown
17579,KISTI,KR,38,VULNERABLE,7.802631578947368,7.894736842105263,92.10526315789474,THE SWAMP (Wild West)
59162,U.P. COMMUNICATION SERVICES PVT LTD,IN,38,VULNERABLE,83.99473684210527,78.94736842105263,13.157894736842104,Unknown
268106,Link Speed,BR,38,VULNERABLE,30.984210526315792,21.052631578947366,60.526315789473685,Unknown
39326,Syntura Group Limited,GB,38,SECURE,46.30526315789474,39.473684210526315,50.0,SECURE (Transitioning)
6325,Illinois Century Network,US,38,VULNERABLE,6.578947368421052,5.263157894736842,92.10526315789474,Unknown
22911,"SINAP-TIX, LLC",US,38,SECURE,18.260526315789473,13.157894736842104,76.31578947368422,WASTED PROTECTION (Glass House Cone)
1653,Vetenskapsrådet / SUNET,EU,38,SECURE,35.57105263157895,28.947368421052634,57.89473684210527,SECURE (Transitioning)
23201,TIGO Paraguay,PY,38,VULNERABLE,54.87894736842105,52.63157894736842,44.73684210526316,Unknown
9670,Manila Internet Exchange,PH,37,VULNERABLE,45.65945945945946,40.54054054054054,45.94594594594595,VULNERABLE (Mixed)
209307,LLC Cifrovie Seti Urala,RU,37,VULNERABLE,41.44054054054054,40.54054054054054,56.75675675675676,Unknown
16904,Arvig Enterprises Inc.,US,37,SECURE,26.802702702702703,24.324324324324326,70.27027027027027,WASTED PROTECTION (Glass House Cone)
28338,Net Botanic Internet Inteligente SA,BR,37,VULNERABLE,34.054054054054056,32.432432432432435,64.86486486486487,VULNERABLE (Mixed)
131274,Cypresstel Global Network,HK,37,VULNERABLE,26.48918918918919,18.91891891891892,62.16216216216216,THE SWAMP (Wild West)
262645,BrasilNET Telecomunicações do Parana LTDA,BR,37,VULNERABLE,29.0,21.62162162162162,62.16216216216216,Unknown
37315,Cipherwave,ZA,37,VULNERABLE,53.14594594594595,51.35135135135135,45.94594594594595,Unknown
12849,Hot-Net internet services Ltd.,IL,37,SECURE,49.45135135135135,43.24324324324324,45.94594594594595,SECURE (Transitioning)
16246,"O2 Czech Republic, a.s.",CZ,37,VULNERABLE,74.22702702702703,70.27027027027027,24.324324324324326,Unknown
25512,CD-Telematika a.s.,CZ,37,SECURE,84.83513513513512,78.37837837837837,10.81081081081081,HERD IMMUNITY (Ideal)
58439,ICNC LLC,MN,37,VULNERABLE,97.97567567567567,91.8918918918919,0.0,UNPROTECTED CAPITAL (Tragedy)
273490,FIBRION INTERNET LTDA,BR,37,SECURE,31.821621621621624,24.324324324324326,59.45945945945946,SECURE (Transitioning)
10242,US Internet Corp,US,37,VULNERABLE,38.586486486486486,29.72972972972973,54.054054054054056,Unknown
262186,TV AZTECA SUCURSAL COLOMBIA,CO,37,VULNERABLE,63.4054054054054,56.75675675675676,32.432432432432435,Unknown
43289,Trabia SRL,MD,37,SECURE,69.05405405405405,64.86486486486487,27.027027027027028,SECURE (Transitioning)
9255,Singapore Telecom,SG,37,VULNERABLE,24.216216216216218,21.62162162162162,70.27027027027027,Unknown
393238,"ImOn Communications, LLC",US,37,SECURE,35.2945945945946,27.027027027027028,54.054054054054056,SECURE (Transitioning)
27589,MOJOHOST,US,37,VULNERABLE,15.854054054054055,8.108108108108109,75.67567567567568,Unknown
210838,Nama Engineering & Projects (FZC),AE,36,VULNERABLE,69.73055555555555,55.55555555555556,22.22222222222222,VULNERABLE (Mixed)
45179,SiteHost New Zealand,NZ,36,VULNERABLE,95.14166666666667,88.88888888888889,2.7777777777777777,Unknown
48728,Vodafone Qatar P.Q.S.C,QA,36,VULNERABLE,68.68055555555556,52.77777777777778,19.444444444444446,Unknown
270548,AGI TELECOM LTDA,BR,36,VULNERABLE,44.44166666666667,36.11111111111111,47.22222222222222,Unknown
263411,ONIX TELECOM,BR,36,SECURE,32.22222222222222,30.555555555555557,66.66666666666666,SECURE (Transitioning)
151404,3GO TECHNOLOGY PTE. LTD.,SG,36,VULNERABLE,90.79722222222222,77.77777777777779,0.0,Unknown
19523,FlexNetworks,CA,36,VULNERABLE,43.044444444444444,30.555555555555557,47.22222222222222,Unknown
268503,L.L Informatica LTDA - ME,BR,36,VULNERABLE,21.755555555555556,13.88888888888889,69.44444444444444,Unknown
12687,User Association of Ukrainian Research and Academic Network URAN,UA,36,SECURE,77.06666666666666,66.66666666666666,19.444444444444446,HERD IMMUNITY (Ideal)
29670,"Individual Network Berlin (""IN-Berlin"") e.V.",DE,36,SECURE,47.22222222222222,47.22222222222222,52.77777777777778,SECURE (Transitioning)
8422,NetCologne,DE,36,SECURE,37.99722222222223,36.11111111111111,61.111111111111114,SECURE (Transitioning)
34241,New Communication Technologies LLC,RU,36,VULNERABLE,86.11111111111111,86.11111111111111,13.88888888888889,Unknown
51465,M3.NET Sp. z o.o. / Fixmap Group,PL,36,VULNERABLE,45.0,30.555555555555557,47.22222222222222,Unknown
8434,Telenor Sverige AB,SE,36,SECURE,73.21111111111112,66.66666666666666,22.22222222222222,HERD IMMUNITY (Ideal)
30962,comtrance service GmbH,DE,36,VULNERABLE,49.111111111111114,41.66666666666667,47.22222222222222,Unknown
8470,JSC Macomnet,RU,36,VULNERABLE,28.241666666666667,25.0,69.44444444444444,Unknown
55996,CYPRESS TELECOM (CHINA) LIMITED,CN,36,VULNERABLE,27.061111111111114,19.444444444444446,61.111111111111114,THE SWAMP (Wild West)
268988,MULTINET TELECOM LTDA,BR,36,SECURE,35.0,33.33333333333333,63.888888888888886,SECURE (Transitioning)
25248,RADIOKOMUNIKACE a.s.,CZ,36,SECURE,53.80833333333333,50.0,44.44444444444444,SECURE (Transitioning)
9658,"Eastern Telecommunications Philippines, Inc.",PH,36,VULNERABLE,44.36666666666667,38.88888888888889,47.22222222222222,Unknown
133453,Mogul Service LLC,MN,35,VULNERABLE,97.86,91.42857142857143,0.0,UNPROTECTED CAPITAL (Tragedy)
263930,Mgcom Network Ltda-ME,BR,35,VULNERABLE,58.33142857142857,42.857142857142854,28.57142857142857,VULNERABLE (Mixed)
207252,Felix Gassan,DE,35,SECURE,31.428571428571427,28.57142857142857,65.71428571428571,SECURE (Transitioning)
265705,HUGHES DE COLOMBIA S.A.S.,CO,35,SECURE,55.77428571428571,42.857142857142854,31.428571428571427,SECURE (Transitioning)
42705,Talia Limited,GB,35,VULNERABLE,69.43714285714285,57.14285714285714,22.857142857142858,VULNERABLE (Mixed)
142539,Shunkhlai Group,MN,35,VULNERABLE,97.86,91.42857142857143,0.0,UNPROTECTED CAPITAL (Tragedy)
12843,TelemaxX Telekommunikation GmbH,DE,35,VULNERABLE,79.66571428571429,74.28571428571429,17.142857142857142,Unknown
263934,InfoRR Solucoes em Tecnologia,BR,35,SECURE,26.662857142857145,17.142857142857142,65.71428571428571,WASTED PROTECTION (Glass House Cone)
27717,Corporacion Digitel C.A.,VE,35,VULNERABLE,59.08857142857144,48.57142857142857,34.285714285714285,VULNERABLE (Mixed)
62206,Pitline Ltd,UA,35,VULNERABLE,75.28571428571429,68.57142857142857,20.0,Unknown
52489,TELEFÓNICA CHILE S.A.,CL,35,VULNERABLE,55.47428571428571,40.0,31.428571428571427,VULNERABLE (Mixed)
264123,TELEFONICA GLOBAL SOLUTIONS BRASIL LTDA,BR,35,VULNERABLE,58.33142857142857,42.857142857142854,28.57142857142857,VULNERABLE (Mixed)
14522,Satnet,EC,35,VULNERABLE,91.32285714285713,82.85714285714286,5.714285714285714,Unknown
37288,West and Central African Research Network,SN,35,VULNERABLE,9.034285714285714,8.571428571428571,88.57142857142857,Unknown
22724,PUNTONET S.A.,EC,35,VULNERABLE,91.7,85.71428571428571,5.714285714285714,Unknown
200461,Ian David Klemm,DE,35,VULNERABLE,34.42285714285715,28.57142857142857,62.857142857142854,VULNERABLE (Mixed)
262182,TELEFONICA GLOBAL SOLUTIONS PERU S.A.C.,PE,35,VULNERABLE,55.994285714285716,42.857142857142854,31.428571428571427,Unknown
264943,VIARAPIDA TELECOMUNICAÇÕES LTDA - ME,BR,35,VULNERABLE,43.71142857142858,34.285714285714285,48.57142857142857,Unknown
200185,Aruba S.p.A.,IT,35,SECURE,57.25714285714287,42.857142857142854,34.285714285714285,SECURE (Transitioning)
61945,PIX BRASIL NETWORKS LTDA,BR,35,SECURE,40.0,40.0,60.0,SECURE (Transitioning)
262821,PHS INTERNET E SUPRIMENTOS LTDA - ME,BR,35,SECURE,39.40571428571429,37.142857142857146,60.0,SECURE (Transitioning)
262688,MHNET TELECOM,BR,35,VULNERABLE,39.40571428571429,37.142857142857146,60.0,VULNERABLE (Mixed)
8585,Crnogorski Telekom a.d.Podgorica,ME,35,SECURE,86.30857142857144,80.0,11.428571428571429,HERD IMMUNITY (Ideal)
267059,NETVIP MT,BR,34,SECURE,38.23529411764706,38.23529411764706,61.76470588235294,SECURE (Transitioning)
267669,JKS INTERNET BANDA LARGA,BR,34,VULNERABLE,42.64411764705883,35.294117647058826,50.0,Unknown
61678,NETWAY INFORMATICA LTDA,BR,34,SECURE,41.88529411764706,38.23529411764706,55.88235294117647,SECURE (Transitioning)
141681,ONDO LLC,MN,34,SECURE,97.79705882352943,91.17647058823529,0.0,HERD IMMUNITY (Ideal)
42927,S-NET Sp. z o.o.,PL,34,VULNERABLE,49.75588235294118,44.11764705882353,44.11764705882353,Unknown
151552,PT Threego Technology Indonesia,ID,34,SECURE,90.25588235294119,76.47058823529412,0.0,HERD IMMUNITY (Ideal)
137982,BOW LLC,MN,34,SECURE,97.79705882352943,91.17647058823529,0.0,HERD IMMUNITY (Ideal)
5432,Proximus NV,BE,34,SECURE,24.61764705882353,23.52941176470588,70.58823529411765,WASTED PROTECTION (Glass House Cone)
56038,RackCorp,AU,34,VULNERABLE,98.4764705882353,94.11764705882352,0.0,Unknown
10219,Skymedia Corporation,MN,34,SECURE,97.79705882352943,91.17647058823529,0.0,HERD IMMUNITY (Ideal)
45204,GEMNET LLC,MN,34,SECURE,98.46470588235294,94.11764705882352,0.0,HERD IMMUNITY (Ideal)
265721,Cable Atlantico SRL,DO,34,VULNERABLE,52.9264705882353,44.11764705882353,38.23529411764706,VULNERABLE (Mixed)
134356,"NBC Co.,Ltd",MN,34,SECURE,97.79705882352943,91.17647058823529,0.0,HERD IMMUNITY (Ideal)
38869,Skynetworks LLC,MN,34,SECURE,97.79705882352943,91.17647058823529,0.0,HERD IMMUNITY (Ideal)
4850,Digicom LLC,MN,34,SECURE,97.79705882352943,91.17647058823529,0.0,HERD IMMUNITY (Ideal)
135033,BodiSystems Co. Ltd,MN,34,SECURE,97.79705882352943,91.17647058823529,0.0,HERD IMMUNITY (Ideal)
27928,Liberty Technologies Corp.,PA,34,VULNERABLE,68.83529411764707,58.82352941176471,26.47058823529412,VULNERABLE (Mixed)
10109,"Topica LLC, Internet Service Provider,Ulaanbaatar, Mongolia",MN,34,SECURE,97.79705882352943,91.17647058823529,0.0,HERD IMMUNITY (Ideal)
17882,UNIVISION LLC,MN,34,VULNERABLE,97.79705882352941,91.17647058823529,0.0,Unknown
270457,Edmilson Pereira da Silva Máquinas Me,BR,34,SECURE,41.1764705882353,41.17647058823529,58.82352941176471,SECURE (Transitioning)
17621,China Unicom Shanghai network,CN,34,VULNERABLE,27.591176470588238,20.588235294117645,64.70588235294117,Unknown
56293,Kewiko LLC,MN,34,SECURE,97.79705882352941,91.17647058823529,0.0,HERD IMMUNITY (Ideal)
10310,Yahoo Holdings Inc.,US,34,VULNERABLE,0.0,0.0,100.0,Unknown
61400,Start2 LLC,RU,34,VULNERABLE,43.300000000000004,38.23529411764706,52.94117647058824,Unknown
3342,Cibicom A/S,DK,34,SECURE,60.311764705882354,55.88235294117647,35.294117647058826,SECURE (Transitioning)
293,ESnet,US,34,VULNERABLE,35.911764705882355,32.35294117647059,61.76470588235294,Unknown
265406,Web River Telecom,BR,34,VULNERABLE,41.1764705882353,41.17647058823529,58.82352941176471,VULNERABLE (Mixed)
34696,"MISMELINK NETWORKS, SL",ES,34,VULNERABLE,95.15,91.17647058823529,2.941176470588235,Unknown
9789,"Datacom Co.,Ltd",MN,34,SECURE,97.79705882352943,91.17647058823529,0.0,HERD IMMUNITY (Ideal)
10241,"Options & Choices, Inc.",US,34,VULNERABLE,23.523529411764706,23.52941176470588,76.47058823529412,Unknown
38818,YOKOZUNANET LLC,MN,34,SECURE,98.38529411764706,94.11764705882352,0.0,HERD IMMUNITY (Ideal)
24320,"Railcom - Commercial Center,",MN,34,VULNERABLE,97.79705882352943,91.17647058823529,0.0,UNPROTECTED CAPITAL (Tragedy)
31034,Aruba S.p.A.,IT,34,VULNERABLE,56.367647058823536,44.11764705882353,35.294117647058826,Unknown
24496,"GNET Co.,Ltd Internet Service Provider Mongolia",MN,34,VULNERABLE,97.79705882352941,91.17647058823529,0.0,UNPROTECTED CAPITAL (Tragedy)
55408,Univision LLC. To TTK STM1 UPSTREAM PROVIDER,MN,34,SECURE,97.79705882352941,91.17647058823529,0.0,HERD IMMUNITY (Ideal)
55342,Homenet,MN,34,SECURE,97.79705882352943,91.17647058823529,0.0,HERD IMMUNITY (Ideal)
266072,GLOBAL TELECOMUNICACOES EIRELI - ME,BR,34,VULNERABLE,41.1764705882353,41.17647058823529,58.82352941176471,VULNERABLE (Mixed)
56301,National Data Center building,MN,34,VULNERABLE,97.79705882352941,91.17647058823529,0.0,UNPROTECTED CAPITAL (Tragedy)
14877,"FirstLight Fiber, Inc.",US,34,VULNERABLE,58.41764705882353,55.88235294117647,41.17647058823529,Unknown
5769,Videotron Ltee,CA,34,SECURE,56.029411764705884,41.17647058823529,35.294117647058826,SECURE (Transitioning)
56048,China Mobile Group Beijing Company,CN,34,VULNERABLE,9.802941176470588,8.823529411764707,88.23529411764706,Unknown
58726,iSATCOM,MN,34,SECURE,97.79705882352943,91.17647058823529,0.0,HERD IMMUNITY (Ideal)
58598,Mongolia,MN,34,SECURE,97.79705882352943,91.17647058823529,0.0,HERD IMMUNITY (Ideal)
139579,Mongolsat Networks LLC,MN,34,SECURE,97.79705882352941,91.17647058823529,0.0,HERD IMMUNITY (Ideal)
45237,Magicnet LLC,MN,34,SECURE,98.06470588235294,91.17647058823529,0.0,HERD IMMUNITY (Ideal)
9934,Mongolia Telecom,MN,34,SECURE,97.79705882352941,91.17647058823529,0.0,HERD IMMUNITY (Ideal)
11081,United Telecommunication Services (UTS),CW,33,VULNERABLE,54.93636363636364,42.42424242424242,36.36363636363637,VULNERABLE (Mixed)
37680,Cool Ideas Service Provider (Pty) Ltd,ZA,33,SECURE,57.45757575757576,57.57575757575758,42.42424242424242,SECURE (Transitioning)
41206,United Telecom Zartkoruen Mukodo Reszvenytarsasag,HU,33,VULNERABLE,78.30909090909091,69.6969696969697,15.151515151515152,Unknown
23856,SPTEL PTE. LTD.,SG,33,VULNERABLE,18.472727272727273,15.151515151515152,75.75757575757575,THE SWAMP (Wild West)
136617,Fortune Telecom Company Limited,MM,33,VULNERABLE,94.66666666666667,93.93939393939394,3.0303030303030303,UNPROTECTED CAPITAL (Tragedy)
53102,Sitel Telecomunicacoes,BR,33,SECURE,17.593939393939394,15.151515151515152,81.81818181818183,WASTED PROTECTION (Glass House Cone)
265960,FNETCOM TELECOMUNICACAO E INFORMATICA LTDA,BR,33,VULNERABLE,93.93939393939394,93.93939393939394,6.0606060606060606,UNPROTECTED CAPITAL (Tragedy)
30999,Emtel,MU,33,VULNERABLE,41.581818181818186,36.36363636363637,51.515151515151516,Unknown
198310,OOO Molniya,RU,33,VULNERABLE,49.366666666666674,39.39393939393939,42.42424242424242,VULNERABLE (Mixed)
36916,X-DSL Networking Solutions,ZA,33,VULNERABLE,56.55757575757576,54.54545454545454,42.42424242424242,Unknown
328888,ORCA TECHNOLOGIES (PTY) LTD,ZA,33,VULNERABLE,56.55757575757576,54.54545454545454,42.42424242424242,Unknown
270706,LAN TELECOM INTERNET BANDA LARGA LTDA,BR,33,SECURE,31.006060606060608,21.21212121212121,57.57575757575758,SECURE (Transitioning)
19422,Telefonica Moviles del Uruguay SA,UY,33,SECURE,84.84848484848484,84.84848484848484,15.151515151515152,HERD IMMUNITY (Ideal)
24723,Atman Sp. z o.o.,PL,33,SECURE,59.657575757575756,48.484848484848484,27.27272727272727,SECURE (Transitioning)
11556,Cable & Wireless Panama,PA,33,VULNERABLE,67.89090909090909,57.57575757575758,27.27272727272727,VULNERABLE (Mixed)
328608,Africa on Cloud,ZA,33,VULNERABLE,56.63636363636363,54.54545454545454,42.42424242424242,Unknown
328337,Viva Telecoms cc,ZA,33,SECURE,56.55757575757576,54.54545454545454,42.42424242424242,SECURE (Transitioning)
59191,PEERCAST TELECOM INDIA PVT LTD,IN,33,VULNERABLE,92.22121212121213,90.9090909090909,6.0606060606060606,Unknown
263456,MKNETWORK TELECOM LTDA ME,BR,33,VULNERABLE,30.472727272727273,30.303030303030305,69.6969696969697,Unknown
329112,Upstream Connect (Pty) Ltd,ZA,33,SECURE,59.58787878787879,57.57575757575758,39.39393939393939,SECURE (Transitioning)
328596,Mind the Speed (PTY) Ltd,ZA,33,SECURE,56.55757575757576,54.54545454545454,42.42424242424242,SECURE (Transitioning)
63961,Bangladesh Research and Education Network (BdREN),BD,33,VULNERABLE,99.4939393939394,96.96969696969697,0.0,Unknown
37187,Inq. Digital Limited,MW,33,SECURE,41.169696969696965,36.36363636363637,54.54545454545454,SECURE (Transitioning)
43852,Fast Communication Company Ltd,KW,33,VULNERABLE,35.96060606060606,27.27272727272727,54.54545454545454,Unknown
270405,SUMARE TELECOMUNICACOES PROVEDOR DE INTERNET LTDA,BR,33,VULNERABLE,20.624242424242425,18.181818181818183,78.78787878787878,THE SWAMP (Wild West)
5488,Proximus NV,BE,33,VULNERABLE,25.184848484848487,24.242424242424242,69.6969696969697,Unknown
399486,Virtuo,CA,33,VULNERABLE,73.10606060606061,66.66666666666666,18.181818181818183,Unknown
38022,REANNZ National Research and Education Network,NZ,33,VULNERABLE,40.7060606060606,36.36363636363637,51.515151515151516,Unknown
131267,Unitel Laos,LA,33,VULNERABLE,90.05151515151516,75.75757575757575,0.0,Unknown
197103,Ixaris Systems (Malta) Limited,MT,33,SECURE,7.575757575757576,6.0606060606060606,90.9090909090909,WASTED PROTECTION (Glass House Cone)
328966,Echo 45 Trading (Pty) Ltd,ZA,33,SECURE,59.58787878787879,57.57575757575758,39.39393939393939,SECURE (Transitioning)
53237,Telebras (TELECOMUNICACOES BRASILEIRAS S.A),BR,33,VULNERABLE,38.015151515151516,36.36363636363637,60.60606060606061,Unknown
48648,K-Link LLC,UA,33,VULNERABLE,88.06969696969698,75.75757575757575,6.0606060606060606,Unknown
37611,Afrihost (Pty) Ltd,ZA,33,SECURE,56.55757575757576,54.54545454545454,42.42424242424242,SECURE (Transitioning)
135884,MAGNET BRAINS SOFTWARE TECHNOLOGY PRIVATE LIMITED,IN,33,VULNERABLE,98.48484848484848,96.96969696969697,0.0,UNPROTECTED CAPITAL (Tragedy)
153068,Nusantara Global Exchange,ID,32,VULNERABLE,89.36875,81.25,6.25,Unknown
50309,Arcadiz Telecom NV,BE,32,VULNERABLE,48.896875,43.75,46.875,Unknown
139883,SPTEL PTE. LTD.,SG,32,VULNERABLE,15.925,12.5,78.125,Unknown
32425,Pixel Factory,US,32,SECURE,44.896875,40.625,46.875,SECURE (Transitioning)
61624,ISPSHIELD (InfNOC Tecnologia),BR,32,VULNERABLE,64.53125,62.5,34.375,Unknown
37061,Safaricom Limited,KE,32,VULNERABLE,9.375,9.375,90.625,Unknown
269783,WIND NET S.A.,PY,32,SECURE,61.40625,59.375,37.5,SECURE (Transitioning)
63483,Skynet,US,32,SECURE,96.875,96.875,3.125,HERD IMMUNITY (Ideal)
216067,BHS Solutions GmbH,DE,32,VULNERABLE,89.446875,81.25,6.25,UNPROTECTED CAPITAL (Tragedy)
264988,AW Online Ltda,BR,32,SECURE,96.875,96.875,3.125,HERD IMMUNITY (Ideal)
45194,Syscon Infoway Pvt. Ltd.,IN,32,VULNERABLE,88.71562499999999,81.25,6.25,UNPROTECTED CAPITAL (Tragedy)
43201,Telematika LLC,RU,32,VULNERABLE,68.796875,65.625,25.0,Unknown
786,Jisc Services Limited,GB,32,SECURE,25.903125,21.875,68.75,WASTED PROTECTION (Glass House Cone)
15836,Arax-Impex s.r.l.,MD,32,VULNERABLE,64.21875,59.375,31.25,Unknown
61680,ACESSO SIMPLES LTDA,BR,32,VULNERABLE,44.478125,43.75,53.125,Unknown
266399,NUDOZE TELECOMUNICACOES EIRELI,BR,32,SECURE,46.09375,43.75,53.125,SECURE (Transitioning)
59404,Korkino-Cable Television Networks Ltd,RU,32,SECURE,96.875,96.875,3.125,HERD IMMUNITY (Ideal)
8374,Polkomtel Sp. z o.o.,PL,32,VULNERABLE,43.75,43.75,56.25,Unknown
14754,Claro Guatemala (Telgua),GT,32,SECURE,63.71874999999999,59.375,34.375,SECURE (Transitioning)
266725,"SOLUTION LAN S.A",AR,32,SECURE,96.353125,93.75,3.125,HERD IMMUNITY (Ideal)
197451,Brno University of Technology,CZ,32,SECURE,56.178124999999994,50.0,40.625,SECURE (Transitioning)
567,Los Nettos,US,32,VULNERABLE,26.565625,18.75,71.875,THE SWAMP (Wild West)
34019,Hivane Association,FR,32,SECURE,72.28437500000001,68.75,25.0,HERD IMMUNITY (Ideal)
32621,"Twin City VoIP, Inc.",US,32,VULNERABLE,32.628125,28.125,65.625,Unknown
270867,Perto Network,BR,32,VULNERABLE,16.071875,15.625,81.25,Unknown
55140,"Sho Me Technologies, LLC",US,32,VULNERABLE,24.412499999999998,21.875,71.875,Unknown
263270,CONECTA FIBRA LTDA,BR,32,VULNERABLE,32.809375,25.0,59.375,Unknown
5384,EMIRATES TELECOMMUNICATIONS GROUP COMPANY (ETISALAT GROUP) PJSC,AE,32,VULNERABLE,47.025,34.375,40.625,VULNERABLE (Mixed)
23899,Vietnam Internet network information center (VNNIC),VN,32,VULNERABLE,90.80625,81.25,3.125,UNPROTECTED CAPITAL (Tragedy)
47169,Pro-M Zrt.,HU,32,VULNERABLE,49.271875,40.625,43.75,Unknown
39728,Likhno Dmitriy trading as Luganet,RU,32,VULNERABLE,47.784375000000004,37.5,43.75,Unknown
60446,Datema Bilisim Ticaret Anonim Sirketi,TR,32,VULNERABLE,95.85625,93.75,3.125,Unknown
272004,EGP COMUNICACIONES S.A.C,PE,32,VULNERABLE,73.0625,62.5,21.875,Unknown
266302,RENOVENET TELECOMUNICACOES LTDA - ME,BR,31,VULNERABLE,59.67741935483871,58.06451612903226,38.70967741935484,Unknown
265336,ELneT Telecom,BR,31,VULNERABLE,49.99677419354839,41.935483870967744,41.935483870967744,Unknown
12182,Unitas Global,US,31,VULNERABLE,29.235483870967744,19.35483870967742,61.29032258064516,THE SWAMP (Wild West)
18101,Reliance Communications Ltd.DAKC MUMBAI,IN,31,VULNERABLE,69.80967741935484,61.29032258064516,22.58064516129032,Unknown
38047,Taiwan Telecom,US,31,VULNERABLE,75.30000000000001,61.29032258064516,16.129032258064516,UNPROTECTED CAPITAL (Tragedy)
52742,HELP INTERNET,BR,31,VULNERABLE,27.416129032258063,19.35483870967742,64.51612903225806,Unknown
29648,PJSC MegaFon,RU,31,SECURE,21.561290322580643,19.35483870967742,77.41935483870968,WASTED PROTECTION (Glass House Cone)
28394,Bicentel SA de CV,MX,31,VULNERABLE,26.322580645161292,22.58064516129032,67.74193548387096,Unknown
269139,AN TELECOM,BR,31,VULNERABLE,49.99677419354839,41.935483870967744,41.935483870967744,VULNERABLE (Mixed)
35313,Infonas W.L.L.,BH,31,VULNERABLE,83.69354838709677,80.64516129032258,12.903225806451612,Unknown
1339,Verizon Business,US,31,VULNERABLE,14.32258064516129,12.903225806451612,77.41935483870968,THE SWAMP (Wild West)
270966,4WNET ES TELECOMUNICAÇÕES EIRELE ME,BR,31,SECURE,30.103225806451615,19.35483870967742,61.29032258064516,SECURE (Transitioning)
40731,Latin IP LLC,US,31,VULNERABLE,28.98709677419355,22.58064516129032,64.51612903225806,THE SWAMP (Wild West)
329224,Global Data Services,NE,31,VULNERABLE,35.225806451612904,35.483870967741936,64.51612903225806,VULNERABLE (Mixed)
56030,Voyager Internet Ltd.,NZ,31,VULNERABLE,34.40967741935484,32.25806451612903,64.51612903225806,Unknown
25956,Logix,US,31,SECURE,11.870967741935484,9.67741935483871,87.09677419354838,WASTED PROTECTION (Glass House Cone)
19752,Hydro One Telecom Inc.,CA,31,VULNERABLE,15.31290322580645,3.225806451612903,77.41935483870968,Unknown
47692,Nessus GmbH,AT,31,SECURE,71.72258064516129,64.51612903225806,22.58064516129032,HERD IMMUNITY (Ideal)
17888,SingTel Hong Kong Limited,HK,31,VULNERABLE,79.73225806451613,64.51612903225806,9.67741935483871,UNPROTECTED CAPITAL (Tragedy)
141140,PT Jinde Grup Indonesia,ID,31,VULNERABLE,86.18387096774194,70.96774193548387,3.225806451612903,UNPROTECTED CAPITAL (Tragedy)
226,Los Nettos,US,31,SECURE,27.42258064516129,19.35483870967742,70.96774193548387,WASTED PROTECTION (Glass House Cone)
50839,Cinzia Tocci trading as Lumanex Srl,IT,31,VULNERABLE,93.47741935483872,90.32258064516128,3.225806451612903,UNPROTECTED CAPITAL (Tragedy)
266284,Norte-Tel Telecomunicacoes LTDA,BR,31,SECURE,58.064516129032256,58.06451612903226,41.935483870967744,SECURE (Transitioning)
31252,StarNet Solutii SRL,MD,31,VULNERABLE,76.79354838709679,70.96774193548387,19.35483870967742,Unknown
55821,"RADIUS TELECOMS, INC.",PH,31,VULNERABLE,71.96774193548387,67.74193548387096,22.58064516129032,Unknown
212261,Stowarzyszenie e-Poludnie,PL,31,SECURE,62.78064516129032,58.06451612903226,32.25806451612903,SECURE (Transitioning)
198090,LIBRA S.R.L.,IT,31,SECURE,71.51612903225806,58.06451612903226,22.58064516129032,HERD IMMUNITY (Ideal)
49425,Digital Realty (UK) Limited,GB,31,VULNERABLE,48.76451612903225,41.935483870967744,45.16129032258064,Unknown
268246,ATIVA TELECOM LTDA,BR,31,VULNERABLE,30.641935483870967,22.58064516129032,61.29032258064516,Unknown
37727,iNET Communications Limited,GH,31,VULNERABLE,9.661290322580646,9.67741935483871,90.32258064516128,Unknown
262903,Tubaron Telecom,BR,31,SECURE,41.73548387096774,41.935483870967744,58.06451612903226,SECURE (Transitioning)
3,Massachusetts Institute of Technology,US,31,VULNERABLE,100.0,100.0,0.0,UNPROTECTED CAPITAL (Tragedy)
45896,Mobifone Global JSC,VN,31,VULNERABLE,90.92258064516129,83.87096774193549,3.225806451612903,Unknown
10293,"CANTV Servicios, Venezuela",VE,31,VULNERABLE,71.82580645161292,61.29032258064516,22.58064516129032,UNPROTECTED CAPITAL (Tragedy)
55427,Broadlink Nepal,NP,31,VULNERABLE,95.7548387096774,87.09677419354838,0.0,UNPROTECTED CAPITAL (Tragedy)
9824,"JCOM Co., Ltd.",JP,31,SECURE,44.851612903225806,41.935483870967744,54.83870967741935,SECURE (Transitioning)
17054,Expedient,US,30,SECURE,18.663333333333338,13.333333333333334,70.0,WASTED PROTECTION (Glass House Cone)
31856,YoAfrica (Pvt) Ltd,ZW,30,VULNERABLE,39.62666666666667,33.33333333333333,56.666666666666664,VULNERABLE (Mixed)
271578,M A Link Telecomunicacoes Consortes Ltda,BR,30,SECURE,34.99666666666667,26.666666666666668,56.666666666666664,SECURE (Transitioning)
14080,Telmex Colombia S.A.,CO,30,SECURE,63.41,56.666666666666664,26.666666666666668,SECURE (Transitioning)
37183,Utande Internet Services (Pvt) Ltd,ZW,30,VULNERABLE,36.85,33.33333333333333,60.0,Unknown
272221,Tel3 Telecom,BR,30,VULNERABLE,18.33,10.0,73.33333333333333,THE SWAMP (Wild West)
266460,NetGo Telecomunicações do Brasil,BR,30,VULNERABLE,58.89,56.666666666666664,40.0,Unknown
268235,VLA TELECOMUNICACOES LTDA,BR,30,VULNERABLE,57.11,56.666666666666664,40.0,Unknown
15108,Allo Communications LLC,US,30,VULNERABLE,24.583333333333332,23.333333333333332,70.0,Unknown
133720,Zess Networks Private Limited,IN,30,VULNERABLE,100.0,100.0,0.0,Unknown
133275,Gigantic Infotel Pvt Ltd,IN,30,VULNERABLE,93.26,90.0,3.3333333333333335,Unknown
20676,Plusnet GmbH,DE,30,SECURE,33.22333333333333,23.333333333333332,56.666666666666664,SECURE (Transitioning)
21473,PFALZKOM GmbH,DE,30,VULNERABLE,52.64666666666667,50.0,43.333333333333336,Unknown
13489,EPM Telecomunicaciones S.A. E.S.P.,CO,30,VULNERABLE,38.36,36.666666666666664,56.666666666666664,Unknown
133210,EN Technologies Pte Ltd,SG,30,VULNERABLE,71.32,66.66666666666666,23.333333333333332,Unknown
52560,ATK Telecomunicações Ltda.,BR,30,SECURE,39.41,23.333333333333332,46.666666666666664,SECURE (Transitioning)
9400,CoreNET Inc.,US,30,VULNERABLE,77.81,63.33333333333333,13.333333333333334,UNPROTECTED CAPITAL (Tragedy)
40948,Stratus Networks,US,30,SECURE,27.5,23.333333333333332,70.0,WASTED PROTECTION (Glass House Cone)
61231,Neos Networks (SSE PLC),GB,30,VULNERABLE,59.776666666666664,50.0,33.33333333333333,Unknown
976,CoreNET Inc.,US,30,VULNERABLE,74.47666666666667,60.0,16.666666666666664,UNPROTECTED CAPITAL (Tragedy)
7586,Cloudfort IT,CN,30,VULNERABLE,77.81,63.33333333333333,13.333333333333334,Unknown
134176,Cloudie Limited,HK,30,VULNERABLE,75.51,63.33333333333333,16.666666666666664,Unknown
7106,"Com Net, Inc.",US,30,SECURE,53.25,46.666666666666664,43.333333333333336,SECURE (Transitioning)
29518,Bredband2 AB,SE,30,SECURE,62.78,56.666666666666664,33.33333333333333,SECURE (Transitioning)
7992,Cogeco Connexion Inc.,CA,30,SECURE,30.176666666666666,23.333333333333332,66.66666666666666,SECURE (Transitioning)
48422,IT-STARCOM LLC,UA,30,VULNERABLE,59.406666666666666,56.666666666666664,40.0,Unknown
11320,LightEdge Solutions,US,29,VULNERABLE,18.389655172413793,17.24137931034483,79.3103448275862,Unknown
9129,MTN Business Kenya,ZA,29,VULNERABLE,51.42068965517242,44.827586206896555,44.827586206896555,VULNERABLE (Mixed)
16949,Edaptivity.com Inc,CA,29,VULNERABLE,42.03103448275862,34.48275862068966,51.724137931034484,VULNERABLE (Mixed)
38758,PT Hipernet Indodata,ID,29,VULNERABLE,86.20689655172414,86.20689655172413,13.793103448275861,Unknown
4007,"Subisu Cablenet (Pvt) Ltd, Baluwatar, Kathmandu, Nepal",NP,29,VULNERABLE,96.84137931034482,89.65517241379311,0.0,UNPROTECTED CAPITAL (Tragedy)
20552,Horyzont Technologie Internetowe sp.z.o.o.,PL,29,SECURE,45.634482758620685,41.37931034482759,48.275862068965516,SECURE (Transitioning)
33869,INEA sp. z o.o.,PL,29,VULNERABLE,43.9,41.37931034482759,55.172413793103445,VULNERABLE (Mixed)
263346,Fonte Informatica ltda,BR,29,VULNERABLE,39.65172413793104,31.03448275862069,51.724137931034484,Unknown
20546,SOPRADO GmbH,DE,29,VULNERABLE,45.88965517241379,41.37931034482759,48.275862068965516,VULNERABLE (Mixed)
267429,GRAFNET TELECOM,BR,29,VULNERABLE,27.3,24.137931034482758,68.96551724137932,THE SWAMP (Wild West)
37492,Orange Tunisie,TN,29,VULNERABLE,13.617241379310347,13.793103448275861,86.20689655172413,Unknown
6208,FiberX,PR,29,SECURE,45.05862068965517,41.37931034482759,48.275862068965516,SECURE (Transitioning)
7311,Frontier Networks Inc,CA,29,VULNERABLE,38.851724137931036,31.03448275862069,55.172413793103445,Unknown
43391,Netdirekt A.S.,TR,29,VULNERABLE,88.29310344827586,86.20689655172413,10.344827586206897,Unknown
37531,Airtel Niger,NE,29,VULNERABLE,37.6551724137931,37.93103448275862,62.06896551724138,VULNERABLE (Mixed)
47176,GAS&COM AG,CH,29,VULNERABLE,89.60689655172413,86.20689655172413,6.896551724137931,Unknown
266080,NOVA FIBRA,BR,29,SECURE,27.979310344827585,24.137931034482758,68.96551724137932,WASTED PROTECTION (Glass House Cone)
24499,Telenor Pakistan,PK,29,VULNERABLE,93.07931034482759,82.75862068965517,3.4482758620689653,Unknown
56595,Fluency Communications Ltd,GB,29,VULNERABLE,60.13103448275862,51.724137931034484,34.48275862068966,Unknown
328753,Zeplin Investments Ltd,KE,29,VULNERABLE,51.42068965517242,44.827586206896555,44.827586206896555,VULNERABLE (Mixed)
60849,iLevant FZE,AE,29,VULNERABLE,63.11379310344828,48.275862068965516,27.586206896551722,Unknown
52185,INEA sp. z o.o.,PL,29,VULNERABLE,43.9,41.37931034482759,55.172413793103445,VULNERABLE (Mixed)
398465,Rackdog LLC,US,29,VULNERABLE,72.34482758620689,58.620689655172406,17.24137931034483,Unknown
132220,JPR Digital Pvt. Ltd.,IN,29,VULNERABLE,96.27931034482758,89.65517241379311,0.0,Unknown
6922,Texas Department of Information Resources,US,29,SECURE,14.055172413793104,10.344827586206897,75.86206896551724,WASTED PROTECTION (Glass House Cone)
56911,Warian S.R.L.,IT,29,SECURE,69.55172413793103,55.172413793103445,24.137931034482758,SECURE (Transitioning)
15943,wilhelm.tel GmbH,DE,29,SECURE,68.70689655172414,65.51724137931035,27.586206896551722,SECURE (Transitioning)
5413,Wavenet Limited,GB,28,SECURE,51.378571428571426,42.857142857142854,42.857142857142854,SECURE (Transitioning)
34718,"""IST TELEKOM"" JV LLC",UZ,28,VULNERABLE,48.23571428571428,42.857142857142854,46.42857142857143,Unknown
20836,CDLAN SpA,IT,28,VULNERABLE,70.17142857142858,60.71428571428571,25.0,Unknown
26794,Dakota Carrier Network,US,28,VULNERABLE,44.375,39.285714285714285,46.42857142857143,Unknown
37550,Airtel Congo S.A,CG,28,VULNERABLE,35.42857142857143,35.714285714285715,64.28571428571429,VULNERABLE (Mixed)
23966,LINKdotNET Telecom Limited,PK,28,VULNERABLE,88.33214285714287,85.71428571428571,10.714285714285714,Unknown
20141,"Quality Technology Services, LLC",US,28,SECURE,8.153571428571428,7.142857142857142,89.28571428571429,WASTED PROTECTION (Glass House Cone)
15525,MEO - SERVICOS DE COMUNICACOES E MULTIMEDIA S.A.,PT,28,VULNERABLE,28.060714285714287,25.0,71.42857142857143,Unknown
48347,JSC Mediasoft ekspert,RU,28,VULNERABLE,47.15714285714286,42.857142857142854,50.0,Unknown
34123,Netorn LLC,RU,28,VULNERABLE,38.496428571428574,28.57142857142857,50.0,Unknown
43578,TEMPLUS BARCELONA S.L.,ES,28,VULNERABLE,82.66785714285713,75.0,14.285714285714285,Unknown
268331,LINK BARATO.COM TELECOMUNICACOES EIRELI,BR,28,SECURE,31.189285714285717,28.57142857142857,64.28571428571429,SECURE (Transitioning)
16629,CTC. CORP S.A. (TELEFONICA EMPRESAS),CL,28,VULNERABLE,49.36785714285714,42.857142857142854,42.857142857142854,VULNERABLE (Mixed)
29470,RETN Moscow,RU,28,VULNERABLE,88.275,71.42857142857143,0.0,UNPROTECTED CAPITAL (Tragedy)
13110,INEA sp. z o.o.,PL,28,VULNERABLE,42.857142857142854,42.857142857142854,57.14285714285714,Unknown
45102,"Alibaba (US) Technology Co., Ltd.",CN,28,VULNERABLE,88.275,71.42857142857143,0.0,Unknown
134840,"Myanmar Country Co., Ltd.",MM,28,VULNERABLE,88.275,71.42857142857143,0.0,Unknown
1321,Verizon Business,US,28,VULNERABLE,12.285714285714286,10.714285714285714,78.57142857142857,Unknown
8751,MEDIA SAT SRL,RO,28,VULNERABLE,71.30357142857143,57.14285714285714,17.857142857142858,Unknown
2647,ORANGE BUSINESS COMMUNICATIONS TECHNOLOGY LIMITED,IE,28,VULNERABLE,40.12499999999999,35.714285714285715,53.57142857142857,Unknown
210203,RETN Italy,GB,28,VULNERABLE,88.275,71.42857142857143,0.0,UNPROTECTED CAPITAL (Tragedy)
61614,67 TELECOM,BR,28,VULNERABLE,38.839285714285715,35.714285714285715,60.71428571428571,Unknown
327992,Ghanaian Academic and Research Network,GH,28,VULNERABLE,7.125,7.142857142857142,92.85714285714286,Unknown
131702,Moratelindo Internet Exchange Point,ID,28,VULNERABLE,88.275,71.42857142857143,0.0,UNPROTECTED CAPITAL (Tragedy)
12337,noris network AG,DE,28,SECURE,45.239285714285714,42.857142857142854,50.0,SECURE (Transitioning)
44103,The Mastermind Holding B.V.,NL,28,VULNERABLE,29.764285714285716,25.0,67.85714285714286,Unknown
265175,Amplitude Telecom,BR,28,VULNERABLE,37.275,28.57142857142857,53.57142857142857,Unknown
10282,GLOBAL ONE,US,28,VULNERABLE,43.69642857142857,39.285714285714285,50.0,Unknown
61618,VIVA TECNOLOGIA TELECOM LTDA,BR,28,VULNERABLE,91.07142857142857,85.71428571428571,7.142857142857142,Unknown
48362,Stadtwerke Feldkirch,AT,28,VULNERABLE,80.72857142857143,75.0,17.857142857142858,Unknown
14265,TPx Communications,US,28,SECURE,7.142857142857143,7.142857142857142,92.85714285714286,WASTED PROTECTION (Glass House Cone)
34971,CDLAN SpA,IT,28,VULNERABLE,71.23214285714286,60.71428571428571,25.0,UNPROTECTED CAPITAL (Tragedy)
6853,ORANGE BUSINESS SERVICES U.S. Inc.,US,28,VULNERABLE,40.12499999999999,35.714285714285715,53.57142857142857,Unknown
267700,"GUESTCHOICE TV RD, S.R.L",DO,28,SECURE,44.339285714285715,25.0,39.285714285714285,SECURE (Transitioning)
150706,"Hong Kong Zhengxing Technology Co., Ltd.",HK,28,VULNERABLE,83.13214285714285,67.85714285714286,3.571428571428571,Unknown
29222,Infomaniak Network SA,CH,28,VULNERABLE,75.77499999999999,67.85714285714286,21.428571428571427,Unknown
30722,Vodafone Italia S.p.A.,IT,28,SECURE,26.071428571428573,25.0,71.42857142857143,WASTED PROTECTION (Glass House Cone)
10143,Exetel Pty Ltd,AU,28,VULNERABLE,59.403571428571425,57.14285714285714,35.714285714285715,Unknown
36932,Internet Exchange Point of Nigeria,NG,28,VULNERABLE,35.42857142857143,35.714285714285715,64.28571428571429,VULNERABLE (Mixed)
9063,VSE NET GmbH,DE,28,VULNERABLE,48.300000000000004,42.857142857142854,50.0,Unknown
272935,"GB TELECORP DOMINICANA, S.R.L",DO,27,VULNERABLE,41.007407407407406,33.33333333333333,48.148148148148145,VULNERABLE (Mixed)
43994,SMARTNET TOO,KZ,27,VULNERABLE,52.596296296296295,40.74074074074074,44.44444444444444,Unknown
2597,Consiglio Nazionale delle Ricerche,IT,27,VULNERABLE,42.11851851851851,33.33333333333333,55.55555555555556,VULNERABLE (Mixed)
270340,NETCOM TELECOMUNICAÇÕES LTDA,BR,27,VULNERABLE,52.03333333333334,48.148148148148145,44.44444444444444,Unknown
53587,"AZURE TECHNOLOGY CO., LIMITED",US,27,VULNERABLE,89.52962962962964,85.18518518518519,3.7037037037037033,Unknown
30688,FastTrack Communications Inc.,US,27,SECURE,21.711111111111112,14.814814814814813,70.37037037037037,WASTED PROTECTION (Glass House Cone)
668,DoD High Performance Computing (Defense Research and Engineering Network),US,27,SECURE,0.0,0.0,100.0,WASTED PROTECTION (Glass House Cone)
264215,Wlenet Telecom,BR,27,SECURE,38.885185185185186,29.629629629629626,51.85185185185185,SECURE (Transitioning)
5438,Agence Tunisienne d'Internet,TN,27,VULNERABLE,14.625925925925927,14.814814814814813,85.18518518518519,Unknown
62193,BCIX Management GmbH,DE,27,VULNERABLE,85.18518518518519,85.18518518518519,14.814814814814813,UNPROTECTED CAPITAL (Tragedy)
49289,Omegacom S.R.L.S.,IT,27,VULNERABLE,71.78148148148149,66.66666666666666,22.22222222222222,Unknown
202520,SkyPass Solutions Sp. z.o.o.,PL,27,VULNERABLE,40.74074074074074,40.74074074074074,59.25925925925925,Unknown
137,Consortium GARR,IT,27,VULNERABLE,39.129629629629626,33.33333333333333,59.25925925925925,Unknown
3653,House of Ben Avraham LLC,US,27,VULNERABLE,81.48148148148148,81.48148148148148,18.51851851851852,UNPROTECTED CAPITAL (Tragedy)
51074,GOSTARESH-E-ERTEBATAT-E MABNA COMPANY (Private Joint Stock),IR,27,VULNERABLE,86.11111111111111,85.18518518518519,11.11111111111111,Unknown
271023,Telex Fibra,BR,27,VULNERABLE,63.148148148148145,59.25925925925925,33.33333333333333,Unknown
4862,Orange Business AS for Asia,HK,27,VULNERABLE,37.907407407407405,33.33333333333333,55.55555555555556,VULNERABLE (Mixed)
37693,OOREDOO TUNISIE SA,TN,27,SECURE,14.625925925925927,14.814814814814813,85.18518518518519,WASTED PROTECTION (Glass House Cone)
23314,Summit Broadband,US,27,SECURE,9.011111111111111,3.7037037037037033,85.18518518518519,WASTED PROTECTION (Glass House Cone)
39153,LLC SETEL,RU,27,VULNERABLE,15.74074074074074,11.11111111111111,81.48148148148148,Unknown
20965,GEANT Vereniging,NL,27,SECURE,65.77037037037037,55.55555555555556,25.925925925925924,SECURE (Transitioning)
10430,Washington State K-20 Telecommunications Network,US,27,VULNERABLE,61.111111111111114,59.25925925925925,37.03703703703704,Unknown
24429,Alibaba Cloud,CN,27,VULNERABLE,88.7148148148148,74.07407407407408,0.0,Unknown
51346,"Opened Joint Stock Company ""Tojiktelecom""",TJ,27,VULNERABLE,36.2962962962963,33.33333333333333,62.96296296296296,Unknown
2609,Tunisia BackBone AS,TN,27,SECURE,14.625925925925927,14.814814814814813,85.18518518518519,WASTED PROTECTION (Glass House Cone)
15600,Quickline AG,CH,27,VULNERABLE,63.44444444444444,55.55555555555556,29.629629629629626,VULNERABLE (Mixed)
207351,Transroute Telecom LTD,RU,27,VULNERABLE,39.93333333333334,29.629629629629626,51.85185185185185,VULNERABLE (Mixed)
31025,GHOSTnet GmbH,DE,27,VULNERABLE,77.5037037037037,77.77777777777779,22.22222222222222,UNPROTECTED CAPITAL (Tragedy)
36873,Airtel Networks Limited,NG,27,VULNERABLE,36.74074074074074,37.03703703703704,62.96296296296296,Unknown
6147,Telefonica del Peru S.A.A.,PE,27,SECURE,55.31481481481482,44.44444444444444,33.33333333333333,SECURE (Transitioning)
46208,"Peninsula Fiber Network, LLC",US,27,VULNERABLE,36.46296296296296,29.629629629629626,55.55555555555556,Unknown
273421,MAZA Telecom,BR,27,VULNERABLE,25.0,22.22222222222222,74.07407407407408,Unknown
50107,Vista Technology LLP,KZ,27,VULNERABLE,81.36666666666667,81.48148148148148,18.51851851851852,Unknown
28000,LACNIC - Latin American and Caribbean IP address,UY,27,VULNERABLE,85.18518518518519,85.18518518518519,14.814814814814813,UNPROTECTED CAPITAL (Tragedy)
262785,Click Telecom,BR,27,VULNERABLE,29.62962962962963,29.629629629629626,70.37037037037037,Unknown
262403,Net Way Telecom LTDA ME,BR,27,VULNERABLE,30.99259259259259,29.629629629629626,66.66666666666666,Unknown
6846,"Joint Ukrainan-German Enterprise ""INFOCOM"" LLC",UA,27,VULNERABLE,70.37037037037037,70.37037037037037,29.629629629629626,Unknown
15570,PACKETFABRIC (UK) LTD,GB,27,VULNERABLE,37.762962962962966,33.33333333333333,55.55555555555556,VULNERABLE (Mixed)
269898,SOFTBUTTERFLY SAC,PE,27,SECURE,81.63703703703703,74.07407407407408,14.814814814814813,HERD IMMUNITY (Ideal)
24400,"Shanghai Mobile Communications Co.,Ltd.",CN,27,VULNERABLE,24.40370370370371,18.51851851851852,70.37037037037037,Unknown
399844,Saskatchewan Telecommunications,CA,26,VULNERABLE,51.06538461538461,38.46153846153847,38.46153846153847,VULNERABLE (Mixed)
264821,COMCAST-SRL,DO,26,VULNERABLE,41.53846153846154,23.076923076923077,42.30769230769231,VULNERABLE (Mixed)
237,Merit Network Inc.,US,26,SECURE,44.99615384615385,30.76923076923077,46.15384615384615,SECURE (Transitioning)
43103,ONE TELECOM ltd,UA,26,VULNERABLE,30.76923076923077,30.76923076923077,69.23076923076923,Unknown
12306,Plus.line AG,DE,26,SECURE,51.05769230769231,46.15384615384615,42.30769230769231,SECURE (Transitioning)
29551,Aixit GmbH,DE,26,VULNERABLE,76.83461538461539,76.92307692307693,23.076923076923077,Unknown
39637,ADES BV,NL,26,VULNERABLE,85.19999999999999,76.92307692307693,11.538461538461538,Unknown
263562,Speet Serviços de Telecomunicações Ltda - ME,BR,26,SECURE,42.56153846153846,30.76923076923077,42.30769230769231,SECURE (Transitioning)
262282,MARIA LUCIANA MACHADO E CIA LTDA-ME,BR,26,VULNERABLE,46.15384615384615,46.15384615384615,53.84615384615385,VULNERABLE (Mixed)
42235,INTRA DATA COMMUNICATION,MZ,26,VULNERABLE,42.51923076923077,38.46153846153847,53.84615384615385,VULNERABLE (Mixed)
1103,SURF B.V.,NL,26,SECURE,64.95384615384616,57.692307692307686,26.923076923076923,SECURE (Transitioning)
15808,NTT DATA (Dimension Data),KE,26,VULNERABLE,11.538461538461538,11.538461538461538,88.46153846153845,Unknown
10913,Unitas Global,US,26,VULNERABLE,15.280769230769229,7.6923076923076925,73.07692307692307,THE SWAMP (Wild West)
41039,"Timer, LLC",RU,26,VULNERABLE,37.915384615384625,26.923076923076923,53.84615384615385,Unknown
11830,Instituto Costarricense de Electricidad y Telecom.,CR,26,SECURE,77.27692307692308,65.38461538461539,19.230769230769234,HERD IMMUNITY (Ideal)
803,Saskatchewan Telecommunications,CA,26,SECURE,49.99615384615384,38.46153846153847,38.46153846153847,SECURE (Transitioning)
4540,SOGETEL INC,CA,26,VULNERABLE,67.19999999999999,61.53846153846154,30.76923076923077,Unknown
21050,Fast Communication Company Ltd,KW,26,VULNERABLE,33.715384615384615,26.923076923076923,57.692307692307686,Unknown
19782,Indiana University (GigaPOP),US,26,VULNERABLE,33.28846153846154,23.076923076923077,57.692307692307686,Unknown
267587,VEL FIBRA,BR,26,SECURE,36.534615384615385,26.923076923076923,53.84615384615385,SECURE (Transitioning)
14051,Fidium,US,26,SECURE,35.66538461538461,30.76923076923077,57.692307692307686,SECURE (Transitioning)
268707,4WNET ES TELECOMUNICAÇÕES EIRELE ME,BR,26,VULNERABLE,28.842307692307692,19.230769230769234,61.53846153846154,Unknown
133989,SBR Telecom Pvt. Ltd,IN,26,VULNERABLE,95.61923076923077,92.3076923076923,0.0,Unknown
39180,LASOTEL SAS,FR,26,VULNERABLE,83.33461538461538,80.76923076923077,15.384615384615385,Unknown
28968,"JSC ""Evrasia Telecom Ru""",RU,26,VULNERABLE,57.72692307692308,53.84615384615385,38.46153846153847,Unknown
766,Entidad Publica Empresarial Red.es,ES,26,SECURE,29.342307692307692,23.076923076923077,65.38461538461539,WASTED PROTECTION (Glass House Cone)
41108,comtrance service GmbH,DE,26,VULNERABLE,42.30769230769231,42.30769230769231,57.692307692307686,Unknown
5583,Orange S.A.,FR,26,VULNERABLE,39.36538461538461,34.61538461538461,53.84615384615385,VULNERABLE (Mixed)
142502,National Internet Exchange of India,IN,26,VULNERABLE,83.97307692307693,80.76923076923077,15.384615384615385,UNPROTECTED CAPITAL (Tragedy)
266236,VELPRO TELECOMUNICACOES EIRELI,BR,26,SECURE,36.15384615384615,34.61538461538461,61.53846153846154,SECURE (Transitioning)
262288,Go In Tecnologia,BR,26,SECURE,40.38461538461539,38.46153846153847,57.692307692307686,SECURE (Transitioning)
262753,VOCE TELECOMUNICACOES LTDA,BR,26,SECURE,29.63076923076923,23.076923076923077,65.38461538461539,WASTED PROTECTION (Glass House Cone)
270820,COMPUNET DO BRASIL TELECOM LTDA,BR,26,VULNERABLE,42.94615384615384,30.76923076923077,46.15384615384615,VULNERABLE (Mixed)
22925,"Allied Telecom Group, LLC",US,26,SECURE,24.357692307692307,19.230769230769234,69.23076923076923,WASTED PROTECTION (Glass House Cone)
55808,Triple T Broadband Public Company Limited,TH,26,VULNERABLE,66.84615384615384,57.692307692307686,26.923076923076923,Unknown
11317,Great Plains Network,US,26,VULNERABLE,45.45769230769231,42.30769230769231,50.0,VULNERABLE (Mixed)
2874,ORANGE BUSINESS SERVICES U.S. Inc.,US,26,VULNERABLE,39.36538461538461,34.61538461538461,53.84615384615385,VULNERABLE (Mixed)
4004,"Orange Business Services Britain, Western Africa",US,26,VULNERABLE,39.36538461538461,34.61538461538461,53.84615384615385,VULNERABLE (Mixed)
4805,Orange Business AS for Oceania,AU,26,VULNERABLE,39.36538461538461,34.61538461538461,53.84615384615385,VULNERABLE (Mixed)
47775,"JSC ""Ufanet""",RU,26,VULNERABLE,72.90769230769232,65.38461538461539,23.076923076923077,Unknown
2586,Elisa Eesti AS,EE,26,SECURE,67.91538461538462,65.38461538461539,30.76923076923077,SECURE (Transitioning)
37008,Sancfis Faso SA,BF,26,VULNERABLE,42.51923076923077,38.46153846153847,53.84615384615385,VULNERABLE (Mixed)
36944,Ubuntunet Alliance For Research and Education Networking,MW,26,VULNERABLE,48.4076923076923,42.30769230769231,46.15384615384615,Unknown
6568,Entel Bolivia,BO,26,SECURE,81.07692307692308,73.07692307692307,15.384615384615385,HERD IMMUNITY (Ideal)
37672,Vodacom Business Cameroon,CM,25,VULNERABLE,44.22,40.0,52.0,VULNERABLE (Mixed)
56382,vServer.site LTD,GB,25,VULNERABLE,68.0,68.0,32.0,Unknown
272112,"TELECABLE DOMINICANO, S.A.",DO,25,SECURE,36.908,28.000000000000004,56.00000000000001,SECURE (Transitioning)
30860,Virtual Systems LLC,UA,25,VULNERABLE,57.864000000000004,52.0,40.0,Unknown
25144,Telekomunikacije Republike Srpske a.d.,BA,25,SECURE,63.348,52.0,28.000000000000004,SECURE (Transitioning)
9723,iseek Communications Pty Ltd,AU,25,VULNERABLE,79.2,76.0,20.0,Unknown
7122,Bell Canada,CA,25,SECURE,46.54,40.0,52.0,SECURE (Transitioning)
51048,WIFINITY LIMITED,GB,25,VULNERABLE,72.528,60.0,24.0,Unknown
24637,WEBDISCOUNT GmbH & Co. KG,DE,25,VULNERABLE,8.572000000000001,8.0,88.0,Unknown
18451,LES.NET,CA,25,VULNERABLE,28.104,28.000000000000004,72.0,Unknown
29909,Metro Optic,CA,25,VULNERABLE,31.796000000000003,24.0,64.0,Unknown
6505,EQUANT BRASIL LTDA,BR,25,VULNERABLE,36.94,32.0,56.00000000000001,VULNERABLE (Mixed)
263553,GIGANET INTERNET E INFORMATICA,BR,25,SECURE,30.92,20.0,56.00000000000001,SECURE (Transitioning)
54048,Vast Networks,US,25,VULNERABLE,33.772,28.000000000000004,64.0,Unknown
266192,LP PROVEDORA DE INTERNET E INSTALAÇÕES DE REDES TE,BR,25,VULNERABLE,21.996,12.0,68.0,Unknown
150363,SoftEther Corporation,JP,25,VULNERABLE,50.668,48.0,48.0,VULNERABLE (Mixed)
268512,VOO TELECOM,BR,25,VULNERABLE,30.0,28.000000000000004,68.0,Unknown
10084,Internet Association of Australia Content Network,AU,25,VULNERABLE,89.95199999999998,80.0,4.0,UNPROTECTED CAPITAL (Tragedy)
17819,Equinix Asia Pacific,SG,25,VULNERABLE,48.4,48.0,48.0,VULNERABLE (Mixed)
44684,Mythic Beasts Ltd,GB,25,SECURE,54.636,52.0,44.0,SECURE (Transitioning)
62610,Zenlayer Inc,US,25,VULNERABLE,88.2,72.0,0.0,Unknown
48918,Globalways GmbH,DE,25,SECURE,44.18,36.0,52.0,SECURE (Transitioning)
36924,GVA Cote d'Ivoire SAS,CI,25,VULNERABLE,43.332,36.0,52.0,VULNERABLE (Mixed)
12387,TON Total optical Networks AG,CH,25,VULNERABLE,74.0,72.0,24.0,Unknown
53597,Hoyos Consulting LLC,US,25,VULNERABLE,28.344,24.0,68.0,Unknown
15744,"Silesian University of Technology, Computer Centre",PL,25,VULNERABLE,49.208,44.0,48.0,Unknown
58002,JSC Svyazinform,RU,25,VULNERABLE,29.076,24.0,68.0,Unknown
9230,Bangladesh Online Ltd.,BD,25,VULNERABLE,97.33200000000001,96.0,0.0,UNPROTECTED CAPITAL (Tragedy)
16058,Gabon Telecom / Office of Posts and Telecommunications of Gabon,GA,25,VULNERABLE,47.332,40.0,48.0,VULNERABLE (Mixed)
61657,Jr Net Informatica Ltda - ME,BR,25,VULNERABLE,59.0,56.00000000000001,40.0,VULNERABLE (Mixed)
60733,ZORAN PEROVIC trading as Agencija Perke.NET,RS,25,VULNERABLE,91.604,84.0,4.0,UNPROTECTED CAPITAL (Tragedy)
27660,Curacao Telecom,CW,25,VULNERABLE,61.571999999999996,48.0,28.000000000000004,VULNERABLE (Mixed)
63303,TouchTone Communications,US,25,VULNERABLE,33.656,28.000000000000004,60.0,Unknown
50522,Sewan Nederland B.V.,NL,25,VULNERABLE,100.0,100.0,0.0,Unknown
6848,Telenet BV,BE,25,SECURE,21.352000000000004,16.0,68.0,WASTED PROTECTION (Glass House Cone)
263586,Zazz Internet,BR,25,VULNERABLE,26.92,16.0,60.0,Unknown
51964,ORANGE BUSINESS SERVICES U.S. Inc.,US,25,VULNERABLE,37.292,32.0,56.00000000000001,Unknown
33915,Vodafone Libertel B.V.,NL,25,SECURE,83.0,80.0,16.0,HERD IMMUNITY (Ideal)
12200,Rackspace Hosting,US,25,VULNERABLE,10.427999999999999,4.0,84.0,Unknown
263941,MegaNET Serviços de Comunicação Multimídia Ltda,BR,25,VULNERABLE,43.596000000000004,32.0,44.0,Unknown
8047,"GENERAL COMMUNICATION, INC.",US,25,VULNERABLE,11.828,12.0,88.0,Unknown
205185,Eurofiber Cloud Infra B.V.,NL,24,SECURE,76.67083333333333,70.83333333333334,16.666666666666664,HERD IMMUNITY (Ideal)
20454,SECURED SERVERS LLC,US,24,VULNERABLE,45.362500000000004,33.33333333333333,37.5,Unknown
271701,CONNEX TELECOM SERVICOS DE TELECOMUNICACOES LTDA,BR,24,VULNERABLE,27.77916666666667,25.0,70.83333333333334,THE SWAMP (Wild West)
25818,cmcnetworks,ZA,24,VULNERABLE,41.895833333333336,37.5,54.166666666666664,Unknown
37558,LIBYAN INTERNATIONAL TELECOMMUNICATION COMPANY,LY,24,VULNERABLE,62.94166666666666,54.166666666666664,29.166666666666668,Unknown
266201,VERO S.A,BR,24,SECURE,29.695833333333336,25.0,66.66666666666666,WASTED PROTECTION (Glass House Cone)
26827,EPB Fiber Optics,US,24,SECURE,16.666666666666668,16.666666666666664,83.33333333333334,WASTED PROTECTION (Glass House Cone)
57494,Adman LLC,RU,24,VULNERABLE,33.88333333333333,33.33333333333333,62.5,Unknown
7693,KSC Commercial Internet Co. Ltd.,TH,24,SECURE,74.20416666666667,70.83333333333334,20.833333333333336,HERD IMMUNITY (Ideal)
52901,MINAS TELECOM,BR,24,VULNERABLE,18.75,16.666666666666664,79.16666666666666,Unknown
264564,Telecab Telecomunicações Ltda,BR,24,VULNERABLE,4.166666666666667,4.166666666666666,95.83333333333334,Unknown
14325,"OSHEAN, Inc.",US,24,VULNERABLE,36.44166666666666,29.166666666666668,58.333333333333336,Unknown
269212,INSTALE TELECOM LTDA,BR,24,VULNERABLE,31.945833333333336,29.166666666666668,66.66666666666666,VULNERABLE (Mixed)
264544,SUPER NOVA TELECOM LTDA,BR,24,VULNERABLE,31.245833333333334,20.833333333333336,58.333333333333336,Unknown
10674,Gainesville Regional Utilities,US,24,SECURE,19.033333333333335,16.666666666666664,75.0,WASTED PROTECTION (Glass House Cone)
40217,DACS-NX,US,24,SECURE,43.833333333333336,25.0,45.83333333333333,SECURE (Transitioning)
61917,NETMAIS TELECOM,BR,24,VULNERABLE,56.24583333333334,45.83333333333333,33.33333333333333,Unknown
34087,NTE TELEKOM AS,NO,24,VULNERABLE,53.42083333333333,41.66666666666667,37.5,Unknown
50810,Mobin Net Communication Company (Private Joint Stock),IR,24,VULNERABLE,98.46249999999999,91.66666666666666,0.0,UNPROTECTED CAPITAL (Tragedy)
25003,Internet Binat Ltd,IL,24,VULNERABLE,69.69583333333334,66.66666666666666,29.166666666666668,Unknown
267464,SMARTLINK TECNOLOGIA EM INTERNET LTDA ME,BR,24,VULNERABLE,37.170833333333334,33.33333333333333,54.166666666666664,Unknown
24173,Netnam Company,VN,24,VULNERABLE,56.083333333333336,50.0,41.66666666666667,Unknown
264386,DOMINET TELECOM,BR,24,VULNERABLE,57.291666666666664,54.166666666666664,41.66666666666667,VULNERABLE (Mixed)
18779,EGIHosting,US,24,VULNERABLE,51.050000000000004,41.66666666666667,41.66666666666667,Unknown
41998,NetCom BW GmbH,DE,24,SECURE,55.55416666666667,54.166666666666664,41.66666666666667,SECURE (Transitioning)
48166,FORTEX CJSC,RU,24,VULNERABLE,49.1875,41.66666666666667,45.83333333333333,Unknown
4618,Internet Thailand Company Limited,TH,24,SECURE,59.14166666666666,54.166666666666664,33.33333333333333,SECURE (Transitioning)
37350,Dimension Data Ltd,GH,24,VULNERABLE,12.479166666666666,12.5,87.5,THE SWAMP (Wild West)
266094,CONEXAO MB E TELECOMUNICACOES LTDA - ME,BR,24,SECURE,33.333333333333336,33.33333333333333,66.66666666666666,SECURE (Transitioning)
8674,Netnod AB,SE,24,VULNERABLE,83.33333333333333,83.33333333333334,16.666666666666664,Unknown
17709,Asia Pacific Telecom,TW,24,SECURE,89.33749999999999,83.33333333333334,4.166666666666666,HERD IMMUNITY (Ideal)
34867,Cosmonova LLC,UA,24,VULNERABLE,57.083333333333336,54.166666666666664,37.5,Unknown
138655,Trans World Enterprise Services (Private) Limited,PK,24,VULNERABLE,95.0,91.66666666666666,4.166666666666666,UNPROTECTED CAPITAL (Tragedy)
8391,Knipp Medien und Kommunikation GmbH,DE,24,SECURE,71.84166666666667,66.66666666666666,25.0,HERD IMMUNITY (Ideal)
131273,"CORE WINNER CO.,LIMITED",TW,24,VULNERABLE,54.729166666666664,20.833333333333336,29.166666666666668,VULNERABLE (Mixed)
268625,NETFAST TELECOMUNICACOES E MULTIMIDIA LTDA,BR,24,VULNERABLE,31.245833333333334,20.833333333333336,58.333333333333336,VULNERABLE (Mixed)
141898,PT Milenial Inti Telekomunikasi,ID,24,VULNERABLE,66.66666666666667,66.66666666666666,33.33333333333333,VULNERABLE (Mixed)
32703,Zayo Bandwidth,US,24,SECURE,63.19583333333333,58.333333333333336,33.33333333333333,SECURE (Transitioning)
263374,YZO TELECOM TECNOLOGIA EIRELI - ME,BR,24,VULNERABLE,57.291666666666664,54.166666666666664,41.66666666666667,VULNERABLE (Mixed)
267256,ONETIS TECNOLOGIA LTDA,BR,24,VULNERABLE,57.291666666666664,54.166666666666664,41.66666666666667,Unknown
45769,D-Vois Broadband Pvt Ltd,IN,24,VULNERABLE,89.14583333333333,79.16666666666666,8.333333333333332,Unknown
268019,FIBRA PRIME SERVICOS DE TELECOMUNICACOES LTDA,BR,24,VULNERABLE,50.0,50.0,50.0,Unknown
208566,GIVEME CLOUD SP Z O O,PL,23,VULNERABLE,28.98695652173913,26.08695652173913,69.56521739130434,THE SWAMP (Wild West)
31430,OOO Suntel,RU,23,VULNERABLE,21.73913043478261,21.73913043478261,78.26086956521739,Unknown
27026,networkMaryland,US,23,VULNERABLE,1.4478260869565216,0.0,95.65217391304348,Unknown
28924,INTEGRITY Informatics Ltd.,HU,23,VULNERABLE,52.643478260869564,47.82608695652174,43.47826086956522,VULNERABLE (Mixed)
135377,UCLOUD INFORMATION TECHNOLOGY (HK) LIMITED,HK,23,VULNERABLE,76.14782608695653,52.17391304347826,8.695652173913043,Unknown
205132,Vivacom Bulgaria EAD,BG,23,VULNERABLE,95.65217391304348,95.65217391304348,4.3478260869565215,Unknown
15964,CAMTEL,CM,23,SECURE,54.582608695652176,47.82608695652174,43.47826086956522,SECURE (Transitioning)
38074,SDCC Japan-West Area,JP,23,VULNERABLE,52.17391304347826,52.17391304347826,47.82608695652174,VULNERABLE (Mixed)
56665,Proximus Luxembourg S.A.,LU,23,VULNERABLE,57.48260869565217,47.82608695652174,30.434782608695656,Unknown
31122,Digiweb ltd,IE,23,VULNERABLE,45.595652173913045,43.47826086956522,47.82608695652174,Unknown
149535,FIRST MILE DIGITAL PRIVATE LIMITED,IN,23,VULNERABLE,96.54782608695652,91.30434782608695,0.0,UNPROTECTED CAPITAL (Tragedy)
41960,Nextpertise B.V.,NL,23,SECURE,100.0,100.0,0.0,HERD IMMUNITY (Ideal)
61775,AW TELECOM LTDA - ME,BR,23,VULNERABLE,47.82608695652174,47.82608695652174,52.17391304347826,Unknown
14773,Lancaster-Lebanon Intermediate Unit 13,US,23,VULNERABLE,55.1391304347826,43.47826086956522,30.434782608695656,Unknown
137377,Indonesia Network Information Center,ID,23,VULNERABLE,78.5608695652174,52.17391304347826,4.3478260869565215,UNPROTECTED CAPITAL (Tragedy)
50266,Odido Netherlands B.V.,NL,23,SECURE,86.63478260869564,82.6086956521739,8.695652173913043,HERD IMMUNITY (Ideal)
209920,ZETARK SAS,FR,23,VULNERABLE,47.1,39.130434782608695,47.82608695652174,VULNERABLE (Mixed)
17828,PNG DATACO LTD,PG,23,VULNERABLE,50.986956521739124,43.47826086956522,39.130434782608695,Unknown
262675,Solucao Network Provedor Ltda,BR,23,SECURE,26.08695652173913,26.08695652173913,73.91304347826086,WASTED PROTECTION (Glass House Cone)
8899,inexio Informationstechnologie und Telekommunikation Gmbh,DE,23,VULNERABLE,60.31739130434784,52.17391304347826,30.434782608695656,VULNERABLE (Mixed)
61573,IP Telecom BR,BR,23,VULNERABLE,41.5,39.130434782608695,56.52173913043478,Unknown
4538,China Education and Research Network Center,CN,23,VULNERABLE,12.43913043478261,8.695652173913043,82.6086956521739,Unknown
62214,Rackforest Zrt.,HU,23,VULNERABLE,52.643478260869564,47.82608695652174,43.47826086956522,Unknown
33489,"Comcast Cable Communications, LLC",US,23,SECURE,16.97391304347826,13.043478260869565,78.26086956521739,WASTED PROTECTION (Glass House Cone)
34177,CELESTE SAS,FR,23,VULNERABLE,60.11304347826088,52.17391304347826,34.78260869565217,Unknown
49808,Energie AG Oberoesterreich Services und Digital Solutions GmbH,AT,23,VULNERABLE,56.05652173913043,52.17391304347826,39.130434782608695,Unknown
15954,"Tecnocratica Centro de Datos, S.L.",ES,23,SECURE,52.9,47.82608695652174,43.47826086956522,SECURE (Transitioning)
33661,"Comcast Cable Communications, LLC",US,23,SECURE,23.191304347826087,13.043478260869565,60.86956521739131,WASTED PROTECTION (Glass House Cone)
22516,Charter Communications LLC,US,23,VULNERABLE,44.334782608695654,34.78260869565217,52.17391304347826,VULNERABLE (Mixed)
197706,Keminet SHPK,AL,23,SECURE,83.53478260869565,73.91304347826086,13.043478260869565,HERD IMMUNITY (Ideal)
53828,"NETWORK INNOVATIONS, LLC",US,23,VULNERABLE,32.608695652173914,30.434782608695656,65.21739130434783,Unknown
52696,JSX TELECOM,BR,23,SECURE,17.391304347826086,17.391304347826086,82.6086956521739,WASTED PROTECTION (Glass House Cone)
8001,"Cologix, Inc",US,23,VULNERABLE,32.79130434782609,26.08695652173913,60.86956521739131,Unknown
35614,Therecom Ltd,UA,23,SECURE,75.36086956521739,73.91304347826086,21.73913043478261,HERD IMMUNITY (Ideal)
60764,Telecom Samara LLC,RU,23,VULNERABLE,33.06521739130435,26.08695652173913,60.86956521739131,Unknown
45650,VIA NET COMMUNICATION LTD.,NP,23,VULNERABLE,84.94782608695652,82.6086956521739,13.043478260869565,Unknown
200370,Farzanegan Pars Communications Company PJS,IR,23,VULNERABLE,82.47391304347826,69.56521739130434,13.043478260869565,Unknown
47626,"Timer, LLC",RU,22,VULNERABLE,29.85,22.727272727272727,63.63636363636363,Unknown
264788,Telconet S.A,EC,22,VULNERABLE,90.32727272727273,86.36363636363636,9.090909090909092,UNPROTECTED CAPITAL (Tragedy)
266038,VN TELECOM PROVEDORES A.R.C EIRELI,BR,22,SECURE,29.04090909090909,27.27272727272727,68.18181818181817,WASTED PROTECTION (Glass House Cone)
27229,"Webhosting.Net, Inc.",US,22,VULNERABLE,14.163636363636364,4.545454545454546,77.27272727272727,THE SWAMP (Wild West)
142669,APNIC ASN block,CN,22,VULNERABLE,0.0,0.0,100.0,THE SWAMP (Wild West)
6681,GIVEME CLOUD SP Z O O,PL,22,VULNERABLE,25.75909090909091,22.727272727272727,72.72727272727273,THE SWAMP (Wild West)
213802,Tianfeng (Hong Kong) Communications Limited,HK,22,SECURE,53.11363636363637,18.181818181818183,31.818181818181817,SECURE (Transitioning)
137983,TIANFENG (HONG KONG) COMMUNICATIONS LIMITED,HK,22,SECURE,57.65909090909091,22.727272727272727,27.27272727272727,SECURE (Transitioning)
52344,Santa Barbara Utilities,CW,22,VULNERABLE,60.877272727272725,45.45454545454545,27.27272727272727,Unknown
207044,Enet Telecommunications Networks Limited,IE,22,VULNERABLE,51.459090909090904,40.909090909090914,45.45454545454545,Unknown
8048,"CANTV Servicios, Venezuela",VE,22,VULNERABLE,78.20454545454545,72.72727272727273,18.181818181818183,Unknown
31727,Node4 Limited,GB,22,VULNERABLE,21.986363636363635,18.181818181818183,77.27272727272727,Unknown
8517,National Academic Network and Information Center,TR,22,VULNERABLE,84.0909090909091,81.81818181818183,13.636363636363635,Unknown
24651,JSC BALTICOM,LV,22,VULNERABLE,46.31818181818182,40.909090909090914,50.0,Unknown
47311,PT Atharva Telematika Persada,ID,22,VULNERABLE,69.15454545454546,63.63636363636363,27.27272727272727,Unknown
29571,Orange Côte d'Ivoire,CI,22,SECURE,27.677272727272726,18.181818181818183,68.18181818181817,WASTED PROTECTION (Glass House Cone)
14230,ARK Data Centers LLC,US,22,VULNERABLE,33.03636363636363,22.727272727272727,50.0,Unknown
28745,Joint Stock Company TransTeleCom,RU,22,SECURE,21.586363636363636,18.181818181818183,77.27272727272727,WASTED PROTECTION (Glass House Cone)
138385,Chittagong Data Communication,BD,22,VULNERABLE,86.36363636363636,86.36363636363636,13.636363636363635,UNPROTECTED CAPITAL (Tragedy)
50923,Metroset Ltd.,RU,22,VULNERABLE,11.372727272727273,0.0,81.81818181818183,Unknown
3701,Link Oregon (University of Oregon),US,22,VULNERABLE,17.954545454545453,18.181818181818183,81.81818181818183,Unknown
14593,SpaceX Starlink,US,22,SECURE,64.75909090909092,45.45454545454545,22.727272727272727,SECURE (Transitioning)
12329,GLASFASER RUHR GmbH & Co. KG,DE,22,VULNERABLE,71.55454545454546,68.18181818181817,27.27272727272727,Unknown
27932,Redes y Telecomunicaciones,HN,22,VULNERABLE,60.35454545454545,59.09090909090909,36.36363636363637,VULNERABLE (Mixed)
15763,DOKOM Gesellschaft fuer Telekommunikation mbH,DE,22,VULNERABLE,69.69545454545454,63.63636363636363,27.27272727272727,Unknown
16024,GELSEN-NET Kommunikationsgesellschaft mbH,DE,22,VULNERABLE,69.28181818181818,63.63636363636363,27.27272727272727,Unknown
24305,EdgeIX Pty Ltd,AU,22,VULNERABLE,97.67272727272729,90.9090909090909,0.0,UNPROTECTED CAPITAL (Tragedy)
39122,Blacknight Internet Solutions Limited,IE,22,SECURE,76.59545454545454,68.18181818181817,18.181818181818183,HERD IMMUNITY (Ideal)
24971,MasterDC s.r.o.,CZ,22,SECURE,50.790909090909096,45.45454545454545,45.45454545454545,SECURE (Transitioning)
35916,MULTACOM CORPORATION,US,22,SECURE,88.08636363636364,72.72727272727273,4.545454545454546,HERD IMMUNITY (Ideal)
212514,SpanningNetworks AS,NO,22,VULNERABLE,15.909090909090908,13.636363636363635,81.81818181818183,Unknown
64096,"Internet Harbor International Co., Ltd.",HK,22,VULNERABLE,53.56818181818182,18.181818181818183,31.818181818181817,Unknown
274614,VELOX NETWORK SOLUCOES TECNOLOGICAS LTDA,BR,22,VULNERABLE,40.627272727272725,40.909090909090914,59.09090909090909,Unknown
57630,84 Grams AB,SE,22,SECURE,60.449999999999996,50.0,31.818181818181817,SECURE (Transitioning)
263626,G-LAB Telecom Informatica LTDA - ME,BR,22,VULNERABLE,51.73636363636364,45.45454545454545,40.909090909090914,Unknown
59711,HZ Hosting Ltd,BG,22,VULNERABLE,25.75909090909091,22.727272727272727,72.72727272727273,Unknown
32440,Louisiana Board of Regents/Louisiana Optical Network Initiative (LONI),US,22,VULNERABLE,21.913636363636364,18.181818181818183,72.72727272727273,Unknown
2500,WIDE Project,JP,22,VULNERABLE,40.15,36.36363636363637,54.54545454545454,Unknown
47526,handily networks GmbH,DE,22,SECURE,42.42272727272727,40.909090909090914,54.54545454545454,SECURE (Transitioning)
6805,Telefonica Germany (o2),DE,22,VULNERABLE,50.32727272727273,40.909090909090914,40.909090909090914,Unknown
12180,Unitas Global,US,22,VULNERABLE,13.922727272727276,4.545454545454546,77.27272727272727,THE SWAMP (Wild West)
48452,Telco power Ltd,BG,22,VULNERABLE,84.33636363636363,77.27272727272727,9.090909090909092,UNPROTECTED CAPITAL (Tragedy)
264241,Netsul Servico de Provedor Ltda,BR,22,VULNERABLE,16.55909090909091,13.636363636363635,81.81818181818183,THE SWAMP (Wild West)
152475,BGPNET PTE. LTD.,SG,22,VULNERABLE,54.62727272727273,22.727272727272727,31.818181818181817,VULNERABLE (Mixed)
31167,AXIONE S.A.S.,FR,22,VULNERABLE,45.45454545454545,40.909090909090914,50.0,Unknown
270158,Wantelco SAS de CV,MX,22,SECURE,79.28636363636363,63.63636363636363,13.636363636363635,HERD IMMUNITY (Ideal)
54801,Zillion Network Inc.,US,22,SECURE,54.06818181818182,22.727272727272727,31.818181818181817,SECURE (Transitioning)
13739,"Datacenter IP, LLC",US,21,SECURE,19.733333333333334,14.285714285714285,76.19047619047619,WASTED PROTECTION (Glass House Cone)
49102,Connected sp. z o. o.,PL,21,VULNERABLE,19.047619047619047,19.047619047619047,80.95238095238095,Unknown
3330,eww ag,AT,21,VULNERABLE,60.31904761904762,57.14285714285714,38.095238095238095,Unknown
33983,ARTMOTION SH.P.K.,AL,21,SECURE,75.8952380952381,76.19047619047619,23.809523809523807,HERD IMMUNITY (Ideal)
263661,Brasil Digital Telecom,BR,21,VULNERABLE,45.23809523809524,33.33333333333333,47.61904761904761,Unknown
396926,C Spire Fiber,US,21,VULNERABLE,14.285714285714286,14.285714285714285,85.71428571428571,THE SWAMP (Wild West)
3676,University of Iowa,US,21,VULNERABLE,32.471428571428575,28.57142857142857,61.904761904761905,VULNERABLE (Mixed)
214292,DE-CIX Management GmbH,DE,21,VULNERABLE,98.44285714285715,95.23809523809523,0.0,UNPROTECTED CAPITAL (Tragedy)
43733,Viva Armenia CJSC,AM,21,VULNERABLE,91.66666666666667,90.47619047619048,4.761904761904762,Unknown
9044,BSE Software GmbH,CH,21,VULNERABLE,79.83333333333334,71.42857142857143,14.285714285714285,Unknown
266416,L3 NETWORKS E TELECOMUNICACOES LTDA,BR,21,VULNERABLE,29.680952380952384,28.57142857142857,66.66666666666666,Unknown
2698,Iowa State University of Science and Technology,US,21,VULNERABLE,32.471428571428575,28.57142857142857,61.904761904761905,Unknown
61888,GFT COMERCIO DE TELEFONIA E COMUNICACAO LTDA,BR,21,VULNERABLE,46.561904761904756,42.857142857142854,52.38095238095239,VULNERABLE (Mixed)
271945,AZTECA TELECOM S.R.L.,DO,21,VULNERABLE,51.82380952380952,42.857142857142854,38.095238095238095,VULNERABLE (Mixed)
12714,PJSC MegaFon,RU,21,SECURE,36.12380952380953,28.57142857142857,61.904761904761905,SECURE (Transitioning)
271060,INOVAIP TELECOM LTDA,BR,21,VULNERABLE,40.47142857142857,28.57142857142857,47.61904761904761,VULNERABLE (Mixed)
42295,TBISS Ltd,BG,21,VULNERABLE,81.18095238095239,71.42857142857143,9.523809523809524,Unknown
214481,Wojciech Czapkowicz,PL,21,VULNERABLE,28.571428571428573,28.57142857142857,71.42857142857143,Unknown
10834,Telefonica de Argentina,AR,21,SECURE,62.42857142857143,57.14285714285714,33.33333333333333,SECURE (Transitioning)
13009,Redcentric Solutions Ltd,GB,21,VULNERABLE,36.91904761904762,33.33333333333333,52.38095238095239,Unknown
42303,LM Layer and Mesh AB,SE,21,SECURE,56.82380952380952,52.38095238095239,38.095238095238095,SECURE (Transitioning)
28642,Contato Internet EIRELI,BR,21,SECURE,47.61904761904762,47.61904761904761,52.38095238095239,SECURE (Transitioning)
269351,MR TELECOMUNICACOES LTDA,BR,21,VULNERABLE,33.333333333333336,33.33333333333333,66.66666666666666,Unknown
1887,NAUKOWA I AKADEMICKA SIEC KOMPUTEROWA - PANSTWOWY INSTYTUT BADAWCZY,PL,21,VULNERABLE,50.0,47.61904761904761,47.61904761904761,Unknown
19855,"Masergy Communications, Inc.",US,21,VULNERABLE,13.928571428571429,9.523809523809524,80.95238095238095,Unknown
400212,VergeTel Group LLC,US,21,SECURE,61.904761904761905,61.904761904761905,38.095238095238095,SECURE (Transitioning)
40581,Arkansas Research and Education Optical Network,US,21,VULNERABLE,70.63333333333333,66.66666666666666,23.809523809523807,Unknown
142668,Unknown,CN,21,VULNERABLE,0.0,0.0,100.0,THE SWAMP (Wild West)
202668,Karelova Olena Viktorivna,UA,21,VULNERABLE,63.152380952380945,52.38095238095239,28.57142857142857,VULNERABLE (Mixed)
22742,Connecticut Education Network,US,21,SECURE,19.047619047619047,19.047619047619047,80.95238095238095,WASTED PROTECTION (Glass House Cone)
8445,"SALZBURG AG fur Energie, Verkehr und Telekommunikation",AT,21,VULNERABLE,56.095238095238095,52.38095238095239,42.857142857142854,Unknown
21575,ENTEL PERU S.A.,PE,21,SECURE,59.338095238095235,47.61904761904761,28.57142857142857,SECURE (Transitioning)
46849,"TEXAS LONE STAR NETWORK, LLC",US,21,SECURE,26.24761904761905,19.047619047619047,66.66666666666666,WASTED PROTECTION (Glass House Cone)
553,BelWü,DE,21,SECURE,78.42857142857144,66.66666666666666,14.285714285714285,HERD IMMUNITY (Ideal)
269070,Hostzone Tecnologia LTDA,BR,21,VULNERABLE,31.74761904761905,28.57142857142857,66.66666666666666,Unknown
269475,STI TELECOM,BR,21,VULNERABLE,30.947619047619046,19.047619047619047,57.14285714285714,VULNERABLE (Mixed)
270943,FIBINET NETWORKS TELECOMUNICACOES LTDA,BR,21,SECURE,35.70952380952381,23.809523809523807,52.38095238095239,SECURE (Transitioning)
39642,Norlys Digital A/S,DK,21,SECURE,50.0,47.61904761904761,47.61904761904761,SECURE (Transitioning)
395662,"OzarksGo, LLC",US,21,VULNERABLE,61.7047619047619,61.904761904761905,38.095238095238095,Unknown
53048,CTE TELECOM,BR,21,SECURE,27.857142857142858,19.047619047619047,66.66666666666666,WASTED PROTECTION (Glass House Cone)
270586,B2 NETWORKS MULTIMIDIA LTDA,BR,21,VULNERABLE,26.185714285714283,14.285714285714285,61.904761904761905,Unknown
6122,Iowa Communications Network,US,21,SECURE,34.17142857142857,33.33333333333333,61.904761904761905,SECURE (Transitioning)
14551,Verizon Business - LATAM,US,21,VULNERABLE,16.885714285714283,14.285714285714285,71.42857142857143,THE SWAMP (Wild West)
40107,"Quality Technology Services, LLC",US,20,VULNERABLE,32.5,30.0,65.0,Unknown
4270,Red de Interconexion Universitaria,AR,20,SECURE,88.83000000000001,80.0,5.0,HERD IMMUNITY (Ideal)
49367,Seflow s.r.l.,IT,20,VULNERABLE,43.915,25.0,45.0,Unknown
263470,WAY.COM PROVEDOR BANDA LARGA EIRELI,BR,20,SECURE,31.375,25.0,65.0,SECURE (Transitioning)
142667,Unknown,CN,20,VULNERABLE,0.0,0.0,100.0,THE SWAMP (Wild West)
18809,Cable Onda,PA,20,SECURE,89.36,85.0,10.0,HERD IMMUNITY (Ideal)
203936,"AVATEL TELECOM, SA",ES,20,VULNERABLE,93.42,90.0,5.0,Unknown
4557,Rice University,US,20,SECURE,18.75,15.0,75.0,WASTED PROTECTION (Glass House Cone)
35369,LINZ STROM GAS WAERME GmbH fuer Energiedienstleistungen und Telekommunikation,AT,20,VULNERABLE,74.475,70.0,25.0,Unknown
21334,One Hungary Ltd.,HU,20,SECURE,70.45,70.0,25.0,HERD IMMUNITY (Ideal)
23650,AS Number for CHINANET jiangsu province backbone,CN,20,VULNERABLE,0.54,0.0,100.0,THE SWAMP (Wild West)
44539,Redi LLC,RU,20,VULNERABLE,36.585,25.0,55.00000000000001,Unknown
267229,DG Telecom Serviços de Telecomunicações LTDA,BR,20,VULNERABLE,41.665,40.0,55.00000000000001,VULNERABLE (Mixed)
135523,Multinet Broadband,PK,20,VULNERABLE,74.35499999999999,70.0,25.0,Unknown
28876,suec // dacor GmbH,DE,20,VULNERABLE,44.75,40.0,45.0,Unknown
265890,GR SOLUCOES TELECOM LTDA - ME,BR,20,VULNERABLE,45.0,45.0,55.00000000000001,Unknown
271291,CS+TELECOMUNICACOES LTDA,BR,20,VULNERABLE,29.580000000000002,15.0,55.00000000000001,THE SWAMP (Wild West)
12969,Ljósleiðarinn ehf (Sýn),IS,20,VULNERABLE,30.835,25.0,65.0,Unknown
24514,Malaysian Research & Education Network,MY,20,VULNERABLE,48.275,45.0,50.0,Unknown
266247,ISPCORP Soluções Digitais Corporativas Ltda.,BR,20,SECURE,20.0,20.0,80.0,WASTED PROTECTION (Glass House Cone)
376,Reseau d'Informations Scientifiques du Quebec (RISQ Inc.),CA,20,VULNERABLE,73.845,70.0,25.0,Unknown
52391,Curacao Technology Exchange N.V (CTEX),CW,20,VULNERABLE,60.535000000000004,45.0,30.0,Unknown
36890,MTN Rwandacell,RW,20,VULNERABLE,45.43,35.0,50.0,VULNERABLE (Mixed)
8309,SIPARTECH SAS,FR,20,VULNERABLE,67.5,60.0,25.0,Unknown
267373,ÁGIL TECOMUNICACOES LTDA,BR,20,VULNERABLE,42.495,30.0,45.0,Unknown
50300,CustodianDC Limited,GB,20,SECURE,80.14500000000001,80.0,15.0,HERD IMMUNITY (Ideal)
13127,Odido Netherlands B.V.,NL,20,VULNERABLE,85.0,80.0,10.0,Unknown
36734,Paxio Inc.,US,20,SECURE,50.625,45.0,45.0,SECURE (Transitioning)
17477,Macquarie Technology Operations Pty Limited,AU,20,VULNERABLE,47.010000000000005,45.0,50.0,Unknown
49685,Signet B.V.,NL,20,VULNERABLE,56.125,45.0,40.0,Unknown
48964,"Private Enterprise ""Enterra""",UA,20,VULNERABLE,62.19,55.00000000000001,30.0,Unknown
51178,JSC Avantel,RU,20,VULNERABLE,62.5,60.0,35.0,Unknown
32298,Centersquare,US,20,SECURE,10.415000000000001,10.0,90.0,WASTED PROTECTION (Glass House Cone)
8368,Dstny BE N.V.,BE,20,VULNERABLE,55.0,55.00000000000001,45.0,Unknown
272713,CDN Star Ltda,BR,20,VULNERABLE,35.0,35.0,65.0,VULNERABLE (Mixed)
5518,SIA Tet,LV,20,SECURE,75.0,75.0,25.0,HERD IMMUNITY (Ideal)
52323,Colsecor Cooperativa Limitada,AR,20,VULNERABLE,92.5,90.0,5.0,Unknown
12778,"MEGA M, d.o.o.",SI,20,SECURE,90.0,90.0,10.0,HERD IMMUNITY (Ideal)
34304,Teen Telecom SRL,RO,20,VULNERABLE,88.69,80.0,5.0,Unknown
15169,Google LLC,US,20,SECURE,98.385,95.0,0.0,HERD IMMUNITY (Ideal)
38442,Vodafone Fiji Limited,FJ,20,VULNERABLE,92.365,85.0,5.0,Unknown
24324,Kordia Limited,NZ,20,VULNERABLE,90.935,85.0,5.0,Unknown
