asn,name,cc,cone,verdict,customer_avg_signing,quadrant,description
6939,Hurricane Electric LLC,US,67596,CORE: PROTECTED,59.71872087001554,Q3: WASTED TECH,Secure Provider + Lazy Customers
3356,Lumen (Level 3),US,66688,CORE: PROTECTED,33.13614567526555,Q3: WASTED TECH,Secure Provider + Lazy Customers
24482,SG.GS,SG,64806,Unverified (Transit/Peer?),73.57833333333333,Q2: THE VICTIMS,Vulnerable Provider + Diligent Customers
174,"Cogent Communications, LLC",US,64462,CORE: PROTECTED,43.09976179842191,Q3: WASTED TECH,Secure Provider + Lazy Customers
37721,Virtual Technologies & Solutions,BF,57892,Unverified (Transit/Peer?),66.6,Q2: THE VICTIMS,Vulnerable Provider + Diligent Customers
35280,F5 Networks SARL,FR,50697,Unverified (Transit/Peer?),66.1676923076923,Q2: THE VICTIMS,Vulnerable Provider + Diligent Customers
1299,Arelion (fka. Telia Carrier),SE,46648,CORE: PROTECTED,65.14447040498442,Q1: GOLD STANDARD,Secure Provider + Diligent Customers
9002,RETN Limited,GB,44394,SECURE (Full Coverage),67.67623509369676,Q1: GOLD STANDARD,Secure Provider + Diligent Customers
6461,Zayo Bandwidth,US,41650,CORE: PROTECTED,31.864880684376406,Q3: WASTED TECH,Secure Provider + Lazy Customers
17639,Converge ICT Solutions Inc.,PH,41299,SECURE (Full Coverage),84.73835616438356,Q1: GOLD STANDARD,Secure Provider + Diligent Customers
3216,Vimpelcom PJSC,RU,37970,SECURE (Full Coverage),31.387413394919168,Q3: WASTED TECH,Secure Provider + Lazy Customers
41327,Fiber Telecom S.p.A.,IT,36558,SECURE (Full Coverage),86.50070921985815,Q1: GOLD STANDARD,Secure Provider + Diligent Customers
34549,meerfarbig GmbH & Co. KG,DE,34483,SECURE (Full Coverage),63.81090909090909,Q1: GOLD STANDARD,Secure Provider + Diligent Customers
33891,Core-Backbone GmbH,DE,33373,SECURE (Full Coverage),68.07772727272727,Q1: GOLD STANDARD,Secure Provider + Diligent Customers
213241,TECHIT.BE SRL,BE,32535,SECURE (Full Coverage),0.0,Q3: WASTED TECH,Secure Provider + Lazy Customers
34927,iFog GmbH,CH,29713,SECURE (Full Coverage),32.647654320987655,Q3: WASTED TECH,Secure Provider + Lazy Customers
2914,"NTT America, Inc.",US,29632,CORE: PROTECTED,60.94304054054054,Q1: GOLD STANDARD,Secure Provider + Diligent Customers
3257,GTT Communications Inc.,US,29265,CORE: PROTECTED,49.59013303769402,Q3: WASTED TECH,Secure Provider + Lazy Customers
20485,TransTeleCom JSC,RU,28132,SECURE (Full Coverage),36.54113263785395,Q3: WASTED TECH,Secure Provider + Lazy Customers
34019,Hivane Association,FR,26890,SECURE (Full Coverage),73.32272727272726,Q1: GOLD STANDARD,Secure Provider + Diligent Customers
50673,Serverius Holding B.V.,NL,25327,SECURE (Full Coverage),73.61747572815534,Q1: GOLD STANDARD,Secure Provider + Diligent Customers
29632,Netassist International EOOD,DE,23796,SECURE (Full Coverage),30.14411764705882,Q3: WASTED TECH,Secure Provider + Lazy Customers
50300,CustodianDC Limited,GB,23678,SECURE (Full Coverage),85.33333333333333,Q1: GOLD STANDARD,Secure Provider + Diligent Customers
48185,team.blue NV,BE,22499,SECURE (Full Coverage),67.23333333333333,Q1: GOLD STANDARD,Secure Provider + Diligent Customers
25091,IP-Max SA,CH,19380,SECURE (Full Coverage),79.63661971830986,Q1: GOLD STANDARD,Secure Provider + Diligent Customers
13335,"Cloudflare, Inc.",US,19261,SECURE (Full Coverage),44.41009879253567,Q3: WASTED TECH,Secure Provider + Lazy Customers
56662,Marcin Gondek,PL,19141,SECURE (Full Coverage),0.0,Q3: WASTED TECH,Secure Provider + Lazy Customers
3333,Reseaux IP Europeens Network Coordination Centre (RIPE NCC),NL,16959,SECURE (Full Coverage),95.45,Q1: GOLD STANDARD,Secure Provider + Diligent Customers
212024,Marc Schmitt,FR,15156,SECURE (Full Coverage),0.0,Q3: WASTED TECH,Secure Provider + Lazy Customers
50304,Blix Solutions AS,NO,14233,SECURE (Full Coverage),59.961290322580645,Q3: WASTED TECH,Secure Provider + Lazy Customers
12389,Rostelecom PJSC,RU,14014,SECURE (Full Coverage),36.88582677165354,Q3: WASTED TECH,Secure Provider + Lazy Customers
1836,green.ch AG,CH,13419,SECURE (Full Coverage),75.0,Q1: GOLD STANDARD,Secure Provider + Diligent Customers
30781,Free Pro SAS,FR,12284,SECURE (Full Coverage),68.2551724137931,Q1: GOLD STANDARD,Secure Provider + Diligent Customers
56655,Gigahost AS,NO,11598,SECURE (Full Coverage),51.98833333333334,Q3: WASTED TECH,Secure Provider + Lazy Customers
4826,Vocus Connect International Backbone,AU,11401,SECURE (Full Coverage),50.637946428571425,Q3: WASTED TECH,Secure Provider + Lazy Customers
48858,"JSC ""ER-Telecom Holding""",RU,11016,SECURE (Full Coverage),41.04772727272727,Q3: WASTED TECH,Secure Provider + Lazy Customers
6762,Telecom Italia Sparkle (Seabone),IT,10904,CORE: PROTECTED,75.28012820512821,Q1: GOLD STANDARD,Secure Provider + Diligent Customers
20473,"The Constant Company, LLC",US,10169,SECURE (Full Coverage),50.71170212765958,Q3: WASTED TECH,Secure Provider + Lazy Customers
49673,Truenetwork LLC,RU,10031,SECURE (Full Coverage),80.0,Q1: GOLD STANDARD,Secure Provider + Diligent Customers
3491,"PCCW Global, Inc.",US,8741,CORE: PROTECTED,62.19577235772358,Q1: GOLD STANDARD,Secure Provider + Diligent Customers
6453,TATA Communications (America) Inc,US,8721,CORE: PROTECTED,64.00080906148867,Q1: GOLD STANDARD,Secure Provider + Diligent Customers
3303,Swisscom (Schweiz) AG,CH,8109,SECURE (Full Coverage),66.20722891566265,Q1: GOLD STANDARD,Secure Provider + Diligent Customers
208972,GIBIRNet Iletisim,TR,8046,SECURE (Full Coverage),95.38604651162791,Q1: GOLD STANDARD,Secure Provider + Diligent Customers
9498,Bharti Airtel Ltd.,IN,7921,SECURE (Full Coverage),56.44513966480447,Q3: WASTED TECH,Secure Provider + Lazy Customers
7575,Australian Academic and Research Network (AARNet),AU,7645,SECURE (Full Coverage),34.96304347826087,Q3: WASTED TECH,Secure Provider + Lazy Customers
38001,NewMedia Express Pte. Ltd.,SG,7628,SECURE (Full Coverage),72.06470588235294,Q1: GOLD STANDARD,Secure Provider + Diligent Customers
1103,SURF B.V.,NL,6335,SECURE (Active Local ROV),66.90434782608695,Q1: GOLD STANDARD,Secure Provider + Diligent Customers
7713,PT Telkom Indonesia Tbk,ID,5957,SECURE (Full Coverage),66.00469387755102,Q1: GOLD STANDARD,Secure Provider + Diligent Customers
8966,Etisalat (ETC),AE,5932,PARTIAL (Mixed Feeds),75.5018181818182,Q2: THE VICTIMS,Vulnerable Provider + Diligent Customers
8220,COLT,GB,5870,SECURE (Full Coverage),44.36978281397545,Q3: WASTED TECH,Secure Provider + Lazy Customers
9304,HGC Global Communications Limited,HK,5334,SECURE (Full Coverage),48.351269035533,Q3: WASTED TECH,Secure Provider + Lazy Customers
7018,"AT&T Enterprises, LLC",US,5291,CORE: PROTECTED,14.97628732150584,Q3: WASTED TECH,Secure Provider + Lazy Customers
58057,Securebit AG,CH,5072,SECURE (Full Coverage),39.397014925373135,Q3: WASTED TECH,Secure Provider + Lazy Customers
6696,VERIXI SA,BE,5040,SECURE (Full Coverage),67.81153846153846,Q1: GOLD STANDARD,Secure Provider + Diligent Customers
4637,Telstra Global,HK,4880,CORE: PROTECTED,52.79709762532981,Q3: WASTED TECH,Secure Provider + Lazy Customers
52468,UFINET PANAMA S.A.,PA,4483,SECURE (Full Coverage),61.01201923076923,Q1: GOLD STANDARD,Secure Provider + Diligent Customers
38255,China Education and Research Network (CERNET),CN,4183,Unverified (Transit/Peer?),0.0,Q4: THE SWAMP,Vulnerable Provider + Lazy Customers
3320,Deutsche Telekom AG,DE,4049,CORE: PROTECTED,55.01244167962675,Q3: WASTED TECH,Secure Provider + Lazy Customers
701,Verizon Business,US,4042,CORE: PROTECTED,17.97429492344883,Q3: WASTED TECH,Secure Provider + Lazy Customers
57304,RETN Russia,RU,3891,PARTIAL (Mixed Feeds),71.58888888888889,Q2: THE VICTIMS,Vulnerable Provider + Diligent Customers
22652,Videotron Ltee,CA,3528,SECURE (Full Coverage),36.293670886075944,Q3: WASTED TECH,Secure Provider + Lazy Customers
8218,Zayo Europe,FR,3414,SECURE (Full Coverage),51.72816901408451,Q3: WASTED TECH,Secure Provider + Lazy Customers
24115,Equinix IX,SG,3318,PARTIAL (Mixed Feeds),77.2,Q2: THE VICTIMS,Vulnerable Provider + Diligent Customers
15830,"Equinix, Inc.",NL,3267,SECURE (Full Coverage),32.700873362445414,Q3: WASTED TECH,Secure Provider + Lazy Customers
204092,Association GRIFON,FR,3089,SECURE (Active Local ROV),87.87777777777778,Q1: GOLD STANDARD,Secure Provider + Diligent Customers
394256,Tech Futures Interactive Inc.,CA,2908,SECURE (Full Coverage),69.41428571428571,Q1: GOLD STANDARD,Secure Provider + Diligent Customers
12859,BIT BV,NL,2854,SECURE (Active Local ROV),85.06428571428572,Q1: GOLD STANDARD,Secure Provider + Diligent Customers
31133,MegaFon PJSC,RU,2757,SECURE (Full Coverage),44.499153976311334,Q3: WASTED TECH,Secure Provider + Lazy Customers
16735,Algar Telecom,BR,2655,SECURE (Full Coverage),34.81945945945946,Q3: WASTED TECH,Secure Provider + Lazy Customers
9930,TIME dotCom Bhd,MY,2531,PARTIAL (Mixed Feeds),51.777906976744184,Q4: THE SWAMP,Vulnerable Provider + Lazy Customers
14907,Wikimedia Foundation Inc.,US,2492,SECURE (Active Local ROV),0.0,Q3: WASTED TECH,Secure Provider + Lazy Customers
50628,Leonix Telecom SAS,FR,2465,SECURE (Full Coverage),88.88888888888889,Q1: GOLD STANDARD,Secure Provider + Diligent Customers
32787,Akamai (Prolexic),US,2427,SECURE (Full Coverage),26.846493902439022,Q3: WASTED TECH,Secure Provider + Lazy Customers
4755,TATA Communications (formerly VSNL),IN,2349,SECURE (Full Coverage),54.63858477970628,Q3: WASTED TECH,Secure Provider + Lazy Customers
23764,China Telecom Global,HK,2319,PARTIAL (Mixed Feeds),58.48770491803279,Q4: THE SWAMP,Vulnerable Provider + Lazy Customers
2119,Telenor Norge AS,NO,2312,SECURE (Active Local ROV),59.44615384615385,Q3: WASTED TECH,Secure Provider + Lazy Customers
13030,Init7 (Switzerland) Ltd.,CH,2206,SECURE (Active Local ROV),63.77461538461539,Q1: GOLD STANDARD,Secure Provider + Diligent Customers
5511,Orange S.A.,FR,2201,CORE: PROTECTED,70.2864705882353,Q1: GOLD STANDARD,Secure Provider + Diligent Customers
52025,ParadoxNetworks Limited,GB,2160,PARTIAL (Mixed Feeds),56.34183673469388,Q4: THE SWAMP,Vulnerable Provider + Lazy Customers
852,TELUS Communications Inc.,CA,2147,SECURE (Full Coverage),22.636057692307695,Q3: WASTED TECH,Secure Provider + Lazy Customers
64073,Vetta Online Ltd,NZ,2007,SECURE (Full Coverage),71.875,Q1: GOLD STANDARD,Secure Provider + Diligent Customers
20562,Open Peering (Broadband Hosting B.V.),NL,1976,PARTIAL (Mixed Feeds),79.90229007633589,Q2: THE VICTIMS,Vulnerable Provider + Diligent Customers
42708,Glesys AB,SE,1792,PARTIAL (Mixed Feeds),65.43673469387755,Q2: THE VICTIMS,Vulnerable Provider + Diligent Customers
14840,BR.DIGITAL ,BR,1606,SECURE (Full Coverage),46.44417177914111,Q3: WASTED TECH,Secure Provider + Lazy Customers
12956,Telxius (Telefonica Global),ES,1493,CORE: PROTECTED,64.28859315589354,Q1: GOLD STANDARD,Secure Provider + Diligent Customers
8359,MTS PJSC,RU,1412,SECURE (Full Coverage),31.371521739130433,Q3: WASTED TECH,Secure Provider + Lazy Customers
46887,Crown Castle Fiber LLC,US,1401,SECURE (Full Coverage),18.91082423038729,Q3: WASTED TECH,Secure Provider + Lazy Customers
53062,ALT | GRUPO BRASIL TECPAR,BR,1383,SECURE (Full Coverage),40.473,Q3: WASTED TECH,Secure Provider + Lazy Customers
4230,Claro (Embratel),BR,1249,SECURE (Active Local ROV),28.151246537396123,Q3: WASTED TECH,Secure Provider + Lazy Customers
29504,"Freenet Liberec, z.s.",CZ,1209,SECURE (Full Coverage),0.0,Q3: WASTED TECH,Secure Provider + Lazy Customers
202365,Chronos,TR,1198,PARTIAL (Mixed Feeds),47.75,Q4: THE SWAMP,Vulnerable Provider + Lazy Customers
1257,Tele2 Sverige AB,EU,1193,SECURE (Full Coverage),52.67814207650274,Q3: WASTED TECH,Secure Provider + Lazy Customers
20764,CJSC RASCOM,RU,1137,SECURE (Active Local ROV),58.640316205533594,Q3: WASTED TECH,Secure Provider + Lazy Customers
4766,Korea Telecom,KR,1116,SECURE (Full Coverage),5.416530612244898,Q3: WASTED TECH,Secure Provider + Lazy Customers
137409,GSL Networks Pty LTD,AU,1072,SECURE (Active Local ROV),79.76467391304348,Q1: GOLD STANDARD,Secure Provider + Diligent Customers
9049,"JSC ""ER-Telecom Holding""",RU,1053,PARTIAL (Mixed Feeds),32.97543424317618,Q4: THE SWAMP,Vulnerable Provider + Lazy Customers
7195,EdgeUno,CO,1043,SECURE (Active Local ROV),80.2607476635514,Q1: GOLD STANDARD,Secure Provider + Diligent Customers
37468,Angola Cables,AO,969,SECURE (Active Local ROV),59.34699453551912,Q3: WASTED TECH,Secure Provider + Lazy Customers
21859,Zenlayer Inc,US,969,PARTIAL (Mixed Feeds),73.33611111111111,Q2: THE VICTIMS,Vulnerable Provider + Diligent Customers
201054,Stowarzyszenie e-Poludnie,PL,951,SECURE (Full Coverage),54.81111111111111,Q3: WASTED TECH,Secure Provider + Lazy Customers
58717,Summit Communications Ltd,BD,926,PARTIAL (Mixed Feeds),97.8782894736842,Q2: THE VICTIMS,Vulnerable Provider + Diligent Customers
4635,HKIX Route Servers,HK,902,PARTIAL (Mixed Feeds),59.018918918918914,Q4: THE SWAMP,Vulnerable Provider + Lazy Customers
12741,Netia SA,PL,872,PARTIAL (Mixed Feeds),44.128365384615385,Q4: THE SWAMP,Vulnerable Provider + Lazy Customers
59919,Brainbox S.r.l.,IT,835,PARTIAL (Mixed Feeds),10.0,Q4: THE SWAMP,Vulnerable Provider + Lazy Customers
35598,INETCOM CARRIER LLC,RU,831,PARTIAL (Mixed Feeds),49.514074074074074,Q4: THE SWAMP,Vulnerable Provider + Lazy Customers
13786,"Seaborn (Seabras USA, LLC)",US,818,SECURE (Active Local ROV),61.59130434782608,Q1: GOLD STANDARD,Secure Provider + Diligent Customers
60068,Datacamp Limited (CDN77 / DataPacket),GB,768,SECURE (Active Local ROV),86.79642857142856,Q1: GOLD STANDARD,Secure Provider + Diligent Customers
3223,Voxility LLP,GB,731,PARTIAL (Mixed Feeds),71.72677595628416,Q2: THE VICTIMS,Vulnerable Provider + Diligent Customers
5405,Inter.link GmbH,DE,728,SECURE (Active Local ROV),78.12413793103448,Q1: GOLD STANDARD,Secure Provider + Diligent Customers
209,Lumen (ex. Qwest),US,698,CORE: PROTECTED,11.8296875,Q3: WASTED TECH,Secure Provider + Lazy Customers
34854,Staclar Carrier Ltd.,GB,691,PARTIAL (Mixed Feeds),19.444444444444443,Q4: THE SWAMP,Vulnerable Provider + Lazy Customers
3549,Lumen (fka. Global Crossing),US,691,SECURE (Full Coverage),33.42553191489362,Q3: WASTED TECH,Secure Provider + Lazy Customers
9583,Sify Limited,IN,682,PARTIAL (Mixed Feeds),66.57303921568628,Q2: THE VICTIMS,Vulnerable Provider + Diligent Customers
34800,Securebit AG,CH,681,PARTIAL (Mixed Feeds),0.0,Q4: THE SWAMP,Vulnerable Provider + Lazy Customers
55720,Gigabit Hosting Sdn Bhd,MY,669,SECURE (Full Coverage),71.31333333333333,Q1: GOLD STANDARD,Secure Provider + Diligent Customers
61832,Giga+ Empresas,BR,654,SECURE (Full Coverage),38.594941634241245,Q3: WASTED TECH,Secure Provider + Lazy Customers
61568,ALOO TELECOM - FSF TECNOLOGIA SA,BR,616,SECURE (Full Coverage),44.621808510638296,Q3: WASTED TECH,Secure Provider + Lazy Customers
1403,EBOX,CA,605,SECURE (Full Coverage),76.80000000000001,Q1: GOLD STANDARD,Secure Provider + Diligent Customers
12779,IT.Gate S.p.A.,IT,582,SECURE (Active Local ROV),70.17906976744186,Q1: GOLD STANDARD,Secure Provider + Diligent Customers
577,Bell Canada,CA,575,SECURE (Full Coverage),28.66968503937008,Q3: WASTED TECH,Secure Provider + Lazy Customers
62255,BiMajLink d.o.o.,SI,566,PARTIAL (Mixed Feeds),49.15217391304348,Q4: THE SWAMP,Vulnerable Provider + Lazy Customers
30844,Liquid Intelligent Technologies ,GB,564,PARTIAL (Mixed Feeds),31.91659574468085,Q4: THE SWAMP,Vulnerable Provider + Lazy Customers
1221,Telstra Limited,AU,561,SECURE (Full Coverage),53.8386524822695,Q3: WASTED TECH,Secure Provider + Lazy Customers
37100,SEACOM Limited,MU,546,SECURE (Active Local ROV),42.791372549019606,Q3: WASTED TECH,Secure Provider + Lazy Customers
212508,Lowhosting services of Davide Gennari,IT,546,PARTIAL (Mixed Feeds),100.0,Q2: THE VICTIMS,Vulnerable Provider + Diligent Customers
4800,PT Aplikanusa Lintasarta,ID,546,PARTIAL (Mixed Feeds),72.2805243445693,Q2: THE VICTIMS,Vulnerable Provider + Diligent Customers
6327,Shaw Communications,CA,535,SECURE (Full Coverage),33.268844221105525,Q3: WASTED TECH,Secure Provider + Lazy Customers
10429,Vivo (TELEFÔNICA BRASIL),BR,532,SECURE (Full Coverage),34.39826388888889,Q3: WASTED TECH,Secure Provider + Lazy Customers
136106,PT Mega Akses Persada,ID,531,PARTIAL (Mixed Feeds),91.3272340425532,Q2: THE VICTIMS,Vulnerable Provider + Diligent Customers
8708,DIGI ROMANIA S.A.,RO,520,SECURE (Active Local ROV),88.74180327868852,Q1: GOLD STANDARD,Secure Provider + Diligent Customers
9121,Turk Telekom,TR,515,SECURE (Active Local ROV),88.021875,Q1: GOLD STANDARD,Secure Provider + Diligent Customers
23520,"Columbus Networks USA, Inc.",US,513,PARTIAL (Mixed Feeds),69.85925925925926,Q2: THE VICTIMS,Vulnerable Provider + Diligent Customers
22773,Cox Communications Inc.,US,509,SECURE (Full Coverage),27.78818565400844,Q3: WASTED TECH,Secure Provider + Lazy Customers
28917,"Fiord Networks, UAB",LT,509,PARTIAL (Mixed Feeds),56.080625,Q4: THE SWAMP,Vulnerable Provider + Lazy Customers
61292,Blix Group AS,NO,507,PARTIAL (Mixed Feeds),100.0,Q2: THE VICTIMS,Vulnerable Provider + Diligent Customers
1273,Vodafone Group PLC,EU,483,CORE: PROTECTED,56.715862068965514,Q3: WASTED TECH,Secure Provider + Lazy Customers
55655,PT Sarana Insan Muda Selaras,ID,482,PARTIAL (Mixed Feeds),93.15745454545454,Q2: THE VICTIMS,Vulnerable Provider + Diligent Customers
31500,Global Network Management Inc,AG,479,PARTIAL (Mixed Feeds),59.14876543209877,Q4: THE SWAMP,Vulnerable Provider + Lazy Customers
23947,PT Mora Telematika Indonesia Tbk,ID,478,SECURE (Active Local ROV),72.77242990654206,Q1: GOLD STANDARD,Secure Provider + Diligent Customers
9318,SK Broadband Co Ltd,KR,478,SECURE (Active Local ROV),4.351081081081081,Q3: WASTED TECH,Secure Provider + Lazy Customers
54004,Optimum WiFi,US,465,SECURE (Full Coverage),52.43487654320988,Q3: WASTED TECH,Secure Provider + Lazy Customers
20804,Exatel S.A.,PL,463,PARTIAL (Mixed Feeds),59.47076923076923,Q4: THE SWAMP,Vulnerable Provider + Lazy Customers
4608,Asia Pacific Network Information Centre,AU,460,PARTIAL (Mixed Feeds),81.47777777777777,Q2: THE VICTIMS,Vulnerable Provider + Diligent Customers
55836,Reliance Jio Infocomm Limited,IN,449,SECURE (Full Coverage),64.65517241379311,Q1: GOLD STANDARD,Secure Provider + Diligent Customers
37662,West Indian Ocean Cable Company (WIOCC),MU,448,PARTIAL (Mixed Feeds),40.663529411764706,Q4: THE SWAMP,Vulnerable Provider + Lazy Customers
3786,LG DACOM Corporation,KR,448,PARTIAL (Mixed Feeds),2.991869918699187,Q4: THE SWAMP,Vulnerable Provider + Lazy Customers
7717,OpenIXP Route Servers,ID,437,PARTIAL (Mixed Feeds),78.75,Q2: THE VICTIMS,Vulnerable Provider + Diligent Customers
267613,ELETRONET S.A.,BR,432,SECURE (Active Local ROV),43.75987654320988,Q3: WASTED TECH,Secure Provider + Lazy Customers
50607,Stowarzyszenie e-Poludnie,PL,428,SECURE (Full Coverage),49.439862542955325,Q3: WASTED TECH,Secure Provider + Lazy Customers
7545,TPG Telecom Limited,AU,427,SECURE (Active Local ROV),37.974489795918366,Q3: WASTED TECH,Secure Provider + Lazy Customers
138840,PT Parsaoran Global Datatrans,ID,427,PARTIAL (Mixed Feeds),83.768,Q2: THE VICTIMS,Vulnerable Provider + Diligent Customers
2497,Internet Initiative Japan Inc.,JP,419,SECURE (Active Local ROV),48.5703125,Q3: WASTED TECH,Secure Provider + Lazy Customers
11537,Internet2,US,413,SECURE (Full Coverage),0.0,Q3: WASTED TECH,Secure Provider + Lazy Customers
3326,Datagroup PJSC,UA,402,SECURE (Active Local ROV),50.88161434977579,Q3: WASTED TECH,Secure Provider + Lazy Customers
50263,A-Systems Sp. z o.o.,PL,399,PARTIAL (Mixed Feeds),75.46917293233082,Q2: THE VICTIMS,Vulnerable Provider + Diligent Customers
58453,China Mobile International,HK,392,PARTIAL (Mixed Feeds),72.00232558139534,Q2: THE VICTIMS,Vulnerable Provider + Diligent Customers
17676,SoftBank Corp.,JP,381,SECURE (Full Coverage),58.2521978021978,Q3: WASTED TECH,Secure Provider + Lazy Customers
7049,Silica Networks Argentina S.A.,AR,380,PARTIAL (Mixed Feeds),78.6283105022831,Q2: THE VICTIMS,Vulnerable Provider + Diligent Customers
29535,Orange Polska Spolka Akcyjna,PL,379,SECURE (Active Local ROV),57.64565217391305,Q3: WASTED TECH,Secure Provider + Lazy Customers
264409,Huge Networks,BR,379,PARTIAL (Mixed Feeds),69.33304347826088,Q2: THE VICTIMS,Vulnerable Provider + Diligent Customers
4134,China Telecom Backbone,CN,378,CORE: UNPROTECTED,4.8446808510638295,Q3: WASTED TECH,Secure Provider + Lazy Customers
28283,Adyl Telecom,BR,376,PARTIAL (Mixed Feeds),48.8027397260274,Q4: THE SWAMP,Vulnerable Provider + Lazy Customers
206499,LOCIX LIMITED,GB,369,PARTIAL (Mixed Feeds),24.605555555555554,Q4: THE SWAMP,Vulnerable Provider + Lazy Customers
19551,Incapsula Inc,US,367,PARTIAL (Mixed Feeds),38.80129032258064,Q4: THE SWAMP,Vulnerable Provider + Lazy Customers
55410,Vodafone Idea Ltd,IN,358,SECURE (Active Local ROV),70.7038043478261,Q1: GOLD STANDARD,Secure Provider + Diligent Customers
50509,Transroute.Net,RU,356,PARTIAL (Mixed Feeds),54.646153846153844,Q4: THE SWAMP,Vulnerable Provider + Lazy Customers
29076,Citytelecom LLC,RU,353,PARTIAL (Mixed Feeds),48.28051948051948,Q4: THE SWAMP,Vulnerable Provider + Lazy Customers
5617,Orange Polska Spolka Akcyjna,PL,348,SECURE (Full Coverage),53.67111111111111,Q3: WASTED TECH,Secure Provider + Lazy Customers
7029,Windstream Communications LLC,US,348,SECURE (Full Coverage),27.488122605363984,Q3: WASTED TECH,Secure Provider + Lazy Customers
271253,LINK BRASIL TELECOMUNICACOES LTDA,BR,344,SECURE (Active Local ROV),35.531,Q3: WASTED TECH,Secure Provider + Lazy Customers
34984,Superonline Iletisim Hizmetleri A.S.,TR,330,SECURE (Full Coverage),87.3182879377432,Q1: GOLD STANDARD,Secure Provider + Diligent Customers
35297,Dataline LLC,UA,321,PARTIAL (Mixed Feeds),69.32322580645162,Q2: THE VICTIMS,Vulnerable Provider + Diligent Customers
7474,SingTel Optus Pty Ltd,AU,319,SECURE (Full Coverage),41.97614213197969,Q3: WASTED TECH,Secure Provider + Lazy Customers
52965,1Telecom,BR,314,SECURE (Full Coverage),43.31208053691275,Q3: WASTED TECH,Secure Provider + Lazy Customers
10075,Fiber@Home Global Limited,BD,314,PARTIAL (Mixed Feeds),95.76347305389221,Q2: THE VICTIMS,Vulnerable Provider + Diligent Customers
38158,PT Cyberindo Aditama,ID,311,PARTIAL (Mixed Feeds),91.45608465608466,Q2: THE VICTIMS,Vulnerable Provider + Diligent Customers
1031,PEER 1031 LLC,US,311,PARTIAL (Mixed Feeds),64.79259259259258,Q2: THE VICTIMS,Vulnerable Provider + Diligent Customers
45820,Tata Teleservices ISP,IN,306,VULNERABLE (No Coverage),70.59514563106796,Q2: THE VICTIMS,Vulnerable Provider + Diligent Customers
7473,Singapore Telecommunications Ltd,SG,305,SECURE (Active Local ROV),64.08969696969696,Q1: GOLD STANDARD,Secure Provider + Diligent Customers
29119,AIRE NETWORKS DEL MEDITERRANEO SL UNIPERSONAL,ES,304,PARTIAL (Mixed Feeds),72.44631578947369,Q2: THE VICTIMS,Vulnerable Provider + Diligent Customers
6830,Liberty Global Europe Holding B.V.,NL,296,CORE: PROTECTED,75.86595744680851,Q1: GOLD STANDARD,Secure Provider + Diligent Customers
139009,Windstream Communication Limited,BD,294,PARTIAL (Mixed Feeds),97.35114942528735,Q2: THE VICTIMS,Vulnerable Provider + Diligent Customers
23106,American Tower Brasil,BR,293,SECURE (Active Local ROV),37.90833333333333,Q3: WASTED TECH,Secure Provider + Lazy Customers
62081,Stowarzyszenie e-Poludnie,PL,292,SECURE (Full Coverage),51.62519083969465,Q3: WASTED TECH,Secure Provider + Lazy Customers
6730,Sunrise GmbH,CH,289,SECURE (Active Local ROV),48.8075,Q3: WASTED TECH,Secure Provider + Lazy Customers
7303,Telecom Argentina S.A.,AR,286,SECURE (Full Coverage),73.59196428571428,Q1: GOLD STANDARD,Secure Provider + Diligent Customers
22381,SAMM (Megatelecom),BR,285,SECURE (Full Coverage),42.296273291925466,Q3: WASTED TECH,Secure Provider + Lazy Customers
28368,Wirelink (Sobralnet),BR,285,SECURE (Full Coverage),32.36666666666667,Q3: WASTED TECH,Secure Provider + Lazy Customers
58682,Level3 Carrier Ltd.,BD,283,PARTIAL (Mixed Feeds),97.01847133757961,Q2: THE VICTIMS,Vulnerable Provider + Diligent Customers
35625,Eurofiber France SAS,FR,283,PARTIAL (Mixed Feeds),60.52372881355932,Q2: THE VICTIMS,Vulnerable Provider + Diligent Customers
8280,SYNAPSECOM S.A. Provider of Telecommunications and Internet Services,GR,283,SECURE (Active Local ROV),97.90625,Q1: GOLD STANDARD,Secure Provider + Diligent Customers
13237,euNetworks GmbH,DE,282,PARTIAL (Mixed Feeds),46.48186813186813,Q4: THE SWAMP,Vulnerable Provider + Lazy Customers
24785,Joint Transit (Broadband Hosting B.V.),NL,278,PARTIAL (Mixed Feeds),75.48888888888888,Q2: THE VICTIMS,Vulnerable Provider + Diligent Customers
18403,FPT Telecom Company,VN,278,SECURE (Active Local ROV),84.03198198198197,Q1: GOLD STANDARD,Secure Provider + Diligent Customers
54994,Meteverse Limited,CA,276,PARTIAL (Mixed Feeds),53.75714285714286,Q4: THE SWAMP,Vulnerable Provider + Lazy Customers
33491,"Comcast Cable Communications, LLC",US,273,SECURE (Full Coverage),33.87309236947791,Q3: WASTED TECH,Secure Provider + Lazy Customers
2516,KDDI Corporation,JP,269,PARTIAL (Mixed Feeds),42.04906832298136,Q4: THE SWAMP,Vulnerable Provider + Lazy Customers
9299,PLDT (Philippine Long Distance Telephone Company),PH,268,SECURE (Active Local ROV),62.39217877094973,Q1: GOLD STANDARD,Secure Provider + Diligent Customers
20940,Akamai International B.V.,NL,267,PARTIAL (Mixed Feeds),98.67857142857143,Q2: THE VICTIMS,Vulnerable Provider + Diligent Customers
10796,Charter Communications Inc,US,266,SECURE (Full Coverage),24.436956521739127,Q3: WASTED TECH,Secure Provider + Lazy Customers
12912,T-Mobile Polska S.A.,PL,265,PARTIAL (Mixed Feeds),40.51010101010101,Q4: THE SWAMP,Vulnerable Provider + Lazy Customers
29226,MasterTel,RU,264,PARTIAL (Mixed Feeds),36.99095744680851,Q4: THE SWAMP,Vulnerable Provider + Lazy Customers
3255,Ukrainian Academic and Research Network,UA,264,PARTIAL (Mixed Feeds),49.899401197604796,Q4: THE SWAMP,Vulnerable Provider + Lazy Customers
20115,Charter Communications LLC,US,264,SECURE (Full Coverage),37.083673469387755,Q3: WASTED TECH,Secure Provider + Lazy Customers
139341,WeChat/QQ CDN,SG,262,PARTIAL (Mixed Feeds),63.0,Q2: THE VICTIMS,Vulnerable Provider + Diligent Customers
18229,CtrlS,IN,260,PARTIAL (Mixed Feeds),89.24428571428572,Q2: THE VICTIMS,Vulnerable Provider + Diligent Customers
15412,Flag Telecom UK Limited,GB,253,SECURE (Active Local ROV),77.80222222222223,Q1: GOLD STANDARD,Secure Provider + Diligent Customers
12552,GlobalConnect (IP-Only),SE,248,PARTIAL (Mixed Feeds),55.94472049689441,Q4: THE SWAMP,Vulnerable Provider + Lazy Customers
53181,K2 Telecom e Multimidia LTDA ME,BR,246,SECURE (Full Coverage),47.75664335664336,Q3: WASTED TECH,Secure Provider + Lazy Customers
11432,Telium Telecomunicações Ltda,BR,244,SECURE (Full Coverage),34.17680412371134,Q3: WASTED TECH,Secure Provider + Lazy Customers
5650,Frontier Communications,US,242,SECURE (Full Coverage),30.11095890410959,Q3: WASTED TECH,Secure Provider + Lazy Customers
9009,M247 Europe SRL,RO,241,SECURE (Active Local ROV),85.02325581395348,Q1: GOLD STANDARD,Secure Provider + Diligent Customers
1828,Unitas Global,US,240,PARTIAL (Mixed Feeds),26.536250000000003,Q4: THE SWAMP,Vulnerable Provider + Lazy Customers
42337,Respina Networks & Beyond PJSC,IR,239,Unverified (Transit/Peer?),90.58723404255319,Q2: THE VICTIMS,Vulnerable Provider + Diligent Customers
4787,PT Cyberindo Aditama,ID,239,SECURE (Full Coverage),67.47477477477477,Q1: GOLD STANDARD,Secure Provider + Diligent Customers
35320,Eurotranstelecom Ltd,UA,238,SECURE (Active Local ROV),60.03307086614173,Q1: GOLD STANDARD,Secure Provider + Diligent Customers
22927,Telefonica de Argentina,AR,238,SECURE (Active Local ROV),79.29367816091954,Q1: GOLD STANDARD,Secure Provider + Diligent Customers
812,Rogers Communications Canada Inc.,CA,237,SECURE (Full Coverage),22.148076923076925,Q3: WASTED TECH,Secure Provider + Lazy Customers
1764,Next Layer Telecommunications,AT,230,SECURE (Active Local ROV),46.893798449612405,Q3: WASTED TECH,Secure Provider + Lazy Customers
9730,Bharti Telesonic Ltd,IN,230,VULNERABLE (No Coverage),84.3906976744186,Q2: THE VICTIMS,Vulnerable Provider + Diligent Customers
31027,GlobalConnect A/S,DK,225,SECURE (Active Local ROV),55.19583333333333,Q3: WASTED TECH,Secure Provider + Lazy Customers
12874,Fastweb SpA,IT,223,SECURE (Active Local ROV),42.92537313432836,Q3: WASTED TECH,Secure Provider + Lazy Customers
263009,FORTE TELECOM LTDA.,BR,222,SECURE (Full Coverage),45.85636363636363,Q3: WASTED TECH,Secure Provider + Lazy Customers
131111,PT Mora Telematika Indonesia Tbk,ID,220,SECURE (Full Coverage),0.0,Q3: WASTED TECH,Secure Provider + Lazy Customers
971,PureVoltage Hosting Inc.,US,220,PARTIAL (Mixed Feeds),89.275,Q2: THE VICTIMS,Vulnerable Provider + Diligent Customers
16276,OVH SAS,FR,218,SECURE (Active Local ROV),73.91052631578948,Q1: GOLD STANDARD,Secure Provider + Diligent Customers
61973,Netassist International s.r.o.,CZ,217,PARTIAL (Mixed Feeds),0.0,Q4: THE SWAMP,Vulnerable Provider + Lazy Customers
12302,Vodafone Romania S.A.,RO,215,Unverified (Transit/Peer?),72.55567010309278,Q2: THE VICTIMS,Vulnerable Provider + Diligent Customers
53667,FranTech Solutions,US,213,SECURE (Active Local ROV),34.735099337748345,Q3: WASTED TECH,Secure Provider + Lazy Customers
8717,A1 Bulgaria EAD,BG,211,PARTIAL (Mixed Feeds),84.8367816091954,Q2: THE VICTIMS,Vulnerable Provider + Diligent Customers
45899,VNPT Corp,VN,211,SECURE (Active Local ROV),75.38842975206612,Q1: GOLD STANDARD,Secure Provider + Diligent Customers
8641,"LLC ""Nauka-Svyaz""",RU,207,PARTIAL (Mixed Feeds),50.784375,Q4: THE SWAMP,Vulnerable Provider + Lazy Customers
212895,Johannes Ernst,DE,206,PARTIAL (Mixed Feeds),25.151875,Q4: THE SWAMP,Vulnerable Provider + Lazy Customers
198949,Radware,IL,206,PARTIAL (Mixed Feeds),41.00526315789474,Q4: THE SWAMP,Vulnerable Provider + Lazy Customers
9050,Orange Romania S.A.,RO,206,PARTIAL (Mixed Feeds),68.05766871165643,Q2: THE VICTIMS,Vulnerable Provider + Diligent Customers
13536,"FirstLight Fiber, Inc.",US,206,PARTIAL (Mixed Feeds),26.814102564102566,Q4: THE SWAMP,Vulnerable Provider + Lazy Customers
7922,"Comcast Cable Communications, LLC",US,205,CORE: PROTECTED,48.481415929203536,Q3: WASTED TECH,Secure Provider + Lazy Customers
8881,1&1 Versatel GmbH,DE,200,SECURE (Active Local ROV),49.29161676646707,Q3: WASTED TECH,Secure Provider + Lazy Customers
263903,INFORBARRA TELECOM,BR,198,SECURE (Full Coverage),28.64134615384615,Q3: WASTED TECH,Secure Provider + Lazy Customers
64289,Macarne.com,US,194,PARTIAL (Mixed Feeds),74.99090909090908,Q2: THE VICTIMS,Vulnerable Provider + Diligent Customers
53087,TELY Ltda.,BR,192,SECURE (Full Coverage),42.35327102803738,Q3: WASTED TECH,Secure Provider + Lazy Customers
17557,Pakistan Telecommunication Company Limited,PK,192,PARTIAL (Mixed Feeds),77.86631578947369,Q2: THE VICTIMS,Vulnerable Provider + Diligent Customers
269096,NORTH TECNOLOGIA,BR,190,PARTIAL (Mixed Feeds),31.1562962962963,Q4: THE SWAMP,Vulnerable Provider + Lazy Customers
262663,METROFLEX TELECOMUNICACOES LTDA,BR,190,PARTIAL (Mixed Feeds),40.0,Q4: THE SWAMP,Vulnerable Provider + Lazy Customers
36236,"NetActuate, Inc",US,189,SECURE (Active Local ROV),59.90594059405941,Q3: WASTED TECH,Secure Provider + Lazy Customers
58389,PT Sumber Data Indonesia,ID,189,PARTIAL (Mixed Feeds),94.13595505617978,Q2: THE VICTIMS,Vulnerable Provider + Diligent Customers
34872,Servperso Systems,BE,189,PARTIAL (Mixed Feeds),46.45061728395062,Q4: THE SWAMP,Vulnerable Provider + Lazy Customers
60171,AFR-IX TELECOM S.A.,ES,188,PARTIAL (Mixed Feeds),58.972115384615385,Q4: THE SWAMP,Vulnerable Provider + Lazy Customers
6204,INTERKVM HOST SRL,RO,188,PARTIAL (Mixed Feeds),87.29125,Q2: THE VICTIMS,Vulnerable Provider + Diligent Customers
28598,MOB,BR,187,SECURE (Full Coverage),41.25775862068965,Q3: WASTED TECH,Secure Provider + Lazy Customers
32098,Flō Networks (Transtelco Inc.),US,187,SECURE (Full Coverage),37.5768115942029,Q3: WASTED TECH,Secure Provider + Lazy Customers
7738,V.tal,BR,187,SECURE (Full Coverage),39.863302752293585,Q3: WASTED TECH,Secure Provider + Lazy Customers
11404,Wave Broadband,US,186,SECURE (Active Local ROV),33.74233576642336,Q3: WASTED TECH,Secure Provider + Lazy Customers
8447,A1 Telekom Austria AG,AT,185,SECURE (Active Local ROV),43.840495867768595,Q3: WASTED TECH,Secure Provider + Lazy Customers
702,Verizon Business - EMEA,US,183,SECURE (Full Coverage),18.60414201183432,Q3: WASTED TECH,Secure Provider + Lazy Customers
269194,ST1 INTERNET,BR,183,SECURE (Full Coverage),36.10940170940171,Q3: WASTED TECH,Secure Provider + Lazy Customers
11164,Internet2 I2PX,US,182,SECURE (Full Coverage),45.199999999999996,Q3: WASTED TECH,Secure Provider + Lazy Customers
53013,WIXNET DO BRASIL LTDA - ME,BR,182,SECURE (Active Local ROV),58.12732558139535,Q3: WASTED TECH,Secure Provider + Lazy Customers
199995,Omega Telecom LLC,UA,180,PARTIAL (Mixed Feeds),67.40188679245283,Q2: THE VICTIMS,Vulnerable Provider + Diligent Customers
57344,Telehouse EAD,BG,179,PARTIAL (Mixed Feeds),82.22265625,Q2: THE VICTIMS,Vulnerable Provider + Diligent Customers
20205,"Amplex Electric, Inc.",US,179,SECURE (Full Coverage),100.0,Q1: GOLD STANDARD,Secure Provider + Diligent Customers
263444,Open X Tecnologia Ltda,BR,178,SECURE (Active Local ROV),53.08732394366197,Q3: WASTED TECH,Secure Provider + Lazy Customers
13649,Flexential Colorado Corp.,US,177,SECURE (Full Coverage),14.273595505617976,Q3: WASTED TECH,Secure Provider + Lazy Customers
4788,TM Technology Services Sdn. Bhd.,MY,176,SECURE (Active Local ROV),57.531000000000006,Q3: WASTED TECH,Secure Provider + Lazy Customers
18678,INTERNEXA S.A. E.S.P,CO,176,PARTIAL (Mixed Feeds),55.843434343434346,Q4: THE SWAMP,Vulnerable Provider + Lazy Customers
8866,Vivacom Bulgaria EAD,BG,175,SECURE (Active Local ROV),96.05130434782609,Q1: GOLD STANDARD,Secure Provider + Diligent Customers
3269,TIM S.p.A. (fka. Telecom Italia S.p.A.),IT,174,SECURE (Active Local ROV),35.55808383233533,Q3: WASTED TECH,Secure Provider + Lazy Customers
39392,SH.cz s.r.o.,CZ,174,PARTIAL (Mixed Feeds),68.24130434782609,Q2: THE VICTIMS,Vulnerable Provider + Diligent Customers
4761,PT Indosat Tbk,ID,172,PARTIAL (Mixed Feeds),52.41748251748252,Q4: THE SWAMP,Vulnerable Provider + Lazy Customers
33651,"Comcast Cable Communications, LLC",US,172,SECURE (Full Coverage),26.18139534883721,Q3: WASTED TECH,Secure Provider + Lazy Customers
11664,Techtel LMDS Comunicaciones Interactivas S.A.,AR,171,SECURE (Full Coverage),55.863076923076925,Q3: WASTED TECH,Secure Provider + Lazy Customers
26615,TIM S/A,BR,170,SECURE (Active Local ROV),38.457317073170735,Q3: WASTED TECH,Secure Provider + Lazy Customers
12578,SIA Tet,LV,170,SECURE (Active Local ROV),79.92580645161291,Q1: GOLD STANDARD,Secure Provider + Diligent Customers
1680,Cellcom Fixed Line Communication L.P,IL,170,PARTIAL (Mixed Feeds),50.14829931972789,Q4: THE SWAMP,Vulnerable Provider + Lazy Customers
135607,Infinivan Incorporated,PH,170,PARTIAL (Mixed Feeds),85.0206896551724,Q2: THE VICTIMS,Vulnerable Provider + Diligent Customers
265269,MEGA TELE INFORMATICA,BR,169,SECURE (Full Coverage),33.784615384615385,Q3: WASTED TECH,Secure Provider + Lazy Customers
57821,Nonattached Network e.V.,DE,168,SECURE (Active Local ROV),0.0,Q3: WASTED TECH,Secure Provider + Lazy Customers
8455,atom86 BV,NL,168,PARTIAL (Mixed Feeds),82.96481481481482,Q2: THE VICTIMS,Vulnerable Provider + Diligent Customers
15164,Unite Private Networks LLC.,US,167,PARTIAL (Mixed Feeds),18.891411042944785,Q4: THE SWAMP,Vulnerable Provider + Lazy Customers
1820,WNET TELECOM USA Corp.,US,166,PARTIAL (Mixed Feeds),51.15779816513761,Q4: THE SWAMP,Vulnerable Provider + Lazy Customers
24429,Alibaba Cloud,CN,166,PARTIAL (Mixed Feeds),95.15,Q2: THE VICTIMS,Vulnerable Provider + Diligent Customers
52361,ARSAT - Empresa Argentina de Soluciones Satelitales S.A.,AR,165,Unverified (Transit/Peer?),79.10123456790123,Q2: THE VICTIMS,Vulnerable Provider + Diligent Customers
5603,"Telekom Slovenije, d.d.",SI,164,PARTIAL (Mixed Feeds),71.9139344262295,Q2: THE VICTIMS,Vulnerable Provider + Diligent Customers
7015,"Comcast Cable Communications, LLC",US,164,SECURE (Full Coverage),31.233333333333334,Q3: WASTED TECH,Secure Provider + Lazy Customers
28146,MHNET TELECOM,BR,163,SECURE (Full Coverage),37.073,Q3: WASTED TECH,Secure Provider + Lazy Customers
4657,StarHub Ltd,SG,163,PARTIAL (Mixed Feeds),40.52283464566929,Q4: THE SWAMP,Vulnerable Provider + Lazy Customers
20055,Ziply Fiber,US,162,PARTIAL (Mixed Feeds),44.44491525423729,Q4: THE SWAMP,Vulnerable Provider + Lazy Customers
52925,Ascenty Data Centers e Telecomunicações S/A,BR,162,PARTIAL (Mixed Feeds),30.67924528301887,Q4: THE SWAMP,Vulnerable Provider + Lazy Customers
40264,Charter Communications LLC,US,161,Unverified (Transit/Peer?),28.567391304347826,Q4: THE SWAMP,Vulnerable Provider + Lazy Customers
2856,British Telecommunications,GB,161,SECURE (Active Local ROV),25.95655172413793,Q3: WASTED TECH,Secure Provider + Lazy Customers
15694,Atman Sp. z o.o.,PL,160,SECURE (Active Local ROV),34.56806722689076,Q3: WASTED TECH,Secure Provider + Lazy Customers
6663,Türk Telekom International,RO,159,PARTIAL (Mixed Feeds),65.73008849557522,Q2: THE VICTIMS,Vulnerable Provider + Diligent Customers
37271,Workonline Communications(Pty) Ltd,ZA,158,PARTIAL (Mixed Feeds),61.474603174603175,Q2: THE VICTIMS,Vulnerable Provider + Diligent Customers
45296,PT Rabik Bangun Nusantara,ID,158,PARTIAL (Mixed Feeds),92.64399999999999,Q2: THE VICTIMS,Vulnerable Provider + Diligent Customers
8732,JSC Comcor,RU,158,PARTIAL (Mixed Feeds),13.198198198198199,Q4: THE SWAMP,Vulnerable Provider + Lazy Customers
201706,SERVICEPIPE LLC,RU,156,PARTIAL (Mixed Feeds),36.27798165137615,Q4: THE SWAMP,Vulnerable Provider + Lazy Customers
38193,Transworld Associates (Pvt.) Ltd.,PK,156,PARTIAL (Mixed Feeds),69.18928571428572,Q2: THE VICTIMS,Vulnerable Provider + Diligent Customers
38195,Superloop,AU,156,SECURE (Active Local ROV),68.5046511627907,Q1: GOLD STANDARD,Secure Provider + Diligent Customers
20001,Charter Communications Inc,US,155,SECURE (Full Coverage),20.14895104895105,Q3: WASTED TECH,Secure Provider + Lazy Customers
21949,Beanfield Technologies Inc.,CA,155,PARTIAL (Mixed Feeds),29.042241379310347,Q4: THE SWAMP,Vulnerable Provider + Lazy Customers
150178,EXABYTE LTD,BD,154,PARTIAL (Mixed Feeds),97.6483606557377,Q2: THE VICTIMS,Vulnerable Provider + Diligent Customers
37282,Mainone Cable Company,NG,153,PARTIAL (Mixed Feeds),22.02566371681416,Q4: THE SWAMP,Vulnerable Provider + Lazy Customers
59796,StormWall s.r.o.,SK,152,PARTIAL (Mixed Feeds),75.93863636363636,Q2: THE VICTIMS,Vulnerable Provider + Diligent Customers
8551,Bezeq International Ltd.,IL,152,PARTIAL (Mixed Feeds),40.641228070175444,Q4: THE SWAMP,Vulnerable Provider + Lazy Customers
41051,Freetransit Project (Openfactory GmbH),CH,151,PARTIAL (Mixed Feeds),20.128461538461536,Q4: THE SWAMP,Vulnerable Provider + Lazy Customers
16509,"Amazon.com, Inc.",US,148,SECURE (Active Local ROV),73.21808510638297,Q1: GOLD STANDARD,Secure Provider + Diligent Customers
43754,Asiatech Data Transmission company,IR,148,Unverified (Transit/Peer?),88.90240963855422,Q2: THE VICTIMS,Vulnerable Provider + Diligent Customers
45903,CMC Telecom Infrastructure Company,VN,148,PARTIAL (Mixed Feeds),80.92872340425532,Q2: THE VICTIMS,Vulnerable Provider + Diligent Customers
13760,Uniti Fiber Holdings Inc.,US,147,SECURE (Full Coverage),28.97421875,Q3: WASTED TECH,Secure Provider + Lazy Customers
15924,Vodafone Turkey,TR,147,SECURE (Full Coverage),88.55658914728681,Q1: GOLD STANDARD,Secure Provider + Diligent Customers
52573,Une Telecom Ltda,BR,147,SECURE (Full Coverage),42.986111111111114,Q3: WASTED TECH,Secure Provider + Lazy Customers
262589,SAMM,BR,147,SECURE (Active Local ROV),58.29793814432989,Q3: WASTED TECH,Secure Provider + Lazy Customers
3215,Orange S.A.,FR,146,SECURE (Active Local ROV),61.57555555555556,Q1: GOLD STANDARD,Secure Provider + Diligent Customers
139589,GTDev Network,CN,146,PARTIAL (Mixed Feeds),0.0,Q4: THE SWAMP,Vulnerable Provider + Lazy Customers
21574,Century Telecom Ltda,BR,145,PARTIAL (Mixed Feeds),34.78842105263158,Q4: THE SWAMP,Vulnerable Provider + Lazy Customers
23005,"SWITCH, LTD",US,145,SECURE (Full Coverage),16.54113475177305,Q3: WASTED TECH,Secure Provider + Lazy Customers
11427,Charter Communications Inc,US,144,SECURE (Full Coverage),18.47890625,Q3: WASTED TECH,Secure Provider + Lazy Customers
55685,PT Jala Lintas Media,ID,144,PARTIAL (Mixed Feeds),82.45612244897958,Q2: THE VICTIMS,Vulnerable Provider + Diligent Customers
29075,IELO-LIAZO SERVICES SAS,FR,143,SECURE (Active Local ROV),71.01237113402061,Q1: GOLD STANDARD,Secure Provider + Diligent Customers
58715,EARTH TELECOMMUNICATION (Pvt) LTD.,BD,143,PARTIAL (Mixed Feeds),96.2964705882353,Q2: THE VICTIMS,Vulnerable Provider + Diligent Customers
43298,Storm Networks LLC,RU,143,PARTIAL (Mixed Feeds),55.186904761904756,Q4: THE SWAMP,Vulnerable Provider + Lazy Customers
33667,"Comcast Cable Communications, LLC",US,142,SECURE (Full Coverage),21.808724832214764,Q3: WASTED TECH,Secure Provider + Lazy Customers
16019,Vodafone Czech Republic a.s.,CZ,141,SECURE (Full Coverage),55.48021978021978,Q3: WASTED TECH,Secure Provider + Lazy Customers
327727,C-Squared Limited,UG,139,SECURE (Full Coverage),56.90714285714286,Q3: WASTED TECH,Secure Provider + Lazy Customers
55002,"F5, Inc.",US,139,SECURE (Active Local ROV),42.36363636363637,Q3: WASTED TECH,Secure Provider + Lazy Customers
33287,"Comcast Cable Communications, LLC",US,139,SECURE (Full Coverage),21.581679389312974,Q3: WASTED TECH,Secure Provider + Lazy Customers
8167,V.tal,BR,138,SECURE (Full Coverage),47.37857142857143,Q3: WASTED TECH,Secure Provider + Lazy Customers
58495,PT Parsaoran Global Datatrans,ID,138,PARTIAL (Mixed Feeds),67.72857142857143,Q2: THE VICTIMS,Vulnerable Provider + Diligent Customers
33657,"Comcast Cable Communications, LLC",US,137,SECURE (Full Coverage),26.784732824427483,Q3: WASTED TECH,Secure Provider + Lazy Customers
58224,Iran Telecommunication Company PJS,IR,136,Unverified (Transit/Peer?),81.79375,Q2: THE VICTIMS,Vulnerable Provider + Diligent Customers
64315,PT Mitra Visioner Pratama,ID,135,PARTIAL (Mixed Feeds),86.225,Q2: THE VICTIMS,Vulnerable Provider + Diligent Customers
28329,SAMM  (G8/Megatelecom),BR,134,SECURE (Full Coverage),36.15888888888889,Q3: WASTED TECH,Secure Provider + Lazy Customers
199524,Gcore S.A.,LU,134,SECURE (Active Local ROV),78.7,Q1: GOLD STANDARD,Secure Provider + Diligent Customers
42020,OGERO,LB,132,SECURE (Full Coverage),96.87307692307692,Q1: GOLD STANDARD,Secure Provider + Diligent Customers
21497,Vodafone Ukraine,UA,132,PARTIAL (Mixed Feeds),46.27466666666667,Q4: THE SWAMP,Vulnerable Provider + Lazy Customers
3209,Vodafone GmbH,DE,131,SECURE (Active Local ROV),53.064130434782605,Q3: WASTED TECH,Secure Provider + Lazy Customers
4775,Globe Telecoms,PH,131,SECURE (Active Local ROV),68.9768,Q1: GOLD STANDARD,Secure Provider + Diligent Customers
17378,"TierPoint, LLC",US,130,PARTIAL (Mixed Feeds),22.22421875,Q4: THE SWAMP,Vulnerable Provider + Lazy Customers
28260,ALTA REDE CORPORATE NETWORK TELECOM LTDA - EPP,BR,128,SECURE (Active Local ROV),45.12926829268292,Q3: WASTED TECH,Secure Provider + Lazy Customers
12129,"123.Net, Inc.",US,127,SECURE (Full Coverage),51.34395604395605,Q3: WASTED TECH,Secure Provider + Lazy Customers
45147,PT NAP Info Lintas Nusa,ID,126,SECURE (Full Coverage),88.8090909090909,Q1: GOLD STANDARD,Secure Provider + Diligent Customers
52320,V.tal (GlobeNet),CO,125,SECURE (Active Local ROV),67.01194029850747,Q1: GOLD STANDARD,Secure Provider + Diligent Customers
4455,IX Reach Ltd,GB,124,PARTIAL (Mixed Feeds),56.921794871794866,Q4: THE SWAMP,Vulnerable Provider + Lazy Customers
24961,WIIT AG (fka. myLoc Managed IT AG),DE,124,PARTIAL (Mixed Feeds),77.06031746031746,Q2: THE VICTIMS,Vulnerable Provider + Diligent Customers
34224,Neterra Ltd.,BG,124,PARTIAL (Mixed Feeds),87.03942307692309,Q2: THE VICTIMS,Vulnerable Provider + Diligent Customers
44324,MoeDove LLC,US,123,PARTIAL (Mixed Feeds),18.17763157894737,Q4: THE SWAMP,Vulnerable Provider + Lazy Customers
7552,Viettel Group,VN,122,PARTIAL (Mixed Feeds),73.45925925925927,Q2: THE VICTIMS,Vulnerable Provider + Diligent Customers
49915,Megaport (UK) Limited,GB,121,PARTIAL (Mixed Feeds),70.32363636363637,Q2: THE VICTIMS,Vulnerable Provider + Diligent Customers
12400,Partner Communications Ltd.,IL,120,PARTIAL (Mixed Feeds),42.97894736842105,Q4: THE SWAMP,Vulnerable Provider + Lazy Customers
4764,Aussie Broadband,AU,120,SECURE (Active Local ROV),72.25739130434783,Q1: GOLD STANDARD,Secure Provider + Diligent Customers
7016,"Comcast Cable Communications, LLC",US,119,SECURE (Full Coverage),21.124786324786324,Q3: WASTED TECH,Secure Provider + Lazy Customers
3573,Accenture LLP,US,118,PARTIAL (Mixed Feeds),16.7,Q4: THE SWAMP,Vulnerable Provider + Lazy Customers
16637,MTN SA (Bayobab),ZA,118,PARTIAL (Mixed Feeds),39.885714285714286,Q4: THE SWAMP,Vulnerable Provider + Lazy Customers
17995,PT iForte Global Internet,ID,117,SECURE (Full Coverage),50.30444444444444,Q3: WASTED TECH,Secure Provider + Lazy Customers
2907,Science Information Network,JP,117,PARTIAL (Mixed Feeds),11.49157894736842,Q4: THE SWAMP,Vulnerable Provider + Lazy Customers
2152,CENIC - CalREN,US,116,SECURE (Full Coverage),10.178571428571429,Q3: WASTED TECH,Secure Provider + Lazy Customers
17762,Tata Teleservices Maharashtra Ltd,IN,116,VULNERABLE (No Coverage),76.83132530120481,Q2: THE VICTIMS,Vulnerable Provider + Diligent Customers
41798,JSC Transtelecom,KZ,115,SECURE (Active Local ROV),56.06857142857143,Q3: WASTED TECH,Secure Provider + Lazy Customers
8400,Telekom Srbija a.d.,RS,115,SECURE (Active Local ROV),52.397619047619045,Q3: WASTED TECH,Secure Provider + Lazy Customers
45117,Ishan's Network,IN,115,VULNERABLE (No Coverage),84.20128205128205,Q2: THE VICTIMS,Vulnerable Provider + Diligent Customers
209533,iFog GmbH - BGPTunnel,CH,114,PARTIAL (Mixed Feeds),12.195121951219512,Q4: THE SWAMP,Vulnerable Provider + Lazy Customers
44901,Belcloud LTD,BG,113,PARTIAL (Mixed Feeds),83.4860465116279,Q2: THE VICTIMS,Vulnerable Provider + Diligent Customers
8772,NetAssist LLC,UA,112,PARTIAL (Mixed Feeds),28.8234693877551,Q4: THE SWAMP,Vulnerable Provider + Lazy Customers
9790,Two Degrees Networks Limited,NZ,112,SECURE (Active Local ROV),54.467948717948715,Q3: WASTED TECH,Secure Provider + Lazy Customers
3302,Retelit Digital Services S.p.A.,IT,112,PARTIAL (Mixed Feeds),53.548148148148144,Q4: THE SWAMP,Vulnerable Provider + Lazy Customers
31287,IPACCT CABLE Ltd,BG,111,PARTIAL (Mixed Feeds),83.58631578947369,Q2: THE VICTIMS,Vulnerable Provider + Diligent Customers
11172,"Alestra, S. de R.L. de C.V.",MX,111,SECURE (Full Coverage),30.937634408602147,Q3: WASTED TECH,Secure Provider + Lazy Customers
28343,Unifique Telecomunicações SA,BR,110,SECURE (Full Coverage),35.69024390243902,Q3: WASTED TECH,Secure Provider + Lazy Customers
6079,RCN,US,109,SECURE (Active Local ROV),30.634444444444444,Q3: WASTED TECH,Secure Provider + Lazy Customers
8953,Orange Romania S.A.,RO,109,SECURE (Full Coverage),70.5698275862069,Q1: GOLD STANDARD,Secure Provider + Diligent Customers
28126,BRISANET SERVICOS DE TELECOMUNICACOES S.A,BR,108,SECURE (Active Local ROV),32.64430379746835,Q3: WASTED TECH,Secure Provider + Lazy Customers
52863,UPX TECNOLOGIA LTDA,BR,108,SECURE (Full Coverage),51.87123287671233,Q3: WASTED TECH,Secure Provider + Lazy Customers
8529,Zain Omantel International FZ-LLC,AE,107,PARTIAL (Mixed Feeds),65.87708333333333,Q2: THE VICTIMS,Vulnerable Provider + Diligent Customers
6855,"Slovak Telekom, a.s.",SK,107,SECURE (Full Coverage),44.86037735849057,Q3: WASTED TECH,Secure Provider + Lazy Customers
2854,LLC Orange Business Services,RU,106,PARTIAL (Mixed Feeds),23.31666666666667,Q4: THE SWAMP,Vulnerable Provider + Lazy Customers
24534,PT Trans Hybrid Communication,ID,106,SECURE (Full Coverage),88.08500000000001,Q1: GOLD STANDARD,Secure Provider + Diligent Customers
262907,Brasil TecPar,BR,105,PARTIAL (Mixed Feeds),41.16301369863014,Q4: THE SWAMP,Vulnerable Provider + Lazy Customers
50629,LWLcom GmbH,DE,105,SECURE (Active Local ROV),80.38095238095238,Q1: GOLD STANDARD,Secure Provider + Diligent Customers
8262,Evolink EAD,BG,105,PARTIAL (Mixed Feeds),83.91029411764706,Q2: THE VICTIMS,Vulnerable Provider + Diligent Customers
2711,Spirit Communications,US,104,SECURE (Full Coverage),26.002325581395347,Q3: WASTED TECH,Secure Provider + Lazy Customers
134654,PT Data Utama Dinamika,ID,103,PARTIAL (Mixed Feeds),91.04328358208954,Q2: THE VICTIMS,Vulnerable Provider + Diligent Customers
3301,Telia Company AB,SE,102,SECURE (Full Coverage),44.270833333333336,Q3: WASTED TECH,Secure Provider + Lazy Customers
28716,Retelit Digital Services S.p.A.,IT,102,PARTIAL (Mixed Feeds),54.77727272727273,Q4: THE SWAMP,Vulnerable Provider + Lazy Customers
29802,"HIVELOCITY, Inc.",US,102,SECURE (Active Local ROV),68.33939393939393,Q1: GOLD STANDARD,Secure Provider + Diligent Customers
39737,Prime Telecom srl,RO,101,PARTIAL (Mixed Feeds),63.94235294117647,Q2: THE VICTIMS,Vulnerable Provider + Diligent Customers
35753,Etihad Salam Telecom CJSC,SA,101,SECURE (Active Local ROV),56.644000000000005,Q3: WASTED TECH,Secure Provider + Lazy Customers
139901,Apple Communication Ltd.,BD,101,PARTIAL (Mixed Feeds),96.53698630136986,Q2: THE VICTIMS,Vulnerable Provider + Diligent Customers
7470,"TRUE INTERNET Co.,Ltd.",TH,101,SECURE (Full Coverage),72.66847826086956,Q1: GOLD STANDARD,Secure Provider + Diligent Customers
9198,JSC Kazakhtelecom,KZ,101,PARTIAL (Mixed Feeds),55.105555555555554,Q4: THE SWAMP,Vulnerable Provider + Lazy Customers
43426,Netassist International EOOD,BG,100,PARTIAL (Mixed Feeds),83.33333333333333,Q2: THE VICTIMS,Vulnerable Provider + Diligent Customers
37613,DOLPHIN TELECOMMUNICATION LIMITED,GH,100,PARTIAL (Mixed Feeds),33.659615384615385,Q4: THE SWAMP,Vulnerable Provider + Lazy Customers
8151,UNINET,MX,100,SECURE (Full Coverage),17.183333333333334,Q3: WASTED TECH,Secure Provider + Lazy Customers
4837,China Unicom Backbone,CN,100,CORE: UNPROTECTED,19.23709677419355,Q3: WASTED TECH,Secure Provider + Lazy Customers
33132,Crown Castle Fiber LLC,US,100,VULNERABLE (No Coverage),10.379381443298968,Q4: THE SWAMP,Vulnerable Provider + Lazy Customers
268696,Tuddo Telecom Ltda.,BR,99,SECURE (Full Coverage),55.11014492753623,Q3: WASTED TECH,Secure Provider + Lazy Customers
4713,NTT Communications Corporation (OCN),JP,99,SECURE (Full Coverage),30.578350515463917,Q3: WASTED TECH,Secure Provider + Lazy Customers
5606,GTS Telecom SRL,RO,99,PARTIAL (Mixed Feeds),52.784337349397596,Q4: THE SWAMP,Vulnerable Provider + Lazy Customers
62,CyrusOne LLC,US,99,PARTIAL (Mixed Feeds),6.2444444444444445,Q4: THE SWAMP,Vulnerable Provider + Lazy Customers
394684,GOLD DATA USA INC,US,98,PARTIAL (Mixed Feeds),58.76875,Q4: THE SWAMP,Vulnerable Provider + Lazy Customers
52873,Softdados Telecomunicações,BR,98,SECURE (Full Coverage),44.69305555555556,Q3: WASTED TECH,Secure Provider + Lazy Customers
34779,"T-2, d.o.o.",SI,97,PARTIAL (Mixed Feeds),74.653125,Q2: THE VICTIMS,Vulnerable Provider + Diligent Customers
201776,Miranda-Media Ltd,RU,96,PARTIAL (Mixed Feeds),59.84776119402985,Q4: THE SWAMP,Vulnerable Provider + Lazy Customers
17439,NTT Communications India Pvt. Ltd.,IN,96,PARTIAL (Mixed Feeds),78.52407407407408,Q2: THE VICTIMS,Vulnerable Provider + Diligent Customers
12357,VODAFONE ESPANA S.A.U.,ES,95,VULNERABLE (No Coverage),52.584946236559134,Q4: THE SWAMP,Vulnerable Provider + Lazy Customers
703,Verizon Business - APAC,US,95,PARTIAL (Mixed Feeds),24.958536585365852,Q4: THE SWAMP,Vulnerable Provider + Lazy Customers
199599,"Telecom-Birzha, LLC",RU,95,PARTIAL (Mixed Feeds),38.78433734939759,Q4: THE SWAMP,Vulnerable Provider + Lazy Customers
2686,"AT&T Enterprises, LLC",US,95,PARTIAL (Mixed Feeds),19.912195121951218,Q4: THE SWAMP,Vulnerable Provider + Lazy Customers
15895,"""Kyivstar"" PJSC",UA,94,SECURE (Active Local ROV),49.29859154929577,Q3: WASTED TECH,Secure Provider + Lazy Customers
270735,COMPUTIZE NETWORK TELECOMUNICACOES LTDA,BR,94,PARTIAL (Mixed Feeds),70.2,Q2: THE VICTIMS,Vulnerable Provider + Diligent Customers
11014,Metrotel,AR,94,SECURE (Full Coverage),76.94874999999999,Q1: GOLD STANDARD,Secure Provider + Diligent Customers
18734,"Operbes, S.A. de C.V.",MX,94,SECURE (Full Coverage),25.083720930232555,Q3: WASTED TECH,Secure Provider + Lazy Customers
63293,Meta (CDN Network),US,93,PARTIAL (Mixed Feeds),0.0,Q4: THE SWAMP,Vulnerable Provider + Lazy Customers
29838,"Atlantic Metro Communications II, Inc.",US,92,PARTIAL (Mixed Feeds),22.921739130434784,Q4: THE SWAMP,Vulnerable Provider + Lazy Customers
35708,4b42 UG,DE,92,VULNERABLE (No Coverage),0.0,Q4: THE SWAMP,Vulnerable Provider + Lazy Customers
12025,Iron Mountain Data Centers,US,92,SECURE (Full Coverage),16.258823529411764,Q3: WASTED TECH,Secure Provider + Lazy Customers
53356,Free Range Cloud Hosting Inc.,CA,92,PARTIAL (Mixed Feeds),53.23076923076923,Q4: THE SWAMP,Vulnerable Provider + Lazy Customers
10099,China Unicom Global,HK,92,PARTIAL (Mixed Feeds),58.32727272727273,Q4: THE SWAMP,Vulnerable Provider + Lazy Customers
52554,Rede MegasNet Telecomunicações,BR,92,SECURE (Full Coverage),24.725,Q3: WASTED TECH,Secure Provider + Lazy Customers
3758,SingNet,SG,91,SECURE (Full Coverage),30.74285714285714,Q3: WASTED TECH,Secure Provider + Lazy Customers
1267,WIND TRE S.P.A.,IT,91,PARTIAL (Mixed Feeds),46.11973684210526,Q4: THE SWAMP,Vulnerable Provider + Lazy Customers
3292,TDC Holding A/S,DK,91,SECURE (Active Local ROV),57.78131868131869,Q3: WASTED TECH,Secure Provider + Lazy Customers
11351,Charter Communications Inc,US,91,Unverified (Transit/Peer?),11.071428571428571,Q4: THE SWAMP,Vulnerable Provider + Lazy Customers
13767,"DataBank Holdings, Ltd.",US,91,PARTIAL (Mixed Feeds),7.436585365853658,Q4: THE SWAMP,Vulnerable Provider + Lazy Customers
57463,NetIX Communications JSC,BG,90,PARTIAL (Mixed Feeds),82.43823529411765,Q2: THE VICTIMS,Vulnerable Provider + Diligent Customers
2116,GLOBALCONNECT AS,NO,90,SECURE (Full Coverage),49.63513513513514,Q3: WASTED TECH,Secure Provider + Lazy Customers
11426,Charter Communications Inc,US,89,Unverified (Transit/Peer?),27.861728395061732,Q4: THE SWAMP,Vulnerable Provider + Lazy Customers
59692,IQWeb FZ-LLC,AE,89,PARTIAL (Mixed Feeds),45.013636363636365,Q4: THE SWAMP,Vulnerable Provider + Lazy Customers
3741,Dimension Data,ZA,88,PARTIAL (Mixed Feeds),51.7344537815126,Q4: THE SWAMP,Vulnerable Provider + Lazy Customers
55824,NKN Core Network,IN,88,Unverified (Transit/Peer?),91.17051282051283,Q2: THE VICTIMS,Vulnerable Provider + Diligent Customers
15557,SFR SA,FR,88,SECURE (Active Local ROV),59.14074074074074,Q3: WASTED TECH,Secure Provider + Lazy Customers
47232,ISP Alliance a.s.,CZ,87,SECURE (Active Local ROV),74.7,Q1: GOLD STANDARD,Secure Provider + Diligent Customers
40676,Psychz Networks,US,87,SECURE (Active Local ROV),78.97826086956522,Q1: GOLD STANDARD,Secure Provider + Diligent Customers
27064,Defense Information Systems Agency (DISA),US,87,Unverified (Transit/Peer?),0.0,Q4: THE SWAMP,Vulnerable Provider + Lazy Customers
2519,ARTERIA Networks Corporation,JP,86,PARTIAL (Mixed Feeds),45.52361111111111,Q4: THE SWAMP,Vulnerable Provider + Lazy Customers
28186,ITS TELECOMUNICACOES LTDA,BR,86,SECURE (Full Coverage),31.665822784810125,Q3: WASTED TECH,Secure Provider + Lazy Customers
35168,TNS-Plus LLP,KZ,86,PARTIAL (Mixed Feeds),66.55,Q2: THE VICTIMS,Vulnerable Provider + Diligent Customers
2764,AAPT Limited,AU,85,SECURE (Full Coverage),39.62758620689655,Q3: WASTED TECH,Secure Provider + Lazy Customers
56534,Comfortel Ltd.,RU,85,PARTIAL (Mixed Feeds),55.702597402597405,Q4: THE SWAMP,Vulnerable Provider + Lazy Customers
12963,"Scientific Industrial Firm ""Volz"" Ltd",UA,85,PARTIAL (Mixed Feeds),47.095,Q4: THE SWAMP,Vulnerable Provider + Lazy Customers
133296,Web Werks India Pvt. Ltd.,IN,85,PARTIAL (Mixed Feeds),72.41014492753624,Q2: THE VICTIMS,Vulnerable Provider + Diligent Customers
38855,STUIX Route Servers,TW,85,SECURE (Full Coverage),0.0,Q3: WASTED TECH,Secure Provider + Lazy Customers
31242,P4 Sp. z o.o.,PL,85,SECURE (Full Coverage),22.55875,Q3: WASTED TECH,Secure Provider + Lazy Customers
202,"Level 3 Parent, LLC",US,84,SECURE (Full Coverage),20.344303797468356,Q3: WASTED TECH,Secure Provider + Lazy Customers
42473,Anexia Cloud Solutions GmbH,AT,84,SECURE (Active Local ROV),64.46333333333334,Q1: GOLD STANDARD,Secure Provider + Diligent Customers
262355,VSX Networks,BR,83,SECURE (Active Local ROV),27.441176470588236,Q3: WASTED TECH,Secure Provider + Lazy Customers
35819,"Etihad Etisalat, a joint stock company",SA,83,SECURE (Active Local ROV),49.691044776119405,Q3: WASTED TECH,Secure Provider + Lazy Customers
7795,"LUMOS Networks, Inc.",US,83,SECURE (Full Coverage),21.048529411764704,Q3: WASTED TECH,Secure Provider + Lazy Customers
12479,Orange Espagne SA,ES,82,SECURE (Active Local ROV),46.12048192771084,Q3: WASTED TECH,Secure Provider + Lazy Customers
138128,PT Solnet Indonesia,ID,82,PARTIAL (Mixed Feeds),87.37777777777778,Q2: THE VICTIMS,Vulnerable Provider + Diligent Customers
10103,HK Broadband Network Ltd.,HK,82,PARTIAL (Mixed Feeds),35.7,Q4: THE SWAMP,Vulnerable Provider + Lazy Customers
17665,ONEOTT INTERTAINMENT LIMITED,IN,81,PARTIAL (Mixed Feeds),83.86739130434783,Q2: THE VICTIMS,Vulnerable Provider + Diligent Customers
139317,Ningbo Dahuamao Information Technology Co Ltd,CN,81,SECURE (Full Coverage),8.333333333333334,Q3: WASTED TECH,Secure Provider + Lazy Customers
50384,W-IX Route Servers,RU,81,PARTIAL (Mixed Feeds),45.03764705882353,Q4: THE SWAMP,Vulnerable Provider + Lazy Customers
26554,"US Signal Company, L.L.C.",US,80,SECURE (Full Coverage),22.31449275362319,Q3: WASTED TECH,Secure Provider + Lazy Customers
38731,Viettel - CHT Company Ltd,VN,80,Unverified (Transit/Peer?),65.87246376811594,Q2: THE VICTIMS,Vulnerable Provider + Diligent Customers
9829,BSNL (Bharat Sanchar Nigam Ltd),IN,80,SECURE (Active Local ROV),76.58115942028986,Q1: GOLD STANDARD,Secure Provider + Diligent Customers
57724,DDOS-GUARD LTD,RU,80,PARTIAL (Mixed Feeds),39.40208333333333,Q4: THE SWAMP,Vulnerable Provider + Lazy Customers
33763,Paratus Telecommunications Limited,MU,80,PARTIAL (Mixed Feeds),21.853968253968254,Q4: THE SWAMP,Vulnerable Provider + Lazy Customers
35805,"JSC ""Silknet""",GE,79,SECURE (Active Local ROV),62.6,Q1: GOLD STANDARD,Secure Provider + Diligent Customers
33363,"Charter Communications, Inc",US,79,Unverified (Transit/Peer?),25.00135135135135,Q4: THE SWAMP,Vulnerable Provider + Lazy Customers
57866,Fusix Networks B.V.,NL,78,SECURE (Active Local ROV),81.7948717948718,Q1: GOLD STANDARD,Secure Provider + Diligent Customers
3352,TELEFONICA DE ESPANA S.A.U.,ES,78,SECURE (Full Coverage),46.84,Q3: WASTED TECH,Secure Provider + Lazy Customers
9141,P4 Sp. z o.o.,PL,78,SECURE (Active Local ROV),46.0985294117647,Q3: WASTED TECH,Secure Provider + Lazy Customers
7385,Zayo (fka Allstream),US,78,SECURE (Full Coverage),16.77012987012987,Q3: WASTED TECH,Secure Provider + Lazy Customers
19108,Optimum,US,77,SECURE (Full Coverage),41.5296875,Q3: WASTED TECH,Secure Provider + Lazy Customers
265038,TELFO SERVICO DE TELECOMUNICACOES LTDA,BR,77,SECURE (Full Coverage),40.74603174603175,Q3: WASTED TECH,Secure Provider + Lazy Customers
262462,Aranet Play,BR,77,SECURE (Full Coverage),33.54054054054054,Q3: WASTED TECH,Secure Provider + Lazy Customers
52055,NetIX Communications JSC,BG,76,PARTIAL (Mixed Feeds),100.0,Q2: THE VICTIMS,Vulnerable Provider + Diligent Customers
31216,BSO Network Solutions SAS,FR,76,PARTIAL (Mixed Feeds),53.66025641025641,Q4: THE SWAMP,Vulnerable Provider + Lazy Customers
33659,"Comcast Cable Communications, LLC",US,76,SECURE (Full Coverage),23.21860465116279,Q3: WASTED TECH,Secure Provider + Lazy Customers
45305,PT Lintas Data Prima,ID,75,PARTIAL (Mixed Feeds),85.52857142857142,Q2: THE VICTIMS,Vulnerable Provider + Diligent Customers
17494,Bangladesh Telegraph & Telephone Board,BD,75,PARTIAL (Mixed Feeds),93.83035714285714,Q2: THE VICTIMS,Vulnerable Provider + Diligent Customers
262761,Sinal Br Telecom Ltda,BR,75,SECURE (Full Coverage),52.17192982456141,Q3: WASTED TECH,Secure Provider + Lazy Customers
4808,China Unicom Beijing Province Network,CN,75,Unverified (Transit/Peer?),14.284126984126983,Q4: THE SWAMP,Vulnerable Provider + Lazy Customers
136557,Host Universal Pty Ltd,AU,75,PARTIAL (Mixed Feeds),83.90727272727273,Q2: THE VICTIMS,Vulnerable Provider + Diligent Customers
47147,Anexia Cloud Solutions GmbH,AT,75,SECURE (Active Local ROV),71.809375,Q1: GOLD STANDARD,Secure Provider + Diligent Customers
47605,FNE-Finland Oy,FI,75,PARTIAL (Mixed Feeds),59.86610169491525,Q4: THE SWAMP,Vulnerable Provider + Lazy Customers
149994,Rego Communications Ltd,BD,74,SECURE (Full Coverage),98.625,Q1: GOLD STANDARD,Secure Provider + Diligent Customers
3267,"SCIENTIFIC RESEARCH INSTITUTE FOR SYSTEM ANALYSIS OF THE NATIONAL RESEARCH CENTRE ""KURCHATOV INSTITUTE""",RU,74,PARTIAL (Mixed Feeds),60.15396825396825,Q2: THE VICTIMS,Vulnerable Provider + Diligent Customers
44600,"""GIGATRANS UKRAINE"", LLC",UA,74,PARTIAL (Mixed Feeds),45.595652173913045,Q4: THE SWAMP,Vulnerable Provider + Lazy Customers
263432,CORPORATIVA TELECOMUNICACOES EIRELI ME,BR,74,SECURE (Full Coverage),26.666666666666668,Q3: WASTED TECH,Secure Provider + Lazy Customers
63927,RISE,HK,73,SECURE (Active Local ROV),84.7159090909091,Q1: GOLD STANDARD,Secure Provider + Diligent Customers
11796,"Airstream Communications, LLC",US,73,PARTIAL (Mixed Feeds),22.73,Q4: THE SWAMP,Vulnerable Provider + Lazy Customers
56630,Melbikomas UAB,LT,73,PARTIAL (Mixed Feeds),70.40892857142858,Q2: THE VICTIMS,Vulnerable Provider + Diligent Customers
13367,"Comcast Cable Communications, LLC",US,72,SECURE (Full Coverage),16.522368421052633,Q3: WASTED TECH,Secure Provider + Lazy Customers
8903,LYNTIA NETWORKS S.A.,ES,72,PARTIAL (Mixed Feeds),66.81875,Q2: THE VICTIMS,Vulnerable Provider + Diligent Customers
41095,IPTP LTD,GB,72,PARTIAL (Mixed Feeds),64.21,Q2: THE VICTIMS,Vulnerable Provider + Diligent Customers
264997,Direct Telecom Ltda,BR,72,PARTIAL (Mixed Feeds),23.865625,Q4: THE SWAMP,Vulnerable Provider + Lazy Customers
13876,"FiberLight, LLC",US,72,SECURE (Full Coverage),24.939999999999998,Q3: WASTED TECH,Secure Provider + Lazy Customers
49581,Ferdinand Zink trading as Tube-Hosting,DE,71,PARTIAL (Mixed Feeds),85.95555555555556,Q2: THE VICTIMS,Vulnerable Provider + Diligent Customers
39386,Saudi Telecom Company JSC,SA,71,PARTIAL (Mixed Feeds),74.97818181818182,Q2: THE VICTIMS,Vulnerable Provider + Diligent Customers
19037,AMX Argentina S.A.,AR,71,SECURE (Full Coverage),55.77831325301205,Q3: WASTED TECH,Secure Provider + Lazy Customers
137366,PT iForte Solusi Infotek,ID,70,SECURE (Full Coverage),79.28035714285714,Q1: GOLD STANDARD,Secure Provider + Diligent Customers
4847,China Telecom Beijing Province Network,CN,70,Unverified (Transit/Peer?),14.337878787878788,Q4: THE SWAMP,Vulnerable Provider + Lazy Customers
29049,Delta Telecom Ltd,AZ,70,SECURE (Active Local ROV),51.36086956521739,Q3: WASTED TECH,Secure Provider + Lazy Customers
28220,Alares Internet,BR,70,PARTIAL (Mixed Feeds),44.17547169811321,Q4: THE SWAMP,Vulnerable Provider + Lazy Customers
33650,"Comcast Cable Communications, LLC",US,70,SECURE (Full Coverage),23.547826086956523,Q3: WASTED TECH,Secure Provider + Lazy Customers
5483,Magyar Telekom Plc.,HU,70,SECURE (Active Local ROV),66.6859649122807,Q1: GOLD STANDARD,Secure Provider + Diligent Customers
62943,"Missouri Network Alliance, LLC",US,70,PARTIAL (Mixed Feeds),23.16190476190476,Q4: THE SWAMP,Vulnerable Provider + Lazy Customers
262476,BRCENTRAL TELECOM,BR,70,SECURE (Full Coverage),26.478125,Q3: WASTED TECH,Secure Provider + Lazy Customers
35661,VIRTUA SYSTEMS SAS,FR,69,PARTIAL (Mixed Feeds),43.473239436619714,Q4: THE SWAMP,Vulnerable Provider + Lazy Customers
4621,UNINET-TH,TH,69,PARTIAL (Mixed Feeds),72.9,Q2: THE VICTIMS,Vulnerable Provider + Diligent Customers
19009,Everstream Solutions LLC,US,69,SECURE (Full Coverage),21.773846153846154,Q3: WASTED TECH,Secure Provider + Lazy Customers
5400,British Telecommunications (International) ,GB,69,PARTIAL (Mixed Feeds),35.02459016393443,Q4: THE SWAMP,Vulnerable Provider + Lazy Customers
137491,Peerex Networks Ltd,BD,69,PARTIAL (Mixed Feeds),97.34776119402986,Q2: THE VICTIMS,Vulnerable Provider + Diligent Customers
33652,"Comcast Cable Communications, LLC",US,69,SECURE (Full Coverage),29.662666666666663,Q3: WASTED TECH,Secure Provider + Lazy Customers
35000,"JSC ""Severen-Telecom""",RU,69,PARTIAL (Mixed Feeds),25.424,Q4: THE SWAMP,Vulnerable Provider + Lazy Customers
45458,SBN-ISP/AWN-ISP and SBN-NIX/AWN-NIX,TH,69,SECURE (Full Coverage),62.909375,Q1: GOLD STANDARD,Secure Provider + Diligent Customers
917,"Misaka Network, Inc.",US,69,PARTIAL (Mixed Feeds),60.284126984126985,Q2: THE VICTIMS,Vulnerable Provider + Diligent Customers
263966,WorldWifi,BR,69,PARTIAL (Mixed Feeds),21.71904761904762,Q4: THE SWAMP,Vulnerable Provider + Lazy Customers
24198,PT Datakom Padma Jaya,ID,68,PARTIAL (Mixed Feeds),88.80204081632654,Q2: THE VICTIMS,Vulnerable Provider + Diligent Customers
25478,iHome LLC,RU,68,PARTIAL (Mixed Feeds),44.65588235294118,Q4: THE SWAMP,Vulnerable Provider + Lazy Customers
9119,SOFTNET d.o.o.,SI,68,PARTIAL (Mixed Feeds),77.8359375,Q2: THE VICTIMS,Vulnerable Provider + Diligent Customers
141137,PT Media Cepat Indonesia,ID,68,PARTIAL (Mixed Feeds),47.51578947368421,Q4: THE SWAMP,Vulnerable Provider + Lazy Customers
17408,AboveNet Communications Taiwan,TW,68,SECURE (Active Local ROV),86.13857142857142,Q1: GOLD STANDARD,Secure Provider + Diligent Customers
17922,PT Indosat Tbk,ID,67,PARTIAL (Mixed Feeds),62.35,Q2: THE VICTIMS,Vulnerable Provider + Diligent Customers
3754,NYSERNet,US,67,Unverified (Transit/Peer?),0.0,Q4: THE SWAMP,Vulnerable Provider + Lazy Customers
262503,WIKI TELECOMUNICACOES EIRELI,BR,67,PARTIAL (Mixed Feeds),38.40149253731344,Q4: THE SWAMP,Vulnerable Provider + Lazy Customers
32505,Conterra,US,67,SECURE (Full Coverage),29.001639344262294,Q3: WASTED TECH,Secure Provider + Lazy Customers
196844,"Institute of Bioorganic Chemistry Polish Academy of Science, Poznan Supercomputing and Networking Center",PL,67,PARTIAL (Mixed Feeds),65.9448275862069,Q2: THE VICTIMS,Vulnerable Provider + Diligent Customers
12735,TurkNet Iletisim Hizmetleri A.S.,TR,67,SECURE (Active Local ROV),89.67884615384615,Q1: GOLD STANDARD,Secure Provider + Diligent Customers
25899,LS Networks,US,66,SECURE (Active Local ROV),39.4728813559322,Q3: WASTED TECH,Secure Provider + Lazy Customers
25159,PJSC MegaFon,RU,66,SECURE (Full Coverage),29.906756756756756,Q3: WASTED TECH,Secure Provider + Lazy Customers
5056,Aureon Network Services,US,66,PARTIAL (Mixed Feeds),21.1,Q4: THE SWAMP,Vulnerable Provider + Lazy Customers
58511,Swoop (Anycast Global Backbone),AU,66,PARTIAL (Mixed Feeds),63.04761904761905,Q2: THE VICTIMS,Vulnerable Provider + Diligent Customers
8767,M-net Telekommunikations GmbH,DE,66,SECURE (Active Local ROV),41.84615384615385,Q3: WASTED TECH,Secure Provider + Lazy Customers
209735,Lagrange Cloud Technologies Limited,GB,66,SECURE (Active Local ROV),21.64032258064516,Q3: WASTED TECH,Secure Provider + Lazy Customers
8452,Telecom Egypt,EG,66,PARTIAL (Mixed Feeds),27.292753623188407,Q4: THE SWAMP,Vulnerable Provider + Lazy Customers
12310,iNES GROUP SRL,RO,66,PARTIAL (Mixed Feeds),61.216071428571425,Q2: THE VICTIMS,Vulnerable Provider + Diligent Customers
14868,Ligga Telecomunicações S.A.,BR,65,SECURE (Full Coverage),23.077358490566034,Q3: WASTED TECH,Secure Provider + Lazy Customers
20632,PJSC MegaFon,RU,65,SECURE (Full Coverage),34.63709677419355,Q3: WASTED TECH,Secure Provider + Lazy Customers
58212,dataforest GmbH,DE,65,PARTIAL (Mixed Feeds),90.46153846153847,Q2: THE VICTIMS,Vulnerable Provider + Diligent Customers
13194,"UAB ""Bite Lietuva""",LT,65,PARTIAL (Mixed Feeds),78.16851851851852,Q2: THE VICTIMS,Vulnerable Provider + Diligent Customers
8308,NAUKOWA I AKADEMICKA SIEC KOMPUTEROWA - PANSTWOWY INSTYTUT BADAWCZY,PL,65,PARTIAL (Mixed Feeds),62.91269841269841,Q2: THE VICTIMS,Vulnerable Provider + Diligent Customers
14259,Gtd Internet S.A.,CL,65,SECURE (Full Coverage),57.32857142857143,Q3: WASTED TECH,Secure Provider + Lazy Customers
396998,"Path Network, Inc.",US,65,PARTIAL (Mixed Feeds),70.69833333333332,Q2: THE VICTIMS,Vulnerable Provider + Diligent Customers
21433,Accenture UK Limited,GB,64,PARTIAL (Mixed Feeds),0.0,Q4: THE SWAMP,Vulnerable Provider + Lazy Customers
135069,Feenix Communications Limited,NZ,64,PARTIAL (Mixed Feeds),72.61206896551724,Q2: THE VICTIMS,Vulnerable Provider + Diligent Customers
34309,Link11 GmbH,DE,64,PARTIAL (Mixed Feeds),53.765454545454546,Q4: THE SWAMP,Vulnerable Provider + Lazy Customers
17222,MUNDIVOX DO BRASIL LTDA,BR,63,SECURE (Full Coverage),14.820338983050847,Q3: WASTED TECH,Secure Provider + Lazy Customers
33668,"Comcast Cable Communications, LLC",US,63,SECURE (Full Coverage),36.618309859154934,Q3: WASTED TECH,Secure Provider + Lazy Customers
20965,GEANT Vereniging,NL,63,SECURE (Full Coverage),87.0,Q1: GOLD STANDARD,Secure Provider + Diligent Customers
6789,CRELCOM LLC,RU,62,PARTIAL (Mixed Feeds),33.51607142857143,Q4: THE SWAMP,Vulnerable Provider + Lazy Customers
9507,NextHop Pty Ltd,AU,62,PARTIAL (Mixed Feeds),66.94716981132075,Q2: THE VICTIMS,Vulnerable Provider + Diligent Customers
7725,"Comcast Cable Communications, LLC",US,61,SECURE (Full Coverage),32.35373134328358,Q3: WASTED TECH,Secure Provider + Lazy Customers
132770,Gazon Communications India Limited,IN,61,PARTIAL (Mixed Feeds),97.61874999999999,Q2: THE VICTIMS,Vulnerable Provider + Diligent Customers
39686,Eurofiber Nederland BV,NL,61,SECURE (Active Local ROV),53.60181818181818,Q3: WASTED TECH,Secure Provider + Lazy Customers
306,United States Department of Defense (DoD),US,61,Unverified (Transit/Peer?),0.0,Q4: THE SWAMP,Vulnerable Provider + Lazy Customers
266931,NOVELL INTERNET,BR,61,SECURE (Full Coverage),40.38448275862069,Q3: WASTED TECH,Secure Provider + Lazy Customers
56258,PT PGAS Telekomunikasi Nusantara,ID,61,PARTIAL (Mixed Feeds),84.42264150943396,Q2: THE VICTIMS,Vulnerable Provider + Diligent Customers
268314,SUPORTI TELECOM,BR,61,PARTIAL (Mixed Feeds),36.75909090909091,Q4: THE SWAMP,Vulnerable Provider + Lazy Customers
32097,"WholeSale Internet, Inc.",US,61,PARTIAL (Mixed Feeds),67.73396226415095,Q2: THE VICTIMS,Vulnerable Provider + Diligent Customers
4651,The Communications Authority of Thailand (CAT),TH,61,PARTIAL (Mixed Feeds),63.391891891891895,Q2: THE VICTIMS,Vulnerable Provider + Diligent Customers
196695,NetOne Rus JSC,RU,60,PARTIAL (Mixed Feeds),31.29056603773585,Q4: THE SWAMP,Vulnerable Provider + Lazy Customers
262847,DBUG TELECOM LTDA,BR,60,SECURE (Full Coverage),27.16346153846154,Q3: WASTED TECH,Secure Provider + Lazy Customers
49800,GNC-Alfa CJSC,AM,60,SECURE (Active Local ROV),92.82542372881356,Q1: GOLD STANDARD,Secure Provider + Diligent Customers
24748,THINX WAW Route Servers,PL,60,PARTIAL (Mixed Feeds),80.75384615384615,Q2: THE VICTIMS,Vulnerable Provider + Diligent Customers
4648,Spark New Zealand,NZ,60,PARTIAL (Mixed Feeds),34.422222222222224,Q4: THE SWAMP,Vulnerable Provider + Lazy Customers
15305,"Syringa Networks, LLC",US,60,SECURE (Full Coverage),25.97843137254902,Q3: WASTED TECH,Secure Provider + Lazy Customers
8473,Bahnhof AB,SE,60,SECURE (Active Local ROV),50.22352941176471,Q3: WASTED TECH,Secure Provider + Lazy Customers
4750,CS LOXINFO PUBLIC COMPANY LIMITED,TH,60,Unverified (Transit/Peer?),83.91016949152542,Q2: THE VICTIMS,Vulnerable Provider + Diligent Customers
8437,Hutchison Drei Austria GmbH,AT,60,SECURE (Full Coverage),44.26603773584905,Q3: WASTED TECH,Secure Provider + Lazy Customers
8434,Telenor Sverige AB,SE,60,SECURE (Active Local ROV),70.75625,Q1: GOLD STANDARD,Secure Provider + Diligent Customers
9808,China Mobile Backbone,CN,60,CORE: UNPROTECTED,4.968571428571429,Q3: WASTED TECH,Secure Provider + Lazy Customers
202766,LYNTIA NETWORKS S.A.,ES,60,SECURE (Full Coverage),87.25555555555555,Q1: GOLD STANDARD,Secure Provider + Diligent Customers
263702,GRUPO ZGH SPA,CL,59,SECURE (Full Coverage),75.35,Q1: GOLD STANDARD,Secure Provider + Diligent Customers
53115,ISPX Solucoes em Telecomunicacoes SPE Ltda,BR,59,SECURE (Full Coverage),54.716981132075475,Q3: WASTED TECH,Secure Provider + Lazy Customers
262191,LIBERTY NETWORKS DE COLOMBIA S.A.S,CO,59,Unverified (Transit/Peer?),66.32600000000001,Q2: THE VICTIMS,Vulnerable Provider + Diligent Customers
136907,Huawei Cloud,HK,59,PARTIAL (Mixed Feeds),0.0,Q4: THE SWAMP,Vulnerable Provider + Lazy Customers
2687,"AT&T Enterprises, LLC",US,59,PARTIAL (Mixed Feeds),16.6135593220339,Q4: THE SWAMP,Vulnerable Provider + Lazy Customers
3212,Telemach Slovenija d.o.o.,SI,59,PARTIAL (Mixed Feeds),94.25945945945946,Q2: THE VICTIMS,Vulnerable Provider + Diligent Customers
12297,Telecom Armenia OJSC,AM,59,PARTIAL (Mixed Feeds),85.93055555555556,Q2: THE VICTIMS,Vulnerable Provider + Diligent Customers
9848,SEJONG NETWORKS,KR,58,PARTIAL (Mixed Feeds),4.4437500000000005,Q4: THE SWAMP,Vulnerable Provider + Lazy Customers
5578,"SWAN, a.s.",SK,58,PARTIAL (Mixed Feeds),50.58518518518518,Q4: THE SWAMP,Vulnerable Provider + Lazy Customers
26042,"FiberState, LLC",US,58,PARTIAL (Mixed Feeds),82.2235294117647,Q2: THE VICTIMS,Vulnerable Provider + Diligent Customers
132280,Symphony Communication (Thailand) PCL.,TH,58,SECURE (Full Coverage),71.37017543859649,Q1: GOLD STANDARD,Secure Provider + Diligent Customers
29208,"Quantcom, a.s.",CZ,58,SECURE (Active Local ROV),60.26315789473684,Q1: GOLD STANDARD,Secure Provider + Diligent Customers
24724,Atman Sp. z o.o.,PL,58,SECURE (Active Local ROV),61.35333333333334,Q1: GOLD STANDARD,Secure Provider + Diligent Customers
12695,LLC Digital Network,RU,58,PARTIAL (Mixed Feeds),33.673469387755105,Q4: THE SWAMP,Vulnerable Provider + Lazy Customers
26801,"Zito Media, L.P.",US,58,SECURE (Full Coverage),19.080851063829787,Q3: WASTED TECH,Secure Provider + Lazy Customers
263703,VIGINET C.A (vnet),VE,58,SECURE (Full Coverage),59.29767441860466,Q3: WASTED TECH,Secure Provider + Lazy Customers
33660,"Comcast Cable Communications, LLC",US,58,SECURE (Full Coverage),38.61311475409836,Q3: WASTED TECH,Secure Provider + Lazy Customers
12541,LYNTIA NETWORKS S.A.,ES,58,SECURE (Full Coverage),64.39433962264151,Q1: GOLD STANDARD,Secure Provider + Diligent Customers
5713,Telkom SA Ltd.,ZA,57,PARTIAL (Mixed Feeds),46.46590909090909,Q4: THE SWAMP,Vulnerable Provider + Lazy Customers
600,OARnet,US,57,SECURE (Full Coverage),0.9925925925925926,Q3: WASTED TECH,Secure Provider + Lazy Customers
58656,bdHUB Limited,BD,57,VULNERABLE (No Coverage),97.56122448979592,Q2: THE VICTIMS,Vulnerable Provider + Diligent Customers
33490,Comcast (Portland/Spokane),US,57,SECURE (Full Coverage),32.205,Q3: WASTED TECH,Secure Provider + Lazy Customers
202984,Team-Host (Chernyshov Aleksandr Aleksandrovich),RU,57,PARTIAL (Mixed Feeds),63.199999999999996,Q2: THE VICTIMS,Vulnerable Provider + Diligent Customers
55818,Matrix Cable Internet Exchange,ID,57,PARTIAL (Mixed Feeds),91.76486486486488,Q2: THE VICTIMS,Vulnerable Provider + Diligent Customers
835,GoCodeIT Inc,CA,57,PARTIAL (Mixed Feeds),56.26923076923077,Q4: THE SWAMP,Vulnerable Provider + Lazy Customers
35699,Adamo Telecom Iberia S.A.,ES,57,PARTIAL (Mixed Feeds),74.93818181818183,Q2: THE VICTIMS,Vulnerable Provider + Diligent Customers
8412,T-Mobile Austria GmbH,AT,56,SECURE (Active Local ROV),56.94666666666667,Q3: WASTED TECH,Secure Provider + Lazy Customers
52872,VOANET Telecomunicações Ltda.,BR,56,SECURE (Full Coverage),40.38461538461539,Q3: WASTED TECH,Secure Provider + Lazy Customers
197068,High Load Lab (Qrator),RU,56,PARTIAL (Mixed Feeds),48.06440677966102,Q4: THE SWAMP,Vulnerable Provider + Lazy Customers
7342,VeriSign Infrastructure & Operations,US,56,PARTIAL (Mixed Feeds),6.177586206896552,Q4: THE SWAMP,Vulnerable Provider + Lazy Customers
3170,VeloxServ Communications Ltd,GB,56,PARTIAL (Mixed Feeds),72.85952380952381,Q2: THE VICTIMS,Vulnerable Provider + Diligent Customers
8764,"Telia Lietuva, AB",LT,55,PARTIAL (Mixed Feeds),60.75,Q2: THE VICTIMS,Vulnerable Provider + Diligent Customers
1759,Telia Finland Oyj,FI,55,SECURE (Active Local ROV),48.623636363636365,Q3: WASTED TECH,Secure Provider + Lazy Customers
5089,Virgin Media Limited,GB,55,SECURE (Active Local ROV),38.87894736842105,Q3: WASTED TECH,Secure Provider + Lazy Customers
28761,CrimeaCom South LLC,RU,55,PARTIAL (Mixed Feeds),43.5245283018868,Q4: THE SWAMP,Vulnerable Provider + Lazy Customers
31042,Serbia BroadBand-Srpske Kablovske mreze d.o.o.,RS,55,PARTIAL (Mixed Feeds),44.00909090909091,Q4: THE SWAMP,Vulnerable Provider + Lazy Customers
3204,xTom OU,EE,55,PARTIAL (Mixed Feeds),29.775000000000002,Q4: THE SWAMP,Vulnerable Provider + Lazy Customers
28173,Dinamica Telecomunicacoes Ltda,BR,55,SECURE (Full Coverage),28.88888888888889,Q3: WASTED TECH,Secure Provider + Lazy Customers
50581,Ukrainian Telecommunication Group LLC,UA,54,PARTIAL (Mixed Feeds),45.31025641025641,Q4: THE SWAMP,Vulnerable Provider + Lazy Customers
262740,VELOO NET LTDA,BR,54,PARTIAL (Mixed Feeds),23.369565217391305,Q4: THE SWAMP,Vulnerable Provider + Lazy Customers
15994,A1 Hrvatska d.o.o.,HR,54,SECURE (Full Coverage),30.785454545454545,Q3: WASTED TECH,Secure Provider + Lazy Customers
4809,China Telecom Next Generation Carrier Network,CN,54,CORE: PROTECTED,29.17878787878788,Q3: WASTED TECH,Secure Provider + Lazy Customers
49063,Data Storage Center JSC,RU,54,PARTIAL (Mixed Feeds),34.95740740740741,Q4: THE SWAMP,Vulnerable Provider + Lazy Customers
22356,Durand do Brasil Ltda,BR,54,SECURE (Active Local ROV),64.84565217391305,Q1: GOLD STANDARD,Secure Provider + Diligent Customers
45558,Myanmar Posts and Telecommunications ,MM,54,SECURE (Active Local ROV),78.62432432432432,Q1: GOLD STANDARD,Secure Provider + Diligent Customers
719,Elisa Oyj,FI,54,SECURE (Active Local ROV),53.06792452830189,Q3: WASTED TECH,Secure Provider + Lazy Customers
43668,"""AS43668"" LLC",UA,54,PARTIAL (Mixed Feeds),25.346808510638297,Q4: THE SWAMP,Vulnerable Provider + Lazy Customers
45177,Devoli,NZ,54,SECURE (Active Local ROV),58.32916666666667,Q3: WASTED TECH,Secure Provider + Lazy Customers
50606,Horyzont Technologie Internetowe sp.z.o.o.,PL,53,PARTIAL (Mixed Feeds),54.57111111111111,Q4: THE SWAMP,Vulnerable Provider + Lazy Customers
25180,Exponential-E Ltd.,GB,53,PARTIAL (Mixed Feeds),29.58679245283019,Q4: THE SWAMP,Vulnerable Provider + Lazy Customers
4780,Digital United Inc.,TW,52,PARTIAL (Mixed Feeds),79.57222222222221,Q2: THE VICTIMS,Vulnerable Provider + Diligent Customers
7459,"Grande Communications Networks, LLC",US,52,SECURE (Full Coverage),22.59245283018868,Q3: WASTED TECH,Secure Provider + Lazy Customers
4515,PCCW IMS Ltd (PCCW Business Internet Access),HK,52,SECURE (Active Local ROV),15.76734693877551,Q3: WASTED TECH,Secure Provider + Lazy Customers
11232,Midcontinent Communications,US,52,SECURE (Active Local ROV),46.08541666666667,Q3: WASTED TECH,Secure Provider + Lazy Customers
3561,Lumen (ex. Savvis),US,52,SECURE (Active Local ROV),12.786274509803922,Q3: WASTED TECH,Secure Provider + Lazy Customers
13977,Fidium,US,52,SECURE (Full Coverage),17.118750000000002,Q3: WASTED TECH,Secure Provider + Lazy Customers
36086,Telx,US,51,PARTIAL (Mixed Feeds),19.968,Q4: THE SWAMP,Vulnerable Provider + Lazy Customers
10753,"Level 3 Parent, LLC",US,51,SECURE (Active Local ROV),40.4804347826087,Q3: WASTED TECH,Secure Provider + Lazy Customers
30517,"Great Lakes Comnet, Inc.",US,51,SECURE (Full Coverage),21.07843137254902,Q3: WASTED TECH,Secure Provider + Lazy Customers
24516,Virtutel Pty Ltd,AU,51,PARTIAL (Mixed Feeds),65.3232558139535,Q2: THE VICTIMS,Vulnerable Provider + Diligent Customers
28189,NOVVACORE,BR,51,SECURE (Full Coverage),28.804347826086957,Q3: WASTED TECH,Secure Provider + Lazy Customers
14789,"Cloudflare, Inc.",US,51,PARTIAL (Mixed Feeds),0.0,Q4: THE SWAMP,Vulnerable Provider + Lazy Customers
3249,Telia Eesti AS,EE,51,PARTIAL (Mixed Feeds),77.725,Q2: THE VICTIMS,Vulnerable Provider + Diligent Customers
207841,Inferno Communications Ltd,GB,51,SECURE (Active Local ROV),25.976271186440677,Q3: WASTED TECH,Secure Provider + Lazy Customers
26677,ORION,CA,50,PARTIAL (Mixed Feeds),63.7063829787234,Q2: THE VICTIMS,Vulnerable Provider + Diligent Customers
1853,ACONET,AT,50,SECURE (Active Local ROV),20.53,Q3: WASTED TECH,Secure Provider + Lazy Customers
138915,Kaopu Cloud HK Limited,HK,50,PARTIAL (Mixed Feeds),81.95333333333333,Q2: THE VICTIMS,Vulnerable Provider + Diligent Customers
6181,Cincinnati Bell Telephone Company LLC,US,50,SECURE (Full Coverage),30.068749999999998,Q3: WASTED TECH,Secure Provider + Lazy Customers
38794,UIH,TH,50,SECURE (Full Coverage),59.463265306122445,Q3: WASTED TECH,Secure Provider + Lazy Customers
16086,DNA Oyj,FI,49,SECURE (Active Local ROV),58.195454545454545,Q3: WASTED TECH,Secure Provider + Lazy Customers
8926,Moldtelecom SA,MD,49,PARTIAL (Mixed Feeds),81.81333333333333,Q2: THE VICTIMS,Vulnerable Provider + Diligent Customers
8449,"""ElCat"" Ltd.",KG,49,PARTIAL (Mixed Feeds),83.24871794871794,Q2: THE VICTIMS,Vulnerable Provider + Diligent Customers
56048,China Mobile Group Beijing Company,CN,48,Unverified (Transit/Peer?),10.1,Q4: THE SWAMP,Vulnerable Provider + Lazy Customers
52444,Pogliotti & Pogliotti Construcciones S.A.,AR,48,SECURE (Full Coverage),93.59787234042554,Q1: GOLD STANDARD,Secure Provider + Diligent Customers
266445,SEA TELECOM LTDA,BR,48,SECURE (Full Coverage),30.060000000000002,Q3: WASTED TECH,Secure Provider + Lazy Customers
22677,Charter Communications LLC,US,48,Unverified (Transit/Peer?),25.206521739130434,Q4: THE SWAMP,Vulnerable Provider + Lazy Customers
27552,"TowardEX Technologies International, Inc.",US,48,PARTIAL (Mixed Feeds),42.24897959183673,Q4: THE SWAMP,Vulnerable Provider + Lazy Customers
12271,Charter Communications Inc,US,48,SECURE (Full Coverage),24.721153846153847,Q3: WASTED TECH,Secure Provider + Lazy Customers
52840,Ava Telecomunicações LTDA,BR,48,PARTIAL (Mixed Feeds),48.5452380952381,Q4: THE SWAMP,Vulnerable Provider + Lazy Customers
5391,Hrvatski Telekom d.d.,HR,48,PARTIAL (Mixed Feeds),58.665217391304346,Q4: THE SWAMP,Vulnerable Provider + Lazy Customers
3399,Obenet AB,SE,47,SECURE (Active Local ROV),78.2,Q1: GOLD STANDARD,Secure Provider + Diligent Customers
8849,Melbikomas UAB,LT,47,PARTIAL (Mixed Feeds),75.2469387755102,Q2: THE VICTIMS,Vulnerable Provider + Diligent Customers
17451,Biznet Networks,ID,47,SECURE (Active Local ROV),53.68260869565218,Q3: WASTED TECH,Secure Provider + Lazy Customers
30600,Metronet,US,47,SECURE (Full Coverage),26.24791666666667,Q3: WASTED TECH,Secure Provider + Lazy Customers
12301,Invitech ICT Services Kft.,HU,47,SECURE (Active Local ROV),78.42765957446808,Q1: GOLD STANDARD,Secure Provider + Diligent Customers
11260,EastLink,CA,47,PARTIAL (Mixed Feeds),57.062790697674416,Q4: THE SWAMP,Vulnerable Provider + Lazy Customers
22645,LEARN,US,47,PARTIAL (Mixed Feeds),15.389361702127658,Q4: THE SWAMP,Vulnerable Provider + Lazy Customers
48678,PENTECH BILISIM TEKNOLOJILERI SANAYI VE TICARET LIMITED SIRKETi,TR,47,PARTIAL (Mixed Feeds),95.02558139534884,Q2: THE VICTIMS,Vulnerable Provider + Diligent Customers
6697,Beltelecom,BY,47,SECURE (Active Local ROV),42.2875,Q3: WASTED TECH,Secure Provider + Lazy Customers
6774,BICS (Belgacom),BE,47,PARTIAL (Mixed Feeds),64.48857142857143,Q2: THE VICTIMS,Vulnerable Provider + Diligent Customers
45430,SBN-IIG/AWN-IIG transit provider,TH,47,PARTIAL (Mixed Feeds),75.77027027027027,Q2: THE VICTIMS,Vulnerable Provider + Diligent Customers
136334,Vortex Netsol Private Limited,IN,47,PARTIAL (Mixed Feeds),86.99249999999999,Q2: THE VICTIMS,Vulnerable Provider + Diligent Customers
9931,National Telecom Public Company Limited,TH,47,SECURE (Full Coverage),59.543749999999996,Q3: WASTED TECH,Secure Provider + Lazy Customers
33662,"Comcast Cable Communications, LLC",US,46,SECURE (Full Coverage),30.861818181818183,Q3: WASTED TECH,Secure Provider + Lazy Customers
45474,NEXUSGUARD LIMITED,HK,46,PARTIAL (Mixed Feeds),61.57142857142857,Q2: THE VICTIMS,Vulnerable Provider + Diligent Customers
35104,Jusan Mobile JSC,KZ,46,PARTIAL (Mixed Feeds),49.957142857142856,Q4: THE SWAMP,Vulnerable Provider + Lazy Customers
41313,"""NOVATEL"" EOOD",BG,46,PARTIAL (Mixed Feeds),62.709523809523816,Q2: THE VICTIMS,Vulnerable Provider + Diligent Customers
6768,"""EUROTELE-PLUS"" LLC",UA,46,PARTIAL (Mixed Feeds),67.73181818181818,Q2: THE VICTIMS,Vulnerable Provider + Diligent Customers
150748,Gmax,BD,46,PARTIAL (Mixed Feeds),98.55217391304348,Q2: THE VICTIMS,Vulnerable Provider + Diligent Customers
46450,"Pilot Fiber, Inc.",US,46,PARTIAL (Mixed Feeds),34.62045454545454,Q4: THE SWAMP,Vulnerable Provider + Lazy Customers
9381,HKBN Enterprise Solutions HK Limited,HK,46,PARTIAL (Mixed Feeds),28.279545454545453,Q4: THE SWAMP,Vulnerable Provider + Lazy Customers
11096,FloridaNet,US,46,SECURE (Full Coverage),8.7,Q3: WASTED TECH,Secure Provider + Lazy Customers
43727,JSC KVANT-TELEKOM,RU,46,PARTIAL (Mixed Feeds),38.46590909090909,Q4: THE SWAMP,Vulnerable Provider + Lazy Customers
53180,INFORTEL COMUNICACOES LTDA,BR,46,PARTIAL (Mixed Feeds),31.57894736842105,Q4: THE SWAMP,Vulnerable Provider + Lazy Customers
61621,Norte.Net Telecomunicações Ltda,BR,46,SECURE (Full Coverage),47.50816326530612,Q3: WASTED TECH,Secure Provider + Lazy Customers
44306,OMONIA d.o.o.,HR,45,PARTIAL (Mixed Feeds),76.2975,Q2: THE VICTIMS,Vulnerable Provider + Diligent Customers
25227,JSC Avantel,RU,45,VULNERABLE (No Coverage),39.221739130434784,Q4: THE SWAMP,Vulnerable Provider + Lazy Customers
17433,Hytron Network Services Limited,HK,45,PARTIAL (Mixed Feeds),65.82619047619048,Q2: THE VICTIMS,Vulnerable Provider + Diligent Customers
2588,Bite Latvia,LV,45,Unverified (Transit/Peer?),77.18947368421053,Q2: THE VICTIMS,Vulnerable Provider + Diligent Customers
15935,ha-vel internet s.r.o.,CZ,45,SECURE (Active Local ROV),61.51764705882353,Q1: GOLD STANDARD,Secure Provider + Diligent Customers
31261,PJSC MegaFon,RU,45,SECURE (Full Coverage),46.51162790697674,Q3: WASTED TECH,Secure Provider + Lazy Customers
31898,Oracle Cloud,US,45,PARTIAL (Mixed Feeds),39.413513513513514,Q4: THE SWAMP,Vulnerable Provider + Lazy Customers
1916,RNP - Rede Nacional de Ensino e Pesquisa,BR,45,PARTIAL (Mixed Feeds),17.038235294117644,Q4: THE SWAMP,Vulnerable Provider + Lazy Customers
13807,Great Plains Communications LLC,US,45,PARTIAL (Mixed Feeds),29.38913043478261,Q4: THE SWAMP,Vulnerable Provider + Lazy Customers
64126,"DOMINICAN TELECOM PRIME, DTP, S.R.L.",DO,45,PARTIAL (Mixed Feeds),33.873333333333335,Q4: THE SWAMP,Vulnerable Provider + Lazy Customers
16814,NSS S.A.,AR,44,SECURE (Full Coverage),78.97608695652174,Q1: GOLD STANDARD,Secure Provider + Diligent Customers
141731,Max Hub Limited,BD,44,VULNERABLE (No Coverage),97.9860465116279,Q2: THE VICTIMS,Vulnerable Provider + Diligent Customers
24875,NovoServe B.V.,NL,44,SECURE (Active Local ROV),82.61555555555555,Q1: GOLD STANDARD,Secure Provider + Diligent Customers
135718,DISHAWAVES INFONET PVT. LTD,IN,44,VULNERABLE (No Coverage),99.42162162162163,Q2: THE VICTIMS,Vulnerable Provider + Diligent Customers
55850,Mercury NZ Limited,NZ,44,SECURE (Active Local ROV),85.94137931034483,Q1: GOLD STANDARD,Secure Provider + Diligent Customers
55330,Afghan Telecom,AF,43,Unverified (Transit/Peer?),79.13571428571429,Q2: THE VICTIMS,Vulnerable Provider + Diligent Customers
12654,RIPE NCC - RIS,NL,43,PARTIAL (Mixed Feeds),0.0,Q4: THE SWAMP,Vulnerable Provider + Lazy Customers
8283,Netwerkvereniging Coloclue,NL,43,SECURE (Active Local ROV),62.857142857142854,Q1: GOLD STANDARD,Secure Provider + Diligent Customers
19332,"Marcatel Com, S.A. de C.V.",MX,43,SECURE (Full Coverage),37.829268292682926,Q3: WASTED TECH,Secure Provider + Lazy Customers
6849,"JSC ""Ukrtelecom""",UA,43,SECURE (Active Local ROV),52.73260869565217,Q3: WASTED TECH,Secure Provider + Lazy Customers
9924,"Taiwan Fixed Network, Telco and Network Service Provider.",TW,43,SECURE (Active Local ROV),73.55581395348837,Q1: GOLD STANDARD,Secure Provider + Diligent Customers
52871,TASCOM TELECOMUNICAÇÕES LTDA,BR,43,SECURE (Full Coverage),53.65909090909091,Q3: WASTED TECH,Secure Provider + Lazy Customers
9505,Taiwan Internet Gateway,TW,43,PARTIAL (Mixed Feeds),74.59629629629629,Q2: THE VICTIMS,Vulnerable Provider + Diligent Customers
13576,SOUTH DAKOTA NETWORK,US,42,SECURE (Full Coverage),64.9888888888889,Q1: GOLD STANDARD,Secure Provider + Diligent Customers
58945,Virgo Communication Ltd,BD,42,PARTIAL (Mixed Feeds),97.5609756097561,Q2: THE VICTIMS,Vulnerable Provider + Diligent Customers
23688,Link3 Technologies Ltd.,BD,42,VULNERABLE (No Coverage),100.0,Q2: THE VICTIMS,Vulnerable Provider + Diligent Customers
11272,C Spire Fiber,US,42,SECURE (Full Coverage),20.54090909090909,Q3: WASTED TECH,Secure Provider + Lazy Customers
262999,IVI TECNOLOGIA E COMUNICAÇÃO LTDA,BR,42,SECURE (Full Coverage),51.693023255813955,Q3: WASTED TECH,Secure Provider + Lazy Customers
49600,"NEAR IP, S.L.",ES,42,PARTIAL (Mixed Feeds),78.3076923076923,Q2: THE VICTIMS,Vulnerable Provider + Diligent Customers
4812,China Telecom Shanghai Province Network,CN,42,VULNERABLE (No Coverage),22.51666666666667,Q4: THE SWAMP,Vulnerable Provider + Lazy Customers
1237,KISTI,KR,42,SECURE (Full Coverage),7.894736842105263,Q3: WASTED TECH,Secure Provider + Lazy Customers
13249,"PRIVATE JOINT STOCK COMPANY ""DATAGROUP""",UA,42,PARTIAL (Mixed Feeds),60.375757575757575,Q2: THE VICTIMS,Vulnerable Provider + Diligent Customers
2860,"NOS COMUNICACOES, S.A.",PT,41,SECURE (Active Local ROV),48.756410256410255,Q3: WASTED TECH,Secure Provider + Lazy Customers
137085,ANO Broadband Service Pvt Ltd,IN,41,PARTIAL (Mixed Feeds),91.00571428571428,Q2: THE VICTIMS,Vulnerable Provider + Diligent Customers
43061,Stelkom d.o.o.,SI,41,SECURE (Full Coverage),86.63333333333333,Q1: GOLD STANDARD,Secure Provider + Diligent Customers
8932,Ucom CJSC,AM,41,PARTIAL (Mixed Feeds),79.13548387096773,Q2: THE VICTIMS,Vulnerable Provider + Diligent Customers
9457,DREAMLINE CO.,KR,41,PARTIAL (Mixed Feeds),9.924324324324324,Q4: THE SWAMP,Vulnerable Provider + Lazy Customers
63473,"HostHatch, LLC",US,41,PARTIAL (Mixed Feeds),43.940909090909095,Q4: THE SWAMP,Vulnerable Provider + Lazy Customers
208293,AlSalam State Company,IQ,41,SECURE (Full Coverage),97.64166666666667,Q1: GOLD STANDARD,Secure Provider + Diligent Customers
4181,TDS TELECOM,US,41,SECURE (Active Local ROV),32.52368421052632,Q3: WASTED TECH,Secure Provider + Lazy Customers
12083,WideOpenWest Finance LLC,US,41,SECURE (Full Coverage),32.28666666666667,Q3: WASTED TECH,Secure Provider + Lazy Customers
140641,YOTTA NETWORK SERVICES PRIVATE LIMITED,IN,40,PARTIAL (Mixed Feeds),71.965,Q2: THE VICTIMS,Vulnerable Provider + Diligent Customers
16713,Northwest Open Access Network,US,40,PARTIAL (Mixed Feeds),29.959999999999997,Q4: THE SWAMP,Vulnerable Provider + Lazy Customers
212330,"Civilisation Information Technology, communication and internet services Co., LTD",IQ,40,VULNERABLE (No Coverage),97.665625,Q2: THE VICTIMS,Vulnerable Provider + Diligent Customers
9425,Future Internet Technology Infrastructure (FITI),CN,40,VULNERABLE (No Coverage),0.0,Q4: THE SWAMP,Vulnerable Provider + Lazy Customers
2200,Renater,FR,40,PARTIAL (Mixed Feeds),40.15,Q4: THE SWAMP,Vulnerable Provider + Lazy Customers
132215,Powergrid Teleservices Limited,IN,40,PARTIAL (Mixed Feeds),81.00526315789473,Q2: THE VICTIMS,Vulnerable Provider + Diligent Customers
6325,Illinois Century Network,US,40,PARTIAL (Mixed Feeds),6.944444444444445,Q4: THE SWAMP,Vulnerable Provider + Lazy Customers
49100,Pishgaman Toseeh Ertebatat Company (Private Joint Stock),IR,40,Unverified (Transit/Peer?),81.95121951219512,Q2: THE VICTIMS,Vulnerable Provider + Diligent Customers
38272,China Education and Research Network (CERNET),CN,40,VULNERABLE (No Coverage),0.0,Q4: THE SWAMP,Vulnerable Provider + Lazy Customers
27951,Media Commerce Partners S.A,CO,40,SECURE (Active Local ROV),69.94782608695652,Q1: GOLD STANDARD,Secure Provider + Diligent Customers
35179,Korbank S. A.,PL,40,PARTIAL (Mixed Feeds),64.90625,Q2: THE VICTIMS,Vulnerable Provider + Diligent Customers
15440,"UAB ""Baltnetos komunikacijos""",LT,40,PARTIAL (Mixed Feeds),71.43589743589743,Q2: THE VICTIMS,Vulnerable Provider + Diligent Customers
40850,UPIX NETWORKS INTERNATIONAL LLC,US,39,PARTIAL (Mixed Feeds),26.772222222222222,Q4: THE SWAMP,Vulnerable Provider + Lazy Customers
81,MCNC,US,39,SECURE (Full Coverage),44.71351351351352,Q3: WASTED TECH,Secure Provider + Lazy Customers
33154,DQE Communications LLC,US,39,SECURE (Full Coverage),24.141025641025642,Q3: WASTED TECH,Secure Provider + Lazy Customers
6205,HizliNet Teknoloji A.S.,TR,39,PARTIAL (Mixed Feeds),92.1609756097561,Q2: THE VICTIMS,Vulnerable Provider + Diligent Customers
6661,POST Luxembourg,LU,39,SECURE (Active Local ROV),63.731578947368426,Q1: GOLD STANDARD,Secure Provider + Diligent Customers
28458,IENTC S DE RL DE CV,MX,39,PARTIAL (Mixed Feeds),61.371428571428574,Q2: THE VICTIMS,Vulnerable Provider + Diligent Customers
4922,Shenandoah Cable Television LLC,US,39,SECURE (Full Coverage),24.46315789473684,Q3: WASTED TECH,Secure Provider + Lazy Customers
21508,"Comcast Cable Communications, LLC",US,39,SECURE (Full Coverage),12.742222222222221,Q3: WASTED TECH,Secure Provider + Lazy Customers
30058,FDCservers.net,US,39,PARTIAL (Mixed Feeds),82.14285714285714,Q2: THE VICTIMS,Vulnerable Provider + Diligent Customers
207336,Netassist SL,ES,39,PARTIAL (Mixed Feeds),0.0,Q4: THE SWAMP,Vulnerable Provider + Lazy Customers
3816,COLOMBIA TELECOMUNICACIONES S.A. ESP BIC,CO,39,SECURE (Full Coverage),53.26486486486486,Q3: WASTED TECH,Secure Provider + Lazy Customers
3112,OARnet,US,39,Unverified (Transit/Peer?),0.0,Q4: THE SWAMP,Vulnerable Provider + Lazy Customers
266409,SECW TELECOM,BR,39,PARTIAL (Mixed Feeds),42.3625,Q4: THE SWAMP,Vulnerable Provider + Lazy Customers
8492,"""OBIT"" Ltd.",RU,39,PARTIAL (Mixed Feeds),44.435135135135134,Q4: THE SWAMP,Vulnerable Provider + Lazy Customers
8595,OOO WestCall Ltd.,RU,39,PARTIAL (Mixed Feeds),26.32325581395349,Q4: THE SWAMP,Vulnerable Provider + Lazy Customers
6424,EDGOO NETWORKS,PT,39,PARTIAL (Mixed Feeds),73.85263157894737,Q2: THE VICTIMS,Vulnerable Provider + Diligent Customers
34250,"""Uzbektelekom"" Joint Stock Company",UZ,38,Unverified (Transit/Peer?),64.77105263157895,Q2: THE VICTIMS,Vulnerable Provider + Diligent Customers
9268,Over The Wire Pty Ltd,AU,38,Unverified (Transit/Peer?),60.788235294117655,Q2: THE VICTIMS,Vulnerable Provider + Diligent Customers
21413,Envia Tel GmbH,DE,38,SECURE (Active Local ROV),48.255,Q3: WASTED TECH,Secure Provider + Lazy Customers
51847,Nearoute Limited,HK,38,PARTIAL (Mixed Feeds),65.67368421052632,Q2: THE VICTIMS,Vulnerable Provider + Diligent Customers
45629,JasTel Network International Gateway,TH,38,PARTIAL (Mixed Feeds),67.16666666666667,Q2: THE VICTIMS,Vulnerable Provider + Diligent Customers
21559,OSNET,PR,38,SECURE (Full Coverage),26.63846153846154,Q3: WASTED TECH,Secure Provider + Lazy Customers
138423,CMPak Limited,PK,38,Unverified (Transit/Peer?),92.04285714285714,Q2: THE VICTIMS,Vulnerable Provider + Diligent Customers
12406,Business Network Ltd,BY,38,Unverified (Transit/Peer?),33.99393939393939,Q4: THE SWAMP,Vulnerable Provider + Lazy Customers
30036,Mediacom Communications Corp,US,38,PARTIAL (Mixed Feeds),18.42105263157895,Q4: THE SWAMP,Vulnerable Provider + Lazy Customers
262494,Virtex Telecom,BR,38,PARTIAL (Mixed Feeds),43.12820512820513,Q4: THE SWAMP,Vulnerable Provider + Lazy Customers
12213,Centersquare,US,37,PARTIAL (Mixed Feeds),23.344444444444445,Q4: THE SWAMP,Vulnerable Provider + Lazy Customers
42,"WoodyNet, Inc.",US,37,PARTIAL (Mixed Feeds),78.88888888888889,Q2: THE VICTIMS,Vulnerable Provider + Diligent Customers
9145,EWE TEL GmbH,DE,37,SECURE (Active Local ROV),43.514634146341464,Q3: WASTED TECH,Secure Provider + Lazy Customers
21700,"Neptune Networks, LLC",US,37,SECURE (Active Local ROV),56.05777777777777,Q3: WASTED TECH,Secure Provider + Lazy Customers
6799,Ote SA (Hellenic Telecommunications Organisation),GR,37,Unverified (Transit/Peer?),58.57222222222222,Q4: THE SWAMP,Vulnerable Provider + Lazy Customers
135905,Vietnam P&T,VN,37,PARTIAL (Mixed Feeds),71.37352941176471,Q2: THE VICTIMS,Vulnerable Provider + Diligent Customers
15802,Emirates Integrated Telecommunications Company PJSC,AE,37,PARTIAL (Mixed Feeds),55.93714285714285,Q4: THE SWAMP,Vulnerable Provider + Lazy Customers
17072,TOTAL PLAY TELECOMUNICACIONES SA DE CV,MX,37,PARTIAL (Mixed Feeds),36.34285714285714,Q4: THE SWAMP,Vulnerable Provider + Lazy Customers
15576,NTS workspace AG,CH,37,SECURE (Active Local ROV),89.40810810810811,Q1: GOLD STANDARD,Secure Provider + Diligent Customers
53158,Net Turbo Telecom,BR,37,SECURE (Full Coverage),35.04210526315789,Q3: WASTED TECH,Secure Provider + Lazy Customers
4229,Zenlayer Inc,US,37,SECURE (Active Local ROV),89.403125,Q1: GOLD STANDARD,Secure Provider + Diligent Customers
266167,CELERIX TECNOLOGIA DE TELECOMUNICACOES LTDA,BR,37,SECURE (Full Coverage),34.21052631578947,Q3: WASTED TECH,Secure Provider + Lazy Customers
22974,Charter Communications LLC,US,37,VULNERABLE (No Coverage),22.44857142857143,Q4: THE SWAMP,Vulnerable Provider + Lazy Customers
38264,Wateen Telecom,PK,37,Unverified (Transit/Peer?),69.7342857142857,Q2: THE VICTIMS,Vulnerable Provider + Diligent Customers
13789,Unitas Global,US,37,Unverified (Transit/Peer?),17.985,Q4: THE SWAMP,Vulnerable Provider + Lazy Customers
10490,Georgia Institute of Technology,US,36,SECURE (Full Coverage),31.861904761904764,Q3: WASTED TECH,Secure Provider + Lazy Customers
12042,Fidium,US,36,SECURE (Full Coverage),28.903030303030302,Q3: WASTED TECH,Secure Provider + Lazy Customers
24323,aamra networks limited,BD,36,VULNERABLE (No Coverage),95.7081081081081,Q2: THE VICTIMS,Vulnerable Provider + Diligent Customers
17501,WorldLink Communications Pvt Ltd,NP,36,Unverified (Transit/Peer?),95.96774193548387,Q2: THE VICTIMS,Vulnerable Provider + Diligent Customers
24835,Vodafone Egypt,EG,36,SECURE (Full Coverage),13.694594594594594,Q3: WASTED TECH,Secure Provider + Lazy Customers
273683,ALLREDE TELECOM LTDA,BR,36,SECURE (Full Coverage),49.49166666666667,Q3: WASTED TECH,Secure Provider + Lazy Customers
206810,"GUP DNR ""UGLETELECOM""",RU,36,PARTIAL (Mixed Feeds),72.35666666666665,Q2: THE VICTIMS,Vulnerable Provider + Diligent Customers
30823,aurologic GmbH,DE,36,PARTIAL (Mixed Feeds),79.9659090909091,Q2: THE VICTIMS,Vulnerable Provider + Diligent Customers
7004,CTC Transmisiones Regionales S.A.,CL,36,SECURE (Full Coverage),59.31578947368421,Q3: WASTED TECH,Secure Provider + Lazy Customers
53427,TGLOBAL NETWORKS,US,36,PARTIAL (Mixed Feeds),75.33243243243244,Q2: THE VICTIMS,Vulnerable Provider + Diligent Customers
9902,NTC Neocom,KH,36,PARTIAL (Mixed Feeds),86.44,Q2: THE VICTIMS,Vulnerable Provider + Diligent Customers
2518,BIGLOBE Inc.,JP,36,SECURE (Active Local ROV),63.114285714285714,Q1: GOLD STANDARD,Secure Provider + Diligent Customers
19754,"The Fusion Network, LLC",US,35,PARTIAL (Mixed Feeds),16.75294117647059,Q4: THE SWAMP,Vulnerable Provider + Lazy Customers
149765,Coronet Corporation Limited,BD,35,PARTIAL (Mixed Feeds),96.37096774193549,Q2: THE VICTIMS,Vulnerable Provider + Diligent Customers
43531,BSO Network Solutions SAS,FR,35,VULNERABLE (No Coverage),0.0,Q4: THE SWAMP,Vulnerable Provider + Lazy Customers
38235,ANGKOR DATA COMMUNICATION,KH,35,PARTIAL (Mixed Feeds),85.55263157894737,Q2: THE VICTIMS,Vulnerable Provider + Diligent Customers
263774,MARANDU COMUNICACIONES SOCIEDAD DEL ESTADO,AR,35,PARTIAL (Mixed Feeds),92.76285714285714,Q2: THE VICTIMS,Vulnerable Provider + Diligent Customers
266181,GOLDEN LINK,BR,35,PARTIAL (Mixed Feeds),31.34285714285714,Q4: THE SWAMP,Vulnerable Provider + Lazy Customers
8422,NetCologne,DE,35,SECURE (Active Local ROV),33.371875,Q3: WASTED TECH,Secure Provider + Lazy Customers
38757,PT Indonesia Comnets Plus,ID,35,PARTIAL (Mixed Feeds),45.20285714285714,Q4: THE SWAMP,Vulnerable Provider + Lazy Customers
5610,"O2 Czech Republic, a.s.",CZ,35,PARTIAL (Mixed Feeds),69.36176470588236,Q2: THE VICTIMS,Vulnerable Provider + Diligent Customers
6057,Administracion Nacional de Telecomunicaciones,UY,35,PARTIAL (Mixed Feeds),63.43571428571429,Q2: THE VICTIMS,Vulnerable Provider + Diligent Customers
23352,DEFT.COM,US,35,PARTIAL (Mixed Feeds),38.934285714285714,Q4: THE SWAMP,Vulnerable Provider + Lazy Customers
31117,ENERGOTEL a.s.,SK,35,SECURE (Active Local ROV),44.5735294117647,Q3: WASTED TECH,Secure Provider + Lazy Customers
49666,Telecommunication Infrastructure Company,IR,35,PARTIAL (Mixed Feeds),83.39444444444445,Q2: THE VICTIMS,Vulnerable Provider + Diligent Customers
21219,"PRIVATE JOINT STOCK COMPANY ""DATAGROUP""",UA,35,SECURE (Full Coverage),41.891891891891895,Q3: WASTED TECH,Secure Provider + Lazy Customers
19151,"BroadbandONE, LLC",US,35,PARTIAL (Mixed Feeds),25.11875,Q4: THE SWAMP,Vulnerable Provider + Lazy Customers
27066,United States Department of Defense (DoD),US,34,Unverified (Transit/Peer?),0.0,Q4: THE SWAMP,Vulnerable Provider + Lazy Customers
16904,Arvig Enterprises Inc.,US,34,SECURE (Full Coverage),29.16764705882353,Q3: WASTED TECH,Secure Provider + Lazy Customers
25645,"Momentum Telecom, Inc.",US,34,PARTIAL (Mixed Feeds),32.803125,Q4: THE SWAMP,Vulnerable Provider + Lazy Customers
9341,PT Indonesia Comnets Plus,ID,34,PARTIAL (Mixed Feeds),55.71333333333334,Q4: THE SWAMP,Vulnerable Provider + Lazy Customers
24940,Hetzner Online GmbH,DE,34,SECURE (Active Local ROV),72.11333333333333,Q1: GOLD STANDARD,Secure Provider + Diligent Customers
25019,Saudi Telecom Company JSC,SA,34,Unverified (Transit/Peer?),42.19210526315789,Q4: THE SWAMP,Vulnerable Provider + Lazy Customers
293,ESnet,US,34,PARTIAL (Mixed Feeds),35.911764705882355,Q4: THE SWAMP,Vulnerable Provider + Lazy Customers
263276,BBG TELECOM LTDA,BR,34,PARTIAL (Mixed Feeds),66.12777777777778,Q2: THE VICTIMS,Vulnerable Provider + Diligent Customers
27947,Telconet S.A,EC,34,PARTIAL (Mixed Feeds),75.9470588235294,Q2: THE VICTIMS,Vulnerable Provider + Diligent Customers
14618,"Amazon.com, Inc.",US,34,SECURE (Full Coverage),83.60249999999999,Q1: GOLD STANDARD,Secure Provider + Diligent Customers
327782,Metrofibre Networx,ZA,34,PARTIAL (Mixed Feeds),38.73428571428572,Q4: THE SWAMP,Vulnerable Provider + Lazy Customers
262532,NET ONDA SERVICOS DE INTERNET LTDA,BR,34,PARTIAL (Mixed Feeds),29.86111111111111,Q4: THE SWAMP,Vulnerable Provider + Lazy Customers
55666,PT Media Sarana Data,ID,34,SECURE (Active Local ROV),79.90294117647058,Q1: GOLD STANDARD,Secure Provider + Diligent Customers
12722,RECONN LLC,RU,34,PARTIAL (Mixed Feeds),20.051515151515154,Q4: THE SWAMP,Vulnerable Provider + Lazy Customers
24088,Hanoi Telecom Joint Stock Company - HCMC Branch,VN,34,PARTIAL (Mixed Feeds),82.51111111111112,Q2: THE VICTIMS,Vulnerable Provider + Diligent Customers
263327,ONLINE TELECOMUNICACOES LTDA,BR,34,SECURE (Full Coverage),27.177272727272726,Q3: WASTED TECH,Secure Provider + Lazy Customers
28198,SEMPRE TELECOMUNICACOES LTDA,BR,34,PARTIAL (Mixed Feeds),51.39032258064516,Q4: THE SWAMP,Vulnerable Provider + Lazy Customers
28158,Ampernet Telecomunicações Ltda,BR,34,PARTIAL (Mixed Feeds),53.379999999999995,Q4: THE SWAMP,Vulnerable Provider + Lazy Customers
6866,Cyprus Telecommunications Authority,CY,34,SECURE (Active Local ROV),74.6,Q1: GOLD STANDARD,Secure Provider + Diligent Customers
394437,PS Lightwave,US,34,SECURE (Full Coverage),26.97631578947368,Q3: WASTED TECH,Secure Provider + Lazy Customers
41039,"Timer, LLC",RU,34,PARTIAL (Mixed Feeds),37.670833333333334,Q4: THE SWAMP,Vulnerable Provider + Lazy Customers
9905,PT Link Net Tbk,ID,34,VULNERABLE (No Coverage),44.599999999999994,Q4: THE SWAMP,Vulnerable Provider + Lazy Customers
13415,"FirstDigital Communications, LLC",US,34,PARTIAL (Mixed Feeds),25.502702702702702,Q4: THE SWAMP,Vulnerable Provider + Lazy Customers
13329,"Kansas Fiber Network, LLC",US,34,SECURE (Active Local ROV),45.33939393939394,Q3: WASTED TECH,Secure Provider + Lazy Customers
11492,"CABLE ONE, INC.",US,34,PARTIAL (Mixed Feeds),25.353571428571428,Q4: THE SWAMP,Vulnerable Provider + Lazy Customers
42739,Hawe Telekom S.A. in Restructuring,PL,33,PARTIAL (Mixed Feeds),65.7258064516129,Q2: THE VICTIMS,Vulnerable Provider + Diligent Customers
42831,UK Dedicated Servers Limited,GB,33,SECURE (Active Local ROV),78.19714285714286,Q1: GOLD STANDARD,Secure Provider + Diligent Customers
5384,EMIRATES TELECOMMUNICATIONS GROUP COMPANY (ETISALAT GROUP) PJSC,AE,33,VULNERABLE (No Coverage),47.025,Q4: THE SWAMP,Vulnerable Provider + Lazy Customers
263629,MASTER TECNOLOGIA,BR,33,PARTIAL (Mixed Feeds),52.52,Q4: THE SWAMP,Vulnerable Provider + Lazy Customers
25369,Hydra Communications Ltd,GB,33,SECURE (Active Local ROV),76.21428571428571,Q1: GOLD STANDARD,Secure Provider + Diligent Customers
29695,Lyse Tele AS,NO,33,SECURE (Active Local ROV),44.74411764705882,Q3: WASTED TECH,Secure Provider + Lazy Customers
10010,TOKAI Communications Corporation,JP,33,PARTIAL (Mixed Feeds),43.1125,Q4: THE SWAMP,Vulnerable Provider + Lazy Customers
17621,China Unicom Shanghai network,CN,33,Unverified (Transit/Peer?),29.315625,Q4: THE SWAMP,Vulnerable Provider + Lazy Customers
1136,KPN B.V.,NL,33,SECURE (Active Local ROV),65.51818181818182,Q1: GOLD STANDARD,Secure Provider + Diligent Customers
45352,IP ServerOne Solutions Sdn. Bhd.,MY,33,PARTIAL (Mixed Feeds),67.45185185185186,Q2: THE VICTIMS,Vulnerable Provider + Diligent Customers
19905,"Vercara, LLC",US,33,SECURE (Active Local ROV),47.62307692307692,Q3: WASTED TECH,Secure Provider + Lazy Customers
269595,VGRNET INFORMATICA LTDA,BR,33,PARTIAL (Mixed Feeds),47.903225806451616,Q4: THE SWAMP,Vulnerable Provider + Lazy Customers
132116,Ani Network Pvt Ltd,IN,33,PARTIAL (Mixed Feeds),76.68260869565218,Q2: THE VICTIMS,Vulnerable Provider + Diligent Customers
61049,Exascale Ltd,GB,33,PARTIAL (Mixed Feeds),86.1590909090909,Q2: THE VICTIMS,Vulnerable Provider + Diligent Customers
263073,DTEL TELECOM,BR,33,SECURE (Full Coverage),33.63617021276596,Q3: WASTED TECH,Secure Provider + Lazy Customers
196925,AZERTELECOM LLC,AZ,33,PARTIAL (Mixed Feeds),66.94814814814815,Q2: THE VICTIMS,Vulnerable Provider + Diligent Customers
197103,Ixaris Systems (Malta) Limited,MT,33,SECURE (Full Coverage),7.575757575757576,Q3: WASTED TECH,Secure Provider + Lazy Customers
64302,IDREN - Indonesia Research and Education Network,ID,33,Unverified (Transit/Peer?),0.0,Q4: THE SWAMP,Vulnerable Provider + Lazy Customers
63961,Bangladesh Research and Education Network (BdREN),BD,33,Unverified (Transit/Peer?),99.4939393939394,Q2: THE VICTIMS,Vulnerable Provider + Diligent Customers
3737,PenTeleData Inc.,US,32,SECURE (Active Local ROV),49.140625,Q3: WASTED TECH,Secure Provider + Lazy Customers
49544,i3D.net B.V,NL,32,PARTIAL (Mixed Feeds),88.109375,Q2: THE VICTIMS,Vulnerable Provider + Diligent Customers
263238,Eliana Vanessa Morocho Oña,EC,32,PARTIAL (Mixed Feeds),79.92162162162163,Q2: THE VICTIMS,Vulnerable Provider + Diligent Customers
38022,REANNZ National Research and Education Network,NZ,32,PARTIAL (Mixed Feeds),38.11,Q4: THE SWAMP,Vulnerable Provider + Lazy Customers
60976,Parsan Lin Co. PJS,IR,32,Unverified (Transit/Peer?),94.54137931034482,Q2: THE VICTIMS,Vulnerable Provider + Diligent Customers
22909,"Comcast Cable Communications, LLC",US,32,SECURE (Full Coverage),21.92162162162162,Q3: WASTED TECH,Secure Provider + Lazy Customers
37497,Network Platforms (PTY) LTD,ZA,32,SECURE (Active Local ROV),75.23793103448276,Q1: GOLD STANDARD,Secure Provider + Diligent Customers
1653,Vetenskapsrådet / SUNET,EU,32,SECURE (Full Coverage),37.03125,Q3: WASTED TECH,Secure Provider + Lazy Customers
267469,W8 Telecom Ltda - ME,BR,32,SECURE (Full Coverage),51.61290322580645,Q3: WASTED TECH,Secure Provider + Lazy Customers
28725,CETIN a.s.,CZ,32,SECURE (Active Local ROV),43.67272727272727,Q3: WASTED TECH,Secure Provider + Lazy Customers
262186,TV AZTECA SUCURSAL COLOMBIA,CO,32,PARTIAL (Mixed Feeds),63.9375,Q2: THE VICTIMS,Vulnerable Provider + Diligent Customers
8470,JSC Macomnet,RU,32,PARTIAL (Mixed Feeds),26.345161290322583,Q4: THE SWAMP,Vulnerable Provider + Lazy Customers
25394,MK Netzdienste Verwaltungs GmbH trading as MK Netzdienste GmbH & Co. KG,DE,32,SECURE (Active Local ROV),42.958064516129035,Q3: WASTED TECH,Secure Provider + Lazy Customers
6667,Elisa Oyj,FI,32,SECURE (Active Local ROV),74.312,Q1: GOLD STANDARD,Secure Provider + Diligent Customers
1241,Nova Telecommunications & Media Single Member S.A,GR,32,SECURE (Active Local ROV),45.832258064516125,Q3: WASTED TECH,Secure Provider + Lazy Customers
4213,Krypt Technologies,US,32,PARTIAL (Mixed Feeds),29.886666666666667,Q4: THE SWAMP,Vulnerable Provider + Lazy Customers
4768,One New Zealand Group Limited,NZ,32,Unverified (Transit/Peer?),69.9054054054054,Q2: THE VICTIMS,Vulnerable Provider + Diligent Customers
17054,Expedient,US,32,SECURE (Full Coverage),18.663333333333334,Q3: WASTED TECH,Secure Provider + Lazy Customers
14877,"FirstLight Fiber, Inc.",US,31,PARTIAL (Mixed Feeds),58.41764705882353,Q4: THE SWAMP,Vulnerable Provider + Lazy Customers
19114,Otecel S.A.,EC,31,SECURE (Active Local ROV),79.60857142857144,Q1: GOLD STANDARD,Secure Provider + Diligent Customers
37061,Safaricom Limited,KE,31,Unverified (Transit/Peer?),9.375,Q4: THE SWAMP,Vulnerable Provider + Lazy Customers
13094,"JSC ""ER-Telecom Holding""",RU,31,PARTIAL (Mixed Feeds),40.652631578947364,Q4: THE SWAMP,Vulnerable Provider + Lazy Customers
15836,Arax-Impex s.r.l.,MD,31,PARTIAL (Mixed Feeds),69.62962962962963,Q2: THE VICTIMS,Vulnerable Provider + Diligent Customers
5488,Proximus NV,BE,31,Unverified (Transit/Peer?),26.666666666666668,Q4: THE SWAMP,Vulnerable Provider + Lazy Customers
328748,Agile Solutions Provider (PTY) LTD,ZA,31,PARTIAL (Mixed Feeds),49.148275862068964,Q4: THE SWAMP,Vulnerable Provider + Lazy Customers
38008,Aperture Science Limited,HK,31,PARTIAL (Mixed Feeds),29.66388888888889,Q4: THE SWAMP,Vulnerable Provider + Lazy Customers
21283,A1 Slovenija d.d.,SI,31,SECURE (Full Coverage),78.7,Q1: GOLD STANDARD,Secure Provider + Diligent Customers
18002,World Phone Internet Services Pvt. Ltd,IN,31,PARTIAL (Mixed Feeds),83.55862068965517,Q2: THE VICTIMS,Vulnerable Provider + Diligent Customers
29278,Rackhost Zrt.,HU,31,PARTIAL (Mixed Feeds),86.66428571428571,Q2: THE VICTIMS,Vulnerable Provider + Diligent Customers
22911,"SINAP-TIX, LLC",US,31,SECURE (Full Coverage),20.408823529411762,Q3: WASTED TECH,Secure Provider + Lazy Customers
55821,"RADIUS TELECOMS, INC.",PH,31,PARTIAL (Mixed Feeds),65.36,Q2: THE VICTIMS,Vulnerable Provider + Diligent Customers
38182,Extreme Broadband,MY,31,PARTIAL (Mixed Feeds),67.45185185185186,Q2: THE VICTIMS,Vulnerable Provider + Diligent Customers
11758,IRIS Networks,US,31,SECURE (Full Coverage),36.059375,Q3: WASTED TECH,Secure Provider + Lazy Customers
24400,"Shanghai Mobile Communications Co.,Ltd.",CN,31,Unverified (Transit/Peer?),25.342307692307692,Q4: THE SWAMP,Vulnerable Provider + Lazy Customers
23404,Ritter Communications,US,31,PARTIAL (Mixed Feeds),28.967741935483872,Q4: THE SWAMP,Vulnerable Provider + Lazy Customers
9658,"Eastern Telecommunications Philippines, Inc.",PH,31,PARTIAL (Mixed Feeds),46.5735294117647,Q4: THE SWAMP,Vulnerable Provider + Lazy Customers
11776,Breezeline,US,31,SECURE (Full Coverage),26.263636363636365,Q3: WASTED TECH,Secure Provider + Lazy Customers
264293,Smart Solucoes em Telecomunicacoes,BR,31,PARTIAL (Mixed Feeds),35.15483870967742,Q4: THE SWAMP,Vulnerable Provider + Lazy Customers
10310,Yahoo Holdings Inc.,US,31,PARTIAL (Mixed Feeds),0.0,Q4: THE SWAMP,Vulnerable Provider + Lazy Customers
397423,Tier.Net Technologies LLC,US,30,PARTIAL (Mixed Feeds),78.05714285714285,Q2: THE VICTIMS,Vulnerable Provider + Diligent Customers
212477,RoyaleHosting B.V.,NL,30,SECURE (Active Local ROV),91.52083333333333,Q1: GOLD STANDARD,Secure Provider + Diligent Customers
29465,MTN NIGERIA Communication limited,NG,30,SECURE (Full Coverage),30.9741935483871,Q3: WASTED TECH,Secure Provider + Lazy Customers
133720,Zess Networks Private Limited,IN,30,PARTIAL (Mixed Feeds),100.0,Q2: THE VICTIMS,Vulnerable Provider + Diligent Customers
55352,Microscan Internet Limited,IN,30,PARTIAL (Mixed Feeds),83.11333333333333,Q2: THE VICTIMS,Vulnerable Provider + Diligent Customers
15296,Cybera Inc,CA,30,SECURE (Full Coverage),74.10714285714286,Q1: GOLD STANDARD,Secure Provider + Diligent Customers
31313,Serviciul de Telecomunicatii Speciale,RO,30,SECURE (Full Coverage),43.96666666666667,Q3: WASTED TECH,Secure Provider + Lazy Customers
12843,TelemaxX Telekommunikation GmbH,DE,30,PARTIAL (Mixed Feeds),79.19354838709677,Q2: THE VICTIMS,Vulnerable Provider + Diligent Customers
12849,Hot-Net internet services Ltd.,IL,30,SECURE (Active Local ROV),52.277142857142856,Q3: WASTED TECH,Secure Provider + Lazy Customers
21320,GEANT Vereniging,NL,30,PARTIAL (Mixed Feeds),61.661764705882355,Q2: THE VICTIMS,Vulnerable Provider + Diligent Customers
133524,"Global Technology Co., Ltd.",MM,30,SECURE (Full Coverage),73.95172413793104,Q1: GOLD STANDARD,Secure Provider + Diligent Customers
29314,VECTRA S.A.,PL,30,PARTIAL (Mixed Feeds),57.99310344827586,Q4: THE SWAMP,Vulnerable Provider + Lazy Customers
8374,Polkomtel Sp. z o.o.,PL,30,PARTIAL (Mixed Feeds),35.714285714285715,Q4: THE SWAMP,Vulnerable Provider + Lazy Customers
63956,5G NETWORK OPERATIONS PTY LTD,AU,30,PARTIAL (Mixed Feeds),67.328125,Q2: THE VICTIMS,Vulnerable Provider + Diligent Customers
7782,"Alaska Communications Systems Group, Inc.",US,30,PARTIAL (Mixed Feeds),20.12258064516129,Q4: THE SWAMP,Vulnerable Provider + Lazy Customers
133001,Airnet Cable And Datacom Pvt Ltd,IN,30,PARTIAL (Mixed Feeds),93.16428571428571,Q2: THE VICTIMS,Vulnerable Provider + Diligent Customers
21013,eww ag,AT,30,SECURE (Active Local ROV),65.365625,Q1: GOLD STANDARD,Secure Provider + Diligent Customers
5408,National Infrastructures for Research and Technology S.A.,GR,30,SECURE (Full Coverage),87.35517241379311,Q1: GOLD STANDARD,Secure Provider + Diligent Customers
16302,Suomi Communications Oy,FI,30,SECURE (Active Local ROV),55.60666666666667,Q3: WASTED TECH,Secure Provider + Lazy Customers
3327,CITIC Telecom CPC Netherlands B.V.,NL,30,PARTIAL (Mixed Feeds),58.5875,Q4: THE SWAMP,Vulnerable Provider + Lazy Customers
49981,WorldStream B.V.,NL,30,SECURE (Active Local ROV),95.71428571428571,Q1: GOLD STANDARD,Secure Provider + Diligent Customers
9255,Singapore Telecom,SG,30,Unverified (Transit/Peer?),24.216216216216218,Q4: THE SWAMP,Vulnerable Provider + Lazy Customers
28202,Master Internet,BR,30,PARTIAL (Mixed Feeds),26.553846153846152,Q4: THE SWAMP,Vulnerable Provider + Lazy Customers
40948,Stratus Networks,US,30,SECURE (Full Coverage),27.5,Q3: WASTED TECH,Secure Provider + Lazy Customers
25184,Afranet,IR,30,VULNERABLE (No Coverage),85.48387096774194,Q2: THE VICTIMS,Vulnerable Provider + Diligent Customers
138997,Eons Data Communications Limited,HK,29,PARTIAL (Mixed Feeds),79.12,Q2: THE VICTIMS,Vulnerable Provider + Diligent Customers
137367,PT iForte Solusi Infotek,ID,29,PARTIAL (Mixed Feeds),78.75555555555555,Q2: THE VICTIMS,Vulnerable Provider + Diligent Customers
263269,RAGTEK TECNOLOGIA,BR,29,SECURE (Full Coverage),39.0625,Q3: WASTED TECH,Secure Provider + Lazy Customers
396986,"Bytedance, Inc. (TikTok)",US,29,SECURE (Active Local ROV),0.0,Q3: WASTED TECH,Secure Provider + Lazy Customers
48648,K-Link LLC,UA,29,PARTIAL (Mixed Feeds),86.4241379310345,Q2: THE VICTIMS,Vulnerable Provider + Diligent Customers
51074,GOSTARESH-E-ERTEBATAT-E MABNA COMPANY (Private Joint Stock),IR,29,Unverified (Transit/Peer?),86.11111111111111,Q2: THE VICTIMS,Vulnerable Provider + Diligent Customers
237,Merit Network Inc.,US,29,SECURE (Full Coverage),44.99615384615385,Q3: WASTED TECH,Secure Provider + Lazy Customers
6677,Míla hf,IS,29,SECURE (Active Local ROV),57.532,Q3: WASTED TECH,Secure Provider + Lazy Customers
24186,RailTel Corporation of India Ltd,IN,29,PARTIAL (Mixed Feeds),89.01071428571429,Q2: THE VICTIMS,Vulnerable Provider + Diligent Customers
327693,Echotel Pty Ltd,ZA,29,SECURE (Active Local ROV),29.21333333333333,Q3: WASTED TECH,Secure Provider + Lazy Customers
3262,"SAREnet, S.A.",ES,29,SECURE (Full Coverage),58.064516129032256,Q3: WASTED TECH,Secure Provider + Lazy Customers
36352,HostPapa,US,29,SECURE (Active Local ROV),67.52058823529411,Q1: GOLD STANDARD,Secure Provider + Diligent Customers
15290,Zayo Bandwidth,US,29,SECURE (Full Coverage),22.293939393939397,Q3: WASTED TECH,Secure Provider + Lazy Customers
13110,INEA sp. z o.o.,PL,29,PARTIAL (Mixed Feeds),42.857142857142854,Q4: THE SWAMP,Vulnerable Provider + Lazy Customers
31549,Aria Shatel PJSC,IR,29,Unverified (Transit/Peer?),81.8896551724138,Q2: THE VICTIMS,Vulnerable Provider + Diligent Customers
20552,Horyzont Technologie Internetowe sp.z.o.o.,PL,29,SECURE (Full Coverage),47.26428571428572,Q3: WASTED TECH,Secure Provider + Lazy Customers
16010,Magticom Ltd.,GE,29,PARTIAL (Mixed Feeds),65.478125,Q2: THE VICTIMS,Vulnerable Provider + Diligent Customers
13999,"Mega Cable, S.A. de C.V.",MX,29,PARTIAL (Mixed Feeds),33.03214285714286,Q4: THE SWAMP,Vulnerable Provider + Lazy Customers
15704,XTRA TELECOM S.A.,ES,29,SECURE (Active Local ROV),68.56875,Q1: GOLD STANDARD,Secure Provider + Diligent Customers
16097,HL komm Telekommunikations GmbH,DE,29,PARTIAL (Mixed Feeds),52.156666666666666,Q4: THE SWAMP,Vulnerable Provider + Lazy Customers
146788,"China Broadcasting Network Co., Ltd",CN,29,VULNERABLE (No Coverage),0.0,Q4: THE SWAMP,Vulnerable Provider + Lazy Customers
14593,SpaceX Starlink,US,29,SECURE (Active Local ROV),59.48,Q3: WASTED TECH,Secure Provider + Lazy Customers
136255,Mytel Myanmar,MM,29,PARTIAL (Mixed Feeds),80.80571428571427,Q2: THE VICTIMS,Vulnerable Provider + Diligent Customers
58678,Intech Online Private Limited,IN,29,PARTIAL (Mixed Feeds),94.1625,Q2: THE VICTIMS,Vulnerable Provider + Diligent Customers
134823,"Sky Digital Co., Ltd.",TW,29,PARTIAL (Mixed Feeds),84.47435897435898,Q2: THE VICTIMS,Vulnerable Provider + Diligent Customers
266525,Eurocorp Vialux Internet Eireli,BR,29,PARTIAL (Mixed Feeds),34.29666666666667,Q4: THE SWAMP,Vulnerable Provider + Lazy Customers
20207,Gigared S.A.,AR,29,SECURE (Active Local ROV),72.71666666666667,Q1: GOLD STANDARD,Secure Provider + Diligent Customers
398465,Rackdog LLC,US,28,PARTIAL (Mixed Feeds),69.47826086956522,Q2: THE VICTIMS,Vulnerable Provider + Diligent Customers
265377,FLASH NET TELECOMUNICACOES LTDA - ME,BR,28,PARTIAL (Mixed Feeds),67.24137931034483,Q2: THE VICTIMS,Vulnerable Provider + Diligent Customers
25956,Logix,US,28,SECURE (Full Coverage),12.266666666666667,Q3: WASTED TECH,Secure Provider + Lazy Customers
45274,WorldLink International Transit Services,NP,28,PARTIAL (Mixed Feeds),98.068,Q2: THE VICTIMS,Vulnerable Provider + Diligent Customers
58299,Openfactory GmbH,CH,28,PARTIAL (Mixed Feeds),85.75,Q2: THE VICTIMS,Vulnerable Provider + Diligent Customers
4007,"Subisu Cablenet (Pvt) Ltd, Baluwatar, Kathmandu, Nepal",NP,28,VULNERABLE (No Coverage),96.84137931034483,Q2: THE VICTIMS,Vulnerable Provider + Diligent Customers
61745,NBS Telecom,BR,28,SECURE (Full Coverage),66.55172413793103,Q1: GOLD STANDARD,Secure Provider + Diligent Customers
327708,Airtel Rwanda Ltd,RW,28,PARTIAL (Mixed Feeds),33.36,Q4: THE SWAMP,Vulnerable Provider + Lazy Customers
63023,GTHost,US,28,SECURE (Active Local ROV),86.04074074074073,Q1: GOLD STANDARD,Secure Provider + Diligent Customers
13489,EPM Telecomunicaciones S.A. E.S.P.,CO,28,PARTIAL (Mixed Feeds),34.596296296296295,Q4: THE SWAMP,Vulnerable Provider + Lazy Customers
36994,Vodacom,ZA,28,PARTIAL (Mixed Feeds),34.99629629629629,Q4: THE SWAMP,Vulnerable Provider + Lazy Customers
53065,Opcao Telecom,BR,28,SECURE (Full Coverage),33.44193548387097,Q3: WASTED TECH,Secure Provider + Lazy Customers
21050,Fast Communication Company Ltd,KW,28,Unverified (Transit/Peer?),33.715384615384615,Q4: THE SWAMP,Vulnerable Provider + Lazy Customers
151690,FAB FIVE NETWORK PRIVATE LIMITED,IN,28,PARTIAL (Mixed Feeds),98.95,Q2: THE VICTIMS,Vulnerable Provider + Diligent Customers
14265,TPx Communications,US,28,SECURE (Full Coverage),3.7037037037037037,Q3: WASTED TECH,Secure Provider + Lazy Customers
30722,Vodafone Italia S.p.A.,IT,28,SECURE (Active Local ROV),27.037037037037038,Q3: WASTED TECH,Secure Provider + Lazy Customers
16905,LEARN,US,28,Unverified (Transit/Peer?),0.0,Q4: THE SWAMP,Vulnerable Provider + Lazy Customers
9063,VSE NET GmbH,DE,27,PARTIAL (Mixed Feeds),50.088888888888896,Q4: THE SWAMP,Vulnerable Provider + Lazy Customers
49127,Asimo Networks B.V.,NL,27,PARTIAL (Mixed Feeds),75.996875,Q2: THE VICTIMS,Vulnerable Provider + Diligent Customers
49434,FBW NETWORKS SAS,FR,27,PARTIAL (Mixed Feeds),85.37894736842105,Q2: THE VICTIMS,Vulnerable Provider + Diligent Customers
399855,"Keystone REN, LLC",US,27,Unverified (Transit/Peer?),66.66666666666667,Q2: THE VICTIMS,Vulnerable Provider + Diligent Customers
3342,Cibicom A/S,DK,27,SECURE (Full Coverage),64.77600000000001,Q1: GOLD STANDARD,Secure Provider + Diligent Customers
12337,noris network AG,DE,27,SECURE (Active Local ROV),46.91481481481482,Q3: WASTED TECH,Secure Provider + Lazy Customers
61138,Zappie Host LLC,US,27,PARTIAL (Mixed Feeds),51.917142857142856,Q4: THE SWAMP,Vulnerable Provider + Lazy Customers
12975,Palestine Telecommunications Company (PALTEL),PS,27,SECURE (Full Coverage),64.88928571428572,Q1: GOLD STANDARD,Secure Provider + Diligent Customers
214757,Jakub Krsa,CZ,27,PARTIAL (Mixed Feeds),22.727272727272727,Q4: THE SWAMP,Vulnerable Provider + Lazy Customers
26415,VeriSign Global Registry Services,US,27,PARTIAL (Mixed Feeds),0.0,Q4: THE SWAMP,Vulnerable Provider + Lazy Customers
9886,CTCSCI TECH LIMITED,HK,27,PARTIAL (Mixed Feeds),76.51785714285714,Q2: THE VICTIMS,Vulnerable Provider + Diligent Customers
52974,Henet Telecomunicacoes Ltda,BR,27,PARTIAL (Mixed Feeds),38.839285714285715,Q4: THE SWAMP,Vulnerable Provider + Lazy Customers
42313,ONE ALBANIA SH.A.,AL,27,SECURE (Full Coverage),79.62962962962963,Q1: GOLD STANDARD,Secure Provider + Diligent Customers
44735,Nova hf,IS,27,PARTIAL (Mixed Feeds),58.222580645161294,Q4: THE SWAMP,Vulnerable Provider + Lazy Customers
10242,US Internet Corp,US,27,PARTIAL (Mixed Feeds),39.53846153846154,Q4: THE SWAMP,Vulnerable Provider + Lazy Customers
264288,GNET PROVEDOR,BR,27,PARTIAL (Mixed Feeds),35.896153846153844,Q4: THE SWAMP,Vulnerable Provider + Lazy Customers
265061,GC NET,BR,27,SECURE (Full Coverage),49.51923076923077,Q3: WASTED TECH,Secure Provider + Lazy Customers
265144,MCD INFORMATICA E TELECOMUNICACOES LTDA - ME,BR,27,PARTIAL (Mixed Feeds),38.63181818181818,Q4: THE SWAMP,Vulnerable Provider + Lazy Customers
153068,Nusantara Global Exchange,ID,27,PARTIAL (Mixed Feeds),90.65333333333334,Q2: THE VICTIMS,Vulnerable Provider + Diligent Customers
60330,Belarusian Cloud Technologies LLC,BY,27,Unverified (Transit/Peer?),37.26451612903226,Q4: THE SWAMP,Vulnerable Provider + Lazy Customers
20771,Caucasus Online Ltd.,GE,27,SECURE (Full Coverage),66.27586206896552,Q1: GOLD STANDARD,Secure Provider + Diligent Customers
2381,WiscNet,US,27,SECURE (Full Coverage),33.58529411764706,Q3: WASTED TECH,Secure Provider + Lazy Customers
12831,"Technical University of Gdansk, Academic Computer Center TASK",PL,27,Unverified (Transit/Peer?),30.668000000000003,Q4: THE SWAMP,Vulnerable Provider + Lazy Customers
34718,"""IST TELEKOM"" JV LLC",UZ,27,Unverified (Transit/Peer?),48.170370370370364,Q4: THE SWAMP,Vulnerable Provider + Lazy Customers
668,DoD High Performance Computing (Defense Research and Engineering Network),US,27,SECURE (Full Coverage),0.0,Q3: WASTED TECH,Secure Provider + Lazy Customers
7311,Frontier Networks Inc,CA,27,PARTIAL (Mixed Feeds),37.068000000000005,Q4: THE SWAMP,Vulnerable Provider + Lazy Customers
34772,NEOTEL AD Skopje,MK,27,PARTIAL (Mixed Feeds),29.54137931034483,Q4: THE SWAMP,Vulnerable Provider + Lazy Customers
680,Deutsches Forschungsnetz (DFN),DE,27,SECURE (Active Local ROV),63.94827586206897,Q1: GOLD STANDARD,Secure Provider + Diligent Customers
3462,HiNet (Chunghwa Telecom),TW,27,SECURE (Active Local ROV),70.72666666666667,Q1: GOLD STANDARD,Secure Provider + Diligent Customers
139883,SPTEL PTE. LTD.,SG,27,Unverified (Transit/Peer?),16.438709677419357,Q4: THE SWAMP,Vulnerable Provider + Lazy Customers
855,Bell Canada,CA,27,SECURE (Full Coverage),48.380645161290325,Q3: WASTED TECH,Secure Provider + Lazy Customers
25454,Orange Moldova S.A.,MD,27,PARTIAL (Mixed Feeds),79.86333333333333,Q2: THE VICTIMS,Vulnerable Provider + Diligent Customers
4538,China Education and Research Network Center,CN,26,PARTIAL (Mixed Feeds),18.75,Q4: THE SWAMP,Vulnerable Provider + Lazy Customers
50309,Arcadiz Telecom NV,BE,26,PARTIAL (Mixed Feeds),53.24782608695652,Q4: THE SWAMP,Vulnerable Provider + Lazy Customers
62240,Clouvider Limited,GB,26,PARTIAL (Mixed Feeds),76.4875,Q2: THE VICTIMS,Vulnerable Provider + Diligent Customers
140570,Hong Kong Beecloud System Technology Services Limited,HK,26,PARTIAL (Mixed Feeds),58.72758620689655,Q4: THE SWAMP,Vulnerable Provider + Lazy Customers
15958,CETIN Ltd. Belgrade,RS,26,PARTIAL (Mixed Feeds),57.0375,Q4: THE SWAMP,Vulnerable Provider + Lazy Customers
10143,Exetel Pty Ltd,AU,26,Unverified (Transit/Peer?),59.403571428571425,Q4: THE SWAMP,Vulnerable Provider + Lazy Customers
45049,Mohamed El Bouddunti,BE,26,PARTIAL (Mixed Feeds),0.0,Q4: THE SWAMP,Vulnerable Provider + Lazy Customers
28258,VERO S.A,BR,26,PARTIAL (Mixed Feeds),87.56428571428572,Q2: THE VICTIMS,Vulnerable Provider + Diligent Customers
23314,Summit Broadband,US,26,SECURE (Full Coverage),9.357692307692307,Q3: WASTED TECH,Secure Provider + Lazy Customers
61678,NETWAY INFORMATICA LTDA,BR,26,SECURE (Full Coverage),41.63333333333333,Q3: WASTED TECH,Secure Provider + Lazy Customers
9230,Bangladesh Online Ltd.,BD,26,VULNERABLE (No Coverage),97.33200000000001,Q2: THE VICTIMS,Vulnerable Provider + Diligent Customers
8758,Iway AG,CH,26,PARTIAL (Mixed Feeds),91.32083333333333,Q2: THE VICTIMS,Vulnerable Provider + Diligent Customers
10430,Washington State K-20 Telecommunications Network,US,26,Unverified (Transit/Peer?),59.61538461538461,Q4: THE SWAMP,Vulnerable Provider + Lazy Customers
23956,AmberIT Limited,BD,26,VULNERABLE (No Coverage),96.24444444444444,Q2: THE VICTIMS,Vulnerable Provider + Diligent Customers
61231,Neos Networks (SSE PLC),GB,26,PARTIAL (Mixed Feeds),59.01111111111111,Q4: THE SWAMP,Vulnerable Provider + Lazy Customers
21826,Corporación Telemic C.A. (Inter),VE,26,PARTIAL (Mixed Feeds),69.07857142857144,Q2: THE VICTIMS,Vulnerable Provider + Diligent Customers
35432,Cablenet Communication Systems plc,CY,26,SECURE (Active Local ROV),59.111999999999995,Q3: WASTED TECH,Secure Provider + Lazy Customers
136168,Campana MYTHIC Co. Ltd.,MM,26,PARTIAL (Mixed Feeds),85.0625,Q2: THE VICTIMS,Vulnerable Provider + Diligent Customers
393577,Tritan Development,US,26,SECURE (Active Local ROV),40.812820512820515,Q3: WASTED TECH,Secure Provider + Lazy Customers
20119,Arrow Group Inc.,CA,25,PARTIAL (Mixed Feeds),39.94230769230769,Q4: THE SWAMP,Vulnerable Provider + Lazy Customers
14080,Telmex Colombia S.A.,CO,25,SECURE (Full Coverage),62.42962962962962,Q1: GOLD STANDARD,Secure Provider + Diligent Customers
3329,Vodafone Greece,GR,25,SECURE (Full Coverage),52.01379310344828,Q3: WASTED TECH,Secure Provider + Lazy Customers
52587,iFibra Telecom,BR,25,SECURE (Active Local ROV),30.892,Q3: WASTED TECH,Secure Provider + Lazy Customers
62206,Pitline Ltd,UA,25,PARTIAL (Mixed Feeds),84.79166666666667,Q2: THE VICTIMS,Vulnerable Provider + Diligent Customers
2852,CESNET z.s.p.o.,CZ,25,SECURE (Active Local ROV),69.68823529411765,Q1: GOLD STANDARD,Secure Provider + Diligent Customers
20141,"Quality Technology Services, LLC",US,25,SECURE (Full Coverage),8.455555555555556,Q3: WASTED TECH,Secure Provider + Lazy Customers
14041,University Corporation for Atmospheric Research,US,25,PARTIAL (Mixed Feeds),74.29130434782608,Q2: THE VICTIMS,Vulnerable Provider + Diligent Customers
18106,Viewqwest Pte Ltd,SG,25,SECURE (Active Local ROV),48.22380952380953,Q3: WASTED TECH,Secure Provider + Lazy Customers
24173,Netnam Company,VN,25,PARTIAL (Mixed Feeds),56.083333333333336,Q4: THE SWAMP,Vulnerable Provider + Lazy Customers
24637,WEBDISCOUNT GmbH & Co. KG,DE,25,PARTIAL (Mixed Feeds),9.317391304347826,Q4: THE SWAMP,Vulnerable Provider + Lazy Customers
12615,Global Communication Net Plc,BG,25,PARTIAL (Mixed Feeds),84.7925925925926,Q2: THE VICTIMS,Vulnerable Provider + Diligent Customers
55329,Telcotech Ltd.,KH,25,PARTIAL (Mixed Feeds),91.39047619047619,Q2: THE VICTIMS,Vulnerable Provider + Diligent Customers
55140,"Sho Me Technologies, LLC",US,25,PARTIAL (Mixed Feeds),23.416,Q4: THE SWAMP,Vulnerable Provider + Lazy Customers
21299,Kar-Tel LLC,KZ,25,Unverified (Transit/Peer?),38.276923076923076,Q4: THE SWAMP,Vulnerable Provider + Lazy Customers
29467,LUXNETWORK S.A.,LU,25,PARTIAL (Mixed Feeds),87.736,Q2: THE VICTIMS,Vulnerable Provider + Diligent Customers
7720,Skywolf Technology LLC,US,25,SECURE (Full Coverage),22.880851063829788,Q3: WASTED TECH,Secure Provider + Lazy Customers
10835,Visionary Communications LLC,US,25,PARTIAL (Mixed Feeds),41.94347826086957,Q4: THE SWAMP,Vulnerable Provider + Lazy Customers
61512,GIG@NET SOCIEDAD ANONIMA,PY,25,PARTIAL (Mixed Feeds),78.02,Q2: THE VICTIMS,Vulnerable Provider + Diligent Customers
9038,Batelco Jordan,JO,25,PARTIAL (Mixed Feeds),44.224,Q4: THE SWAMP,Vulnerable Provider + Lazy Customers
23961,"Misaka Network, Inc.",US,25,SECURE (Full Coverage),69.3,Q1: GOLD STANDARD,Secure Provider + Diligent Customers
264144,ASAP GLOBAL TELECOM,BR,25,SECURE (Full Coverage),37.69230769230769,Q3: WASTED TECH,Secure Provider + Lazy Customers
203214,Hulum Almustakbal Company,IQ,25,SECURE (Full Coverage),84.92222222222223,Q1: GOLD STANDARD,Secure Provider + Diligent Customers
26744,"Planters Communications, LLC",US,25,PARTIAL (Mixed Feeds),26.347368421052632,Q4: THE SWAMP,Vulnerable Provider + Lazy Customers
8501,"Institute of Bioorganic Chemistry Polish Academy of Science, Poznan Supercomputing and Networking Center",PL,25,SECURE (Full Coverage),60.97391304347826,Q1: GOLD STANDARD,Secure Provider + Diligent Customers
36149,"Hawaiian Telcom Services Company, Inc.",US,25,SECURE (Full Coverage),17.157142857142855,Q3: WASTED TECH,Secure Provider + Lazy Customers
135391,"Aofei Data International Co., Ltd.",HK,25,PARTIAL (Mixed Feeds),74.60499999999999,Q2: THE VICTIMS,Vulnerable Provider + Diligent Customers
262773,Proxxima Telecomunicações,BR,25,PARTIAL (Mixed Feeds),44.974074074074075,Q4: THE SWAMP,Vulnerable Provider + Lazy Customers
35133,Eranium B.V.,NL,25,PARTIAL (Mixed Feeds),92.01142857142857,Q2: THE VICTIMS,Vulnerable Provider + Diligent Customers
268925,TELLCORP - TELECOMUNICACOES CORPORATIVAS LTDA,BR,25,SECURE (Full Coverage),50.668,Q3: WASTED TECH,Secure Provider + Lazy Customers
5580,GTT Communications (APAC),NL,24,PARTIAL (Mixed Feeds),44.050000000000004,Q4: THE SWAMP,Vulnerable Provider + Lazy Customers
8517,National Academic Network and Information Center,TR,24,Unverified (Transit/Peer?),84.0909090909091,Q2: THE VICTIMS,Vulnerable Provider + Diligent Customers
803,Saskatchewan Telecommunications,CA,24,SECURE (Active Local ROV),51.996,Q3: WASTED TECH,Secure Provider + Lazy Customers
25472,Nova Telecommunications & Media Single Member S.A,GR,24,PARTIAL (Mixed Feeds),45.68181818181818,Q4: THE SWAMP,Vulnerable Provider + Lazy Customers
25400,Telia Norge AS,NO,24,SECURE (Active Local ROV),69.43125,Q1: GOLD STANDARD,Secure Provider + Diligent Customers
263998,SIM FIBRA,BR,24,PARTIAL (Mixed Feeds),31.820833333333336,Q4: THE SWAMP,Vulnerable Provider + Lazy Customers
6846,"Joint Ukrainan-German Enterprise ""INFOCOM"" LLC",UA,24,PARTIAL (Mixed Feeds),69.56521739130434,Q2: THE VICTIMS,Vulnerable Provider + Diligent Customers
17806,Mango Teleservices,BD,24,PARTIAL (Mixed Feeds),94.28571428571429,Q2: THE VICTIMS,Vulnerable Provider + Diligent Customers
14537,Continent 8 LLC,US,24,SECURE (Active Local ROV),56.449999999999996,Q3: WASTED TECH,Secure Provider + Lazy Customers
58463,PT PGAS Telekomunikasi Nusantara,ID,24,PARTIAL (Mixed Feeds),87.34137931034483,Q2: THE VICTIMS,Vulnerable Provider + Diligent Customers
48347,JSC Mediasoft ekspert,RU,24,PARTIAL (Mixed Feeds),50.85,Q4: THE SWAMP,Vulnerable Provider + Lazy Customers
51088,A2B IP B.V.,NL,24,SECURE (Active Local ROV),90.84516129032258,Q1: GOLD STANDARD,Secure Provider + Diligent Customers
4618,Internet Thailand Company Limited,TH,24,SECURE (Full Coverage),59.14166666666667,Q3: WASTED TECH,Secure Provider + Lazy Customers
28910,"""Uzbektelekom"" Joint Stock Company",UZ,24,PARTIAL (Mixed Feeds),70.24583333333334,Q2: THE VICTIMS,Vulnerable Provider + Diligent Customers
208905,Exelera Telecom Ltd,IL,24,SECURE (Full Coverage),65.30689655172414,Q1: GOLD STANDARD,Secure Provider + Diligent Customers
8985,"Join-stock company ""Internet Exchange""MSK-IX""",RU,24,PARTIAL (Mixed Feeds),50.329629629629636,Q4: THE SWAMP,Vulnerable Provider + Lazy Customers
12189,PhoenixNAP LLC,US,24,PARTIAL (Mixed Feeds),87.936,Q2: THE VICTIMS,Vulnerable Provider + Diligent Customers
27693,NipBr - NipCable do Brasil Telecom LTDA,BR,24,PARTIAL (Mixed Feeds),44.30714285714286,Q4: THE SWAMP,Vulnerable Provider + Lazy Customers
36873,Airtel Networks Limited,NG,24,PARTIAL (Mixed Feeds),39.68,Q4: THE SWAMP,Vulnerable Provider + Lazy Customers
47692,Nessus GmbH,AT,24,SECURE (Active Local ROV),77.82307692307693,Q1: GOLD STANDARD,Secure Provider + Diligent Customers
198477,TI SPARKLE GREECE SA,GR,24,SECURE (Full Coverage),58.91304347826087,Q3: WASTED TECH,Secure Provider + Lazy Customers
51465,M3.NET Sp. z o.o. / Fixmap Group,PL,24,PARTIAL (Mixed Feeds),50.95238095238095,Q4: THE SWAMP,Vulnerable Provider + Lazy Customers
11556,Cable & Wireless Panama,PA,24,VULNERABLE (No Coverage),68.4391304347826,Q2: THE VICTIMS,Vulnerable Provider + Diligent Customers
22925,"Allied Telecom Group, LLC",US,24,SECURE (Full Coverage),25.331999999999997,Q3: WASTED TECH,Secure Provider + Lazy Customers
38758,PT Hipernet Indodata,ID,24,PARTIAL (Mixed Feeds),88.46153846153847,Q2: THE VICTIMS,Vulnerable Provider + Diligent Customers
786,Jisc Services Limited,GB,24,SECURE (Active Local ROV),24.18846153846154,Q3: WASTED TECH,Secure Provider + Lazy Customers
13004,Serbian Open Exchange DOO,RS,24,PARTIAL (Mixed Feeds),80.47368421052632,Q2: THE VICTIMS,Vulnerable Provider + Diligent Customers
268689,ELEVEL TECNOLOGIA LTDA,BR,24,SECURE (Full Coverage),37.93333333333334,Q3: WASTED TECH,Secure Provider + Lazy Customers
2603,NORDUnet,DK,24,PARTIAL (Mixed Feeds),59.17142857142857,Q4: THE SWAMP,Vulnerable Provider + Lazy Customers
12387,TON Total optical Networks AG,CH,24,PARTIAL (Mixed Feeds),74.0,Q2: THE VICTIMS,Vulnerable Provider + Diligent Customers
56595,Fluency Communications Ltd,GB,24,PARTIAL (Mixed Feeds),63.62916666666666,Q2: THE VICTIMS,Vulnerable Provider + Diligent Customers
265442,VISUAL LINK COMUNICACOES MULTIMIDIA LTDA - ME,BR,23,SECURE (Full Coverage),50.0,Q3: WASTED TECH,Secure Provider + Lazy Customers
45250,Vocom International Telecommunications AP Area,TW,23,PARTIAL (Mixed Feeds),46.13181818181818,Q4: THE SWAMP,Vulnerable Provider + Lazy Customers
2586,Elisa Eesti AS,EE,23,SECURE (Full Coverage),67.91538461538461,Q1: GOLD STANDARD,Secure Provider + Diligent Customers
7381,"BroadbandONE, LLC",US,23,PARTIAL (Mixed Feeds),6.675,Q4: THE SWAMP,Vulnerable Provider + Lazy Customers
401753,BIXCE Inc,VG,23,VULNERABLE (No Coverage),0.0,Q4: THE SWAMP,Vulnerable Provider + Lazy Customers
27065,United States Department of Defense (DoD),US,23,Unverified (Transit/Peer?),0.0,Q4: THE SWAMP,Vulnerable Provider + Lazy Customers
41998,NetCom BW GmbH,DE,23,SECURE (Active Local ROV),53.62173913043478,Q3: WASTED TECH,Secure Provider + Lazy Customers
9125,Orion telekom d.o.o.,RS,23,PARTIAL (Mixed Feeds),62.4,Q2: THE VICTIMS,Vulnerable Provider + Diligent Customers
9129,MTN Business Kenya,ZA,23,VULNERABLE (No Coverage),61.48571428571429,Q2: THE VICTIMS,Vulnerable Provider + Diligent Customers
205132,Vivacom Bulgaria EAD,BG,23,PARTIAL (Mixed Feeds),95.65217391304348,Q2: THE VICTIMS,Vulnerable Provider + Diligent Customers
141898,PT Milenial Inti Telekomunikasi,ID,23,VULNERABLE (No Coverage),69.56521739130434,Q2: THE VICTIMS,Vulnerable Provider + Diligent Customers
983,Akari Networks LLC,US,23,PARTIAL (Mixed Feeds),75.28571428571429,Q2: THE VICTIMS,Vulnerable Provider + Diligent Customers
37084,Simbanet (T) Limited,TZ,23,Unverified (Transit/Peer?),21.446428571428573,Q4: THE SWAMP,Vulnerable Provider + Lazy Customers
14051,Fidium,US,23,SECURE (Full Coverage),35.66538461538461,Q3: WASTED TECH,Secure Provider + Lazy Customers
263047,Linkfull melhor fornecedor dos provedores,BR,23,SECURE (Full Coverage),63.56,Q1: GOLD STANDARD,Secure Provider + Diligent Customers
6736,Institute for Research in Fundamental Sciences,IR,23,Unverified (Transit/Peer?),75.89999999999999,Q2: THE VICTIMS,Vulnerable Provider + Diligent Customers
327992,Ghanaian Academic and Research Network,GH,23,Unverified (Transit/Peer?),4.3478260869565215,Q4: THE SWAMP,Vulnerable Provider + Lazy Customers
29518,Bredband2 AB,SE,23,SECURE (Active Local ROV),64.49565217391304,Q1: GOLD STANDARD,Secure Provider + Diligent Customers
21473,PFALZKOM GmbH,DE,23,PARTIAL (Mixed Feeds),51.206896551724135,Q4: THE SWAMP,Vulnerable Provider + Lazy Customers
8048,"CANTV Servicios, Venezuela",VE,23,PARTIAL (Mixed Feeds),77.16666666666667,Q2: THE VICTIMS,Vulnerable Provider + Diligent Customers
23838,Solarix Networks Limited,NZ,23,PARTIAL (Mixed Feeds),45.645833333333336,Q4: THE SWAMP,Vulnerable Provider + Lazy Customers
396926,C Spire Fiber,US,22,VULNERABLE (No Coverage),14.285714285714286,Q4: THE SWAMP,Vulnerable Provider + Lazy Customers
26827,EPB Fiber Optics,US,22,SECURE (Full Coverage),18.181818181818183,Q3: WASTED TECH,Secure Provider + Lazy Customers
24514,Malaysian Research & Education Network,MY,22,PARTIAL (Mixed Feeds),48.275,Q4: THE SWAMP,Vulnerable Provider + Lazy Customers
264170,Winet Brasil,BR,22,PARTIAL (Mixed Feeds),41.666666666666664,Q4: THE SWAMP,Vulnerable Provider + Lazy Customers
25248,RADIOKOMUNIKACE a.s.,CZ,22,SECURE (Active Local ROV),42.114814814814814,Q3: WASTED TECH,Secure Provider + Lazy Customers
270158,Wantelco SAS de CV,MX,22,SECURE (Active Local ROV),77.76875,Q1: GOLD STANDARD,Secure Provider + Diligent Customers
47626,"Timer, LLC",RU,22,PARTIAL (Mixed Feeds),31.271428571428572,Q4: THE SWAMP,Vulnerable Provider + Lazy Customers
393444,Accelecom,US,22,SECURE (Full Coverage),62.523809523809526,Q1: GOLD STANDARD,Secure Provider + Diligent Customers
57681,PJSC Moscow city telephone network,RU,22,VULNERABLE (No Coverage),6.5,Q4: THE SWAMP,Vulnerable Provider + Lazy Customers
25549,JSC Avantel,RU,22,PARTIAL (Mixed Feeds),21.979166666666668,Q4: THE SWAMP,Vulnerable Provider + Lazy Customers
264996,SERVLINK TELECOM LTDA - ME,BR,22,PARTIAL (Mixed Feeds),54.86,Q4: THE SWAMP,Vulnerable Provider + Lazy Customers
48422,IT-STARCOM LLC,UA,22,PARTIAL (Mixed Feeds),70.83333333333333,Q2: THE VICTIMS,Vulnerable Provider + Diligent Customers
7992,Cogeco Connexion Inc.,CA,22,SECURE (Active Local ROV),31.94347826086957,Q3: WASTED TECH,Secure Provider + Lazy Customers
21738,Rozint,US,22,SECURE (Active Local ROV),55.0,Q3: WASTED TECH,Secure Provider + Lazy Customers
21277,Allay Nawroz Telecom Company for Communication/Ltd.,IQ,22,PARTIAL (Mixed Feeds),82.58500000000001,Q2: THE VICTIMS,Vulnerable Provider + Diligent Customers
20860,IOMART CLOUD SERVICES LIMITED,GB,22,PARTIAL (Mixed Feeds),50.148,Q4: THE SWAMP,Vulnerable Provider + Lazy Customers
266520,VOOB TELECOM,BR,22,SECURE (Full Coverage),28.24516129032258,Q3: WASTED TECH,Secure Provider + Lazy Customers
16347,ADISTA SAS,FR,22,PARTIAL (Mixed Feeds),59.75652173913044,Q4: THE SWAMP,Vulnerable Provider + Lazy Customers
15525,MEO - SERVICOS DE COMUNICACOES E MULTIMEDIA S.A.,PT,22,Unverified (Transit/Peer?),34.160869565217396,Q4: THE SWAMP,Vulnerable Provider + Lazy Customers
15169,Google LLC,US,22,SECURE (Active Local ROV),98.385,Q1: GOLD STANDARD,Secure Provider + Diligent Customers
766,Entidad Publica Empresarial Red.es,ES,22,SECURE (Full Coverage),31.566666666666666,Q3: WASTED TECH,Secure Provider + Lazy Customers
55808,Triple T Broadband Public Company Limited,TH,22,Unverified (Transit/Peer?),66.0,Q2: THE VICTIMS,Vulnerable Provider + Diligent Customers
53828,"NETWORK INNOVATIONS, LLC",US,22,PARTIAL (Mixed Feeds),30.0,Q4: THE SWAMP,Vulnerable Provider + Lazy Customers
51765,Oy Crea Nova Hosting Solution Ltd,FI,22,SECURE (Full Coverage),84.1148148148148,Q1: GOLD STANDARD,Secure Provider + Diligent Customers
29405,VNET a.s.,SK,22,SECURE (Active Local ROV),50.07083333333333,Q3: WASTED TECH,Secure Provider + Lazy Customers
197071,active 1 GmbH,DE,22,SECURE (Active Local ROV),79.58333333333333,Q1: GOLD STANDARD,Secure Provider + Diligent Customers
39153,LLC SETEL,RU,22,PARTIAL (Mixed Feeds),11.842105263157896,Q4: THE SWAMP,Vulnerable Provider + Lazy Customers
38082,"True International Gateway Co., Ltd.",TH,22,PARTIAL (Mixed Feeds),77.11818181818181,Q2: THE VICTIMS,Vulnerable Provider + Diligent Customers
33915,Vodafone Libertel B.V.,NL,21,SECURE (Full Coverage),81.52173913043478,Q1: GOLD STANDARD,Secure Provider + Diligent Customers
4270,Red de Interconexion Universitaria,AR,21,SECURE (Full Coverage),88.83,Q1: GOLD STANDARD,Secure Provider + Diligent Customers
6848,Telenet BV,BE,21,SECURE (Active Local ROV),21.545833333333334,Q3: WASTED TECH,Secure Provider + Lazy Customers
376,Reseau d'Informations Scientifiques du Quebec (RISQ Inc.),CA,21,PARTIAL (Mixed Feeds),77.73157894736842,Q2: THE VICTIMS,Vulnerable Provider + Diligent Customers
1887,NAUKOWA I AKADEMICKA SIEC KOMPUTEROWA - PANSTWOWY INSTYTUT BADAWCZY,PL,21,Unverified (Transit/Peer?),50.0,Q4: THE SWAMP,Vulnerable Provider + Lazy Customers
45204,GEMNET LLC,MN,21,SECURE (Active Local ROV),97.7304347826087,Q1: GOLD STANDARD,Secure Provider + Diligent Customers
6922,Texas Department of Information Resources,US,21,SECURE (Full Coverage),18.527272727272727,Q3: WASTED TECH,Secure Provider + Lazy Customers
58629,Global Fair Communications Ltd.,BD,21,PARTIAL (Mixed Feeds),95.95652173913044,Q2: THE VICTIMS,Vulnerable Provider + Diligent Customers
33185,Hive Data Center Inc.,CA,21,SECURE (Active Local ROV),74.6304347826087,Q1: GOLD STANDARD,Secure Provider + Diligent Customers
32440,Louisiana Board of Regents/Louisiana Optical Network Initiative (LONI),US,21,PARTIAL (Mixed Feeds),22.95714285714286,Q4: THE SWAMP,Vulnerable Provider + Lazy Customers
39180,LASOTEL SAS,FR,21,PARTIAL (Mixed Feeds),81.1608695652174,Q2: THE VICTIMS,Vulnerable Provider + Diligent Customers
13150,CATO NETWORKS LTD,IL,21,SECURE (Active Local ROV),0.0,Q3: WASTED TECH,Secure Provider + Lazy Customers
29909,Metro Optic,CA,21,PARTIAL (Mixed Feeds),30.213043478260868,Q4: THE SWAMP,Vulnerable Provider + Lazy Customers
56040,China Mobile Group GuangDong Company,CN,21,Unverified (Transit/Peer?),13.299999999999999,Q4: THE SWAMP,Vulnerable Provider + Lazy Customers
59105,Home NOC Operators Group,JP,21,SECURE (Active Local ROV),84.17200000000001,Q1: GOLD STANDARD,Secure Provider + Diligent Customers
15695,Expereo International BV,NL,21,PARTIAL (Mixed Feeds),27.8875,Q4: THE SWAMP,Vulnerable Provider + Lazy Customers
38203,ADN Telecom Ltd.,BD,21,VULNERABLE (No Coverage),97.10000000000001,Q2: THE VICTIMS,Vulnerable Provider + Diligent Customers
54825,Equinix Metal (Packet.net),US,21,SECURE (Active Local ROV),63.35,Q1: GOLD STANDARD,Secure Provider + Diligent Customers
8047,"GENERAL COMMUNICATION, INC.",US,21,PARTIAL (Mixed Feeds),14.08095238095238,Q4: THE SWAMP,Vulnerable Provider + Lazy Customers
8001,"Cologix, Inc",US,21,PARTIAL (Mixed Feeds),27.71,Q4: THE SWAMP,Vulnerable Provider + Lazy Customers
23201,TIGO Paraguay,PY,21,Unverified (Transit/Peer?),42.84347826086957,Q4: THE SWAMP,Vulnerable Provider + Lazy Customers
12200,Rackspace Hosting,US,21,PARTIAL (Mixed Feeds),8.844444444444443,Q4: THE SWAMP,Vulnerable Provider + Lazy Customers
39801,France-IX L3 Services,FR,21,PARTIAL (Mixed Feeds),80.83749999999999,Q2: THE VICTIMS,Vulnerable Provider + Diligent Customers
40581,Arkansas Research and Education Optical Network,US,21,PARTIAL (Mixed Feeds),69.16499999999999,Q2: THE VICTIMS,Vulnerable Provider + Diligent Customers
7122,Bell Canada,CA,21,SECURE (Full Coverage),39.25,Q3: WASTED TECH,Secure Provider + Lazy Customers
7693,KSC Commercial Internet Co. Ltd.,TH,21,SECURE (Full Coverage),76.73333333333333,Q1: GOLD STANDARD,Secure Provider + Diligent Customers
9723,iseek Communications Pty Ltd,AU,21,PARTIAL (Mixed Feeds),80.0,Q2: THE VICTIMS,Vulnerable Provider + Diligent Customers
27717,Corporacion Digitel C.A.,VE,21,VULNERABLE (No Coverage),71.58749999999999,Q2: THE VICTIMS,Vulnerable Provider + Diligent Customers
26794,Dakota Carrier Network,US,21,PARTIAL (Mixed Feeds),42.84090909090909,Q4: THE SWAMP,Vulnerable Provider + Lazy Customers
2153,CENIC,US,21,SECURE (Full Coverage),0.0,Q3: WASTED TECH,Secure Provider + Lazy Customers
62000,SERVERD SAS,FR,21,PARTIAL (Mixed Feeds),87.37727272727273,Q2: THE VICTIMS,Vulnerable Provider + Diligent Customers
42927,S-NET Sp. z o.o.,PL,21,PARTIAL (Mixed Feeds),57.2,Q4: THE SWAMP,Vulnerable Provider + Lazy Customers
396356,Latitude.sh,US,21,PARTIAL (Mixed Feeds),83.876,Q2: THE VICTIMS,Vulnerable Provider + Diligent Customers
5518,SIA Tet,LV,21,SECURE (Full Coverage),73.6842105263158,Q1: GOLD STANDARD,Secure Provider + Diligent Customers
210756,EdgeCenter LLC,RU,20,PARTIAL (Mixed Feeds),59.228,Q4: THE SWAMP,Vulnerable Provider + Lazy Customers
42861,Foton Telecom CJSC,RU,20,PARTIAL (Mixed Feeds),61.58888888888888,Q2: THE VICTIMS,Vulnerable Provider + Diligent Customers
263482,Megalink Servicos Ltda,BR,20,PARTIAL (Mixed Feeds),64.71904761904761,Q2: THE VICTIMS,Vulnerable Provider + Diligent Customers
16629,CTC. CORP S.A. (TELEFONICA EMPRESAS),CL,20,VULNERABLE (No Coverage),47.199999999999996,Q4: THE SWAMP,Vulnerable Provider + Lazy Customers
22742,Connecticut Education Network,US,20,SECURE (Active Local ROV),21.05263157894737,Q3: WASTED TECH,Secure Provider + Lazy Customers
24631,Tose'h Fanavari Ertebabat Pasargad Arian Co. PJS,IR,20,VULNERABLE (No Coverage),91.79130434782608,Q2: THE VICTIMS,Vulnerable Provider + Diligent Customers
8309,SIPARTECH SAS,FR,20,PARTIAL (Mixed Feeds),64.28571428571429,Q2: THE VICTIMS,Vulnerable Provider + Diligent Customers
39642,Norlys Digital A/S,DK,20,SECURE (Active Local ROV),50.0,Q3: WASTED TECH,Secure Provider + Lazy Customers
264556,GARCIA NET TELECOM,BR,20,SECURE (Full Coverage),39.130434782608695,Q3: WASTED TECH,Secure Provider + Lazy Customers
273478,Sage Networks,BR,20,PARTIAL (Mixed Feeds),67.85714285714286,Q2: THE VICTIMS,Vulnerable Provider + Diligent Customers
56911,Warian S.R.L.,IT,20,SECURE (Active Local ROV),78.04545454545455,Q1: GOLD STANDARD,Secure Provider + Diligent Customers
15108,Allo Communications LLC,US,20,PARTIAL (Mixed Feeds),15.340909090909092,Q4: THE SWAMP,Vulnerable Provider + Lazy Customers
142271,EWS DS Networks Inc,PH,20,PARTIAL (Mixed Feeds),100.0,Q2: THE VICTIMS,Vulnerable Provider + Diligent Customers
56264,Tomato Web (Pvt) Limited,BD,20,VULNERABLE (No Coverage),91.9625,Q2: THE VICTIMS,Vulnerable Provider + Diligent Customers
147168,PT NTT Indonesia,ID,20,PARTIAL (Mixed Feeds),94.82142857142857,Q2: THE VICTIMS,Vulnerable Provider + Diligent Customers
37148,Globacom Limited,NG,20,SECURE (Full Coverage),28.99642857142857,Q3: WASTED TECH,Secure Provider + Lazy Customers
53587,"AZURE TECHNOLOGY CO., LIMITED",US,20,PARTIAL (Mixed Feeds),92.865,Q2: THE VICTIMS,Vulnerable Provider + Diligent Customers
11967,Hop179 LLC,US,20,SECURE (Active Local ROV),42.668,Q3: WASTED TECH,Secure Provider + Lazy Customers
10396,"DATACOM CARIBE, INC.",PR,20,SECURE (Full Coverage),13.195833333333333,Q3: WASTED TECH,Secure Provider + Lazy Customers
133385,Atom Myanmar Limited,MM,20,PARTIAL (Mixed Feeds),89.035,Q2: THE VICTIMS,Vulnerable Provider + Diligent Customers
268624,Gamers Club Ltda,BR,20,SECURE (Full Coverage),77.37777777777777,Q1: GOLD STANDARD,Secure Provider + Diligent Customers
47160,MOJI SAS,FR,20,SECURE (Active Local ROV),85.54285714285714,Q1: GOLD STANDARD,Secure Provider + Diligent Customers
47272,HYEHOST LLC,US,20,PARTIAL (Mixed Feeds),34.09090909090909,Q4: THE SWAMP,Vulnerable Provider + Lazy Customers
21021,Multimedia Polska Sp. z o.o.,PL,20,Unverified (Transit/Peer?),44.44444444444444,Q4: THE SWAMP,Vulnerable Provider + Lazy Customers
45735,PT Uninet Media Sakti,ID,20,PARTIAL (Mixed Feeds),82.575,Q2: THE VICTIMS,Vulnerable Provider + Diligent Customers
62403,PLETX LTD,GB,20,SECURE (Full Coverage),93.76086956521739,Q1: GOLD STANDARD,Secure Provider + Diligent Customers
64313,PT NAP Info Lintas Nusa,ID,20,SECURE (Full Coverage),92.416,Q1: GOLD STANDARD,Secure Provider + Diligent Customers
