{
  "asn": 15557,
  "timestamp_utc": "2025-12-12T23:42:42.328245",
  "score_valid": 100.0,
  "score_invalid": 93.87755102040816,
  "verdict": "VULNERABLE",
  "probes_used": 67,
  "skipped_low_probe_count": false
}