{
  "asn": 16276,
  "timestamp_utc": "2025-12-12T23:27:08.100122",
  "score_valid": 97.91666666666666,
  "score_invalid": 97.91666666666666,
  "verdict": "VULNERABLE",
  "probes_used": 67,
  "skipped_low_probe_count": false
}