{
  "asn": 1267,
  "timestamp_utc": "2025-12-12T23:41:51.636021",
  "score_valid": 100.0,
  "score_invalid": 93.33333333333333,
  "verdict": "VULNERABLE",
  "probes_used": 16,
  "skipped_low_probe_count": false
}