{
  "asn": 16019,
  "timestamp_utc": "2025-12-12T23:02:01.916380",
  "score_valid": 97.36842105263158,
  "score_invalid": 0.0,
  "verdict": "SECURE",
  "probes_used": 39,
  "skipped_low_probe_count": false
}