{
  "asn": 12389,
  "timestamp_utc": "2025-12-12T22:55:09.853699",
  "score_valid": 100.0,
  "score_invalid": 97.22222222222221,
  "verdict": "VULNERABLE",
  "probes_used": 39,
  "skipped_low_probe_count": false
}