{
  "asn": 20115,
  "timestamp_utc": "2025-12-12T23:11:54.081495",
  "score_valid": 100.0,
  "score_invalid": 81.48148148148148,
  "verdict": "MIXED",
  "probes_used": 28,
  "skipped_low_probe_count": false
}