{
  "asn": 2856,
  "timestamp_utc": "2025-12-10T22:48:48.469775",
  "score_valid": 97.87234042553192,
  "score_invalid": 31.914893617021278,
  "verdict": "MIXED",
  "probes_used": 50
}