{
  "asn": 3462,
  "timestamp_utc": "2025-12-12T23:28:06.472880",
  "score_valid": 100.0,
  "score_invalid": 4.166666666666666,
  "verdict": "SECURE",
  "probes_used": 24,
  "skipped_low_probe_count": false
}