{
  "asn": 3209,
  "timestamp_utc": "2025-12-12T23:14:42.548413",
  "score_valid": 100.0,
  "score_invalid": 97.67441860465115,
  "verdict": "VULNERABLE",
  "probes_used": 215,
  "skipped_low_probe_count": false
}