{
  "asn": 3491,
  "timestamp_utc": "2025-12-12T22:50:44.596445",
  "score_valid": 100.0,
  "score_invalid": 66.66666666666666,
  "verdict": "MIXED",
  "probes_used": 21,
  "skipped_low_probe_count": false
}