{
  "asn": 55002,
  "timestamp_utc": "2025-12-10T22:47:15.188066",
  "score_valid": 100.0,
  "score_invalid": 16.666666666666664,
  "verdict": "MIXED",
  "probes_used": 6
}