{
  "asn": 7922,
  "timestamp_utc": "2025-12-12T22:56:57.807369",
  "score_valid": 97.72727272727273,
  "score_invalid": 0.0,
  "verdict": "SECURE",
  "probes_used": 249,
  "skipped_low_probe_count": false
}