{
  "asn": 9009,
  "timestamp_utc": "2025-12-12T23:25:13.287525",
  "score_valid": 100.0,
  "score_invalid": 94.73684210526315,
  "verdict": "VULNERABLE",
  "probes_used": 20,
  "skipped_low_probe_count": false
}